code,start_date,industry_code,update_date,l1_code,l2_code
000001,1991-04-03 00:00:00,440101,2015-10-27 15:29:00,440000,440100
000001,2014-02-21 00:00:00,480101,2024-09-27 09:08:00,480000,480100
000001,2021-07-30 00:00:00,480301,2025-12-15 16:33:00,480000,480300
000002,1991-01-29 00:00:00,430101,2015-10-27 15:29:00,430000,430100
000003,1991-04-14 00:00:00,510101,2015-10-27 15:28:00,510000,510100
000004,1990-01-01 00:00:00,420301,2024-09-27 09:14:00,420000,420300
000004,2001-09-01 00:00:00,370301,2015-10-27 15:28:00,370000,370300
000004,2007-07-02 00:00:00,430101,2015-10-27 15:28:00,430000,430100
000004,2009-01-01 00:00:00,370301,2015-10-27 15:28:00,370000,370300
000004,2019-07-24 00:00:00,370102,2020-12-04 14:32:00,370000,370100
000004,2021-06-11 00:00:00,710202,2021-06-11 15:43:00,710000,710200
000004,2021-07-30 00:00:00,710402,2021-07-31 16:18:00,710000,710400
000005,1990-12-10 00:00:00,430101,2015-10-27 15:29:00,430000,430100
000005,2017-06-29 00:00:00,410401,2019-08-09 15:38:00,410000,410400
000005,2021-07-30 00:00:00,760104,2022-10-11 14:51:00,760000,760100
000006,1992-04-27 00:00:00,430101,2015-10-27 15:29:00,430000,430100
000006,2015-10-01 00:00:00,210202,2016-03-03 15:37:00,210000,210200
000006,2017-06-29 00:00:00,430101,2020-12-16 15:10:00,430000,430100
000007,1992-04-13 00:00:00,330202,2015-10-27 15:29:00,330000,330200
000007,2006-09-01 00:00:00,430101,2015-10-27 15:29:00,430000,430100
000007,2009-06-01 00:00:00,460201,2015-10-27 15:29:00,460000,460200
000007,2012-10-08 00:00:00,510101,2015-10-27 15:29:00,510000,510100
000007,2013-07-01 00:00:00,240106,2015-10-27 15:29:00,240000,240100
000007,2014-02-21 00:00:00,240504,2024-09-27 09:16:00,240000,240500
000007,2014-07-01 00:00:00,460401,2015-10-27 15:29:00,460000,460400
000007,2017-06-29 00:00:00,510101,2018-06-20 15:06:00,510000,510100
000007,2019-07-24 00:00:00,450501,2019-08-09 15:40:00,450000,450500
000007,2021-07-30 00:00:00,450304,2021-07-31 16:18:00,450000,450300
000008,1992-05-07 00:00:00,510101,2015-10-27 15:29:00,510000,510100
000008,2013-01-01 00:00:00,460201,2015-10-27 15:29:00,460000,460200
000008,2015-07-01 00:00:00,640501,2015-10-27 15:29:00,640000,640500
000009,1991-06-25 00:00:00,430101,2015-10-27 15:29:00,430000,430100
000009,2013-01-01 00:00:00,510101,2015-10-27 15:29:00,510000,510100
000009,2021-07-30 00:00:00,630702,2025-10-15 10:57:00,630000,630700
000010,1995-10-27 00:00:00,450201,2015-10-27 15:29:00,450000,450200
000010,2007-07-02 00:00:00,510101,2015-10-27 15:29:00,510000,510100
000010,2015-07-01 00:00:00,620501,2019-08-09 15:39:00,620000,620500
000010,2021-07-30 00:00:00,620307,2021-08-02 13:20:00,620000,620300
000011,1992-03-30 00:00:00,430101,2015-10-27 15:29:00,430000,430100
000012,1992-02-28 00:00:00,250101,2015-10-27 15:29:00,250000,250100
000012,2014-02-21 00:00:00,610201,2024-09-27 12:41:00,610000,610200
000013,1991-12-11 00:00:00,510101,2015-10-27 15:28:00,510000,510100
000013,2003-05-01 00:00:00,220501,2015-10-27 15:28:00,220000,220500
000014,1991-12-19 00:00:00,320201,2015-10-27 15:29:00,320000,320200
000014,2001-05-01 00:00:00,430101,2015-10-27 15:29:00,430000,430100
000015,1992-06-25 00:00:00,510101,2015-10-27 15:28:00,510000,510100
000016,1992-03-27 00:00:00,330201,2015-10-27 15:29:00,330000,330200
000016,2024-07-30 12:45:00,330106,2024-07-30 12:45:00,330000,330100
000017,1992-03-31 00:00:00,310301,2015-10-27 15:29:00,310000,310300
000017,2011-10-10 00:00:00,310307,2015-10-27 15:29:00,310000,310300
000017,2014-02-21 00:00:00,280401,2024-09-27 12:41:00,280000,280400
000017,2022-07-29 00:00:00,350301,2022-07-29 11:54:00,350000,350300
000018,1992-06-16 00:00:00,350104,2015-10-27 15:29:00,350000,350100
000018,2013-01-01 00:00:00,510101,2015-10-27 15:29:00,510000,510100
000018,2015-07-01 00:00:00,430101,2015-10-27 15:29:00,430000,430100
000018,2016-05-25 00:00:00,620201,2018-06-20 15:06:00,620000,620200
000018,2018-07-13 00:00:00,620403,2019-08-09 15:39:00,620000,620400
000019,1992-10-12 00:00:00,340304,2015-10-27 15:29:00,340000,340300
000019,2019-07-24 00:00:00,450201,2019-08-09 15:40:00,450000,450200
000019,2021-07-30 00:00:00,110502,2021-07-31 16:18:00,110000,110500
000020,1992-04-28 00:00:00,270201,2015-10-27 15:29:00,270000,270200
000020,2011-10-10 00:00:00,270501,2019-08-09 15:38:00,270000,270500
000020,2021-07-30 00:00:00,270301,2023-04-25 09:31:00,270000,270300
000021,1994-02-02 00:00:00,320201,2015-10-27 15:29:00,320000,320200
000021,2014-02-21 00:00:00,710101,2024-09-27 12:41:00,710000,710100
000021,2019-07-24 00:00:00,270501,2019-08-09 15:38:00,270000,270500
000021,2021-07-30 00:00:00,270504,2023-04-25 09:31:00,270000,270500
000022,1993-05-05 00:00:00,420101,2024-10-25 09:03:00,420000,420100
000023,1993-04-29 00:00:00,250201,2015-10-27 15:29:00,250000,250200
000023,2011-10-10 00:00:00,250203,2015-10-27 15:29:00,250000,250200
000023,2013-07-01 00:00:00,250104,2015-10-27 15:29:00,250000,250100
000023,2014-02-21 00:00:00,610303,2024-09-27 12:41:00,610000,610300
000023,2021-07-30 00:00:00,610102,2023-12-07 10:03:00,610000,610100
000024,1993-03-15 00:00:00,420101,2015-10-27 15:29:00,420000,420100
000024,2002-05-01 00:00:00,430101,2015-10-27 15:29:00,430000,430100
000025,1993-06-21 00:00:00,310401,2024-07-29 11:30:00,310000,310400
000025,2014-02-21 00:00:00,280301,2024-09-27 12:41:00,280000,280300
000025,2021-07-30 00:00:00,280302,2024-07-29 11:30:00,280000,280300
000025,2023-07-04 00:00:00,510101,2024-07-29 11:30:00,510000,510100
000026,1993-06-03 00:00:00,260301,2015-10-27 15:28:00,260000,260300
000026,2008-06-02 00:00:00,360303,2015-10-27 15:28:00,360000,360300
000026,2011-10-10 00:00:00,360304,2015-10-27 15:28:00,360000,360300
000026,2021-07-30 00:00:00,350301,2023-06-28 18:51:00,350000,350300
000027,1993-09-03 00:00:00,410101,2015-10-27 15:29:00,410000,410100
000028,1993-05-05 00:00:00,340304,2015-10-27 15:28:00,340000,340300
000028,2001-09-01 00:00:00,370401,2015-10-27 15:28:00,370000,370400
000028,2021-07-30 00:00:00,370402,2021-07-31 16:18:00,370000,370400
000029,1993-09-15 00:00:00,430101,2015-10-27 15:29:00,430000,430100
000030,1993-06-28 00:00:00,360301,2015-10-27 15:28:00,360000,360300
000030,2011-10-10 00:00:00,510101,2015-10-27 15:28:00,510000,510100
000030,2013-07-01 00:00:00,310201,2015-10-27 15:28:00,310000,310200
000030,2014-02-21 00:00:00,280201,2024-09-27 12:41:00,280000,280200
000030,2021-07-30 00:00:00,280203,2025-01-08 14:36:00,280000,280200
000031,1993-10-08 00:00:00,430101,2015-10-27 15:29:00,430000,430100
000031,2021-07-30 00:00:00,430102,2021-07-31 16:18:00,430000,430100
000032,1993-10-28 00:00:00,320101,2015-10-27 15:29:00,320000,320100
000032,2007-07-02 00:00:00,320102,2015-10-27 15:29:00,320000,320100
000032,2014-02-21 00:00:00,730201,2024-09-27 12:41:00,730000,730200
000032,2021-07-30 00:00:00,730206,2021-07-31 16:18:00,730000,730200
000032,2022-07-29 00:00:00,620404,2022-07-29 11:54:00,620000,620400
000033,1994-01-03 00:00:00,460201,2015-10-27 15:28:00,460000,460200
000034,1993-10-18 00:00:00,110401,2015-10-27 15:29:00,110000,110400
000034,2001-05-01 00:00:00,320102,2015-10-27 15:29:00,320000,320100
000034,2007-07-02 00:00:00,110401,2015-10-27 15:29:00,110000,110400
000034,2009-06-01 00:00:00,320102,2015-10-27 15:29:00,320000,320100
000034,2014-02-21 00:00:00,730201,2024-09-27 12:41:00,730000,730200
000034,2015-07-01 00:00:00,110401,2015-10-27 15:29:00,110000,110400
000034,2015-11-03 00:00:00,730201,2015-11-05 14:04:00,730000,730200
000034,2017-05-26 09:59:00,110401,2017-06-26 18:20:00,110000,110400
000034,2017-06-29 00:00:00,710202,2019-08-09 15:39:00,710000,710200
000034,2021-07-30 00:00:00,710301,2024-02-19 09:41:00,710000,710300
000035,1994-04-08 00:00:00,320102,2015-10-27 15:29:00,320000,320100
000035,2014-02-21 00:00:00,730201,2024-09-27 12:41:00,730000,730200
000035,2014-07-01 00:00:00,410401,2015-10-27 15:29:00,410000,410400
000035,2021-07-30 00:00:00,760103,2026-04-02 13:26:00,760000,760100
000036,1994-06-17 00:00:00,350201,2015-10-27 15:29:00,350000,350200
000036,2005-07-01 00:00:00,220101,2015-10-27 15:29:00,220000,220100
000036,2010-01-08 00:00:00,430101,2015-10-27 15:29:00,430000,430100
000037,1994-07-01 00:00:00,410103,2015-10-27 15:29:00,410000,410100
000037,2021-07-30 00:00:00,410104,2021-07-31 16:18:00,410000,410100
000037,2022-07-29 00:00:00,410101,2025-10-15 10:57:00,410000,410100
000038,1994-08-08 00:00:00,270201,2015-10-27 15:29:00,270000,270200
000038,2010-01-08 00:00:00,430101,2015-10-27 15:29:00,430000,430100
000038,2018-06-19 16:10:00,720201,2019-08-09 15:38:00,720000,720200
000038,2021-07-30 00:00:00,510101,2021-07-31 16:18:00,510000,510100
000039,1994-04-08 00:00:00,230201,2015-10-27 15:29:00,230000,230200
000039,2008-06-02 00:00:00,260501,2015-10-27 15:29:00,260000,260500
000039,2014-02-21 00:00:00,640401,2024-09-27 12:41:00,640000,640400
000039,2021-07-30 00:00:00,640108,2025-10-15 10:57:00,640000,640100
000040,1994-08-08 00:00:00,510101,2015-10-27 15:28:00,510000,510100
000040,2010-01-08 00:00:00,430101,2015-10-27 15:28:00,430000,430100
000040,2017-11-16 00:00:00,410401,2018-10-12 09:54:00,410000,410400
000040,2019-07-24 00:00:00,410105,2019-08-09 15:38:00,410000,410100
000040,2021-07-30 00:00:00,410106,2022-10-11 14:51:00,410000,410100
000042,1994-09-21 00:00:00,430101,2015-10-27 15:29:00,430000,430100
000043,1994-09-28 00:00:00,510101,2015-10-27 15:29:00,510000,510100
000043,2007-07-02 00:00:00,430101,2015-10-27 15:29:00,430000,430100
000045,1994-08-15 00:00:00,350102,2015-10-27 15:29:00,350000,350100
000045,2011-10-10 00:00:00,350106,2015-10-27 15:29:00,350000,350100
000045,2014-01-01 00:00:00,270301,2015-10-27 15:29:00,270000,270300
000046,1994-09-12 00:00:00,430101,2015-10-27 15:28:00,430000,430100
000046,2020-12-01 00:00:00,490301,2021-03-03 15:36:00,490000,490300
000046,2021-07-30 00:00:00,430101,2021-07-31 16:18:00,430000,430100
000047,1994-10-21 00:00:00,430101,2015-10-27 15:28:00,430000,430100
000048,1994-11-01 00:00:00,110601,2015-10-27 15:29:00,110000,110600
000048,2011-01-10 00:00:00,110401,2015-10-27 15:29:00,110000,110400
000048,2021-07-30 00:00:00,430101,2024-05-27 10:52:00,430000,430100
000048,2025-08-11 17:30:00,110702,2025-08-11 17:30:00,110000,110700
000049,1995-03-20 00:00:00,430101,2015-10-27 15:28:00,430000,430100
000049,2007-07-02 00:00:00,220701,2015-10-27 15:28:00,220000,220700
000049,2011-10-10 00:00:00,270401,2015-10-27 15:28:00,270000,270400
000049,2013-01-01 00:00:00,270501,2015-10-27 15:28:00,270000,270500
000049,2021-07-30 00:00:00,630701,2025-10-15 10:57:00,630000,630700
000050,1995-03-15 00:00:00,270201,2015-10-27 15:29:00,270000,270200
000050,2010-01-01 00:00:00,270301,2015-10-27 15:29:00,270000,270300
000055,1996-04-15 00:00:00,230201,2015-10-27 15:28:00,230000,230200
000055,2007-07-02 00:00:00,510101,2015-10-27 15:28:00,510000,510100
000055,2011-10-10 00:00:00,250104,2015-10-27 15:28:00,250000,250100
000055,2012-07-02 00:00:00,250205,2015-10-27 15:28:00,250000,250200
000055,2014-02-21 00:00:00,620404,2024-09-27 12:41:00,620000,620400
000055,2021-07-30 00:00:00,610303,2024-01-14 08:47:00,610000,610300
000056,1996-07-08 00:00:00,450101,2015-10-27 15:29:00,450000,450100
000056,2012-07-02 00:00:00,450103,2015-10-27 15:29:00,450000,450100
000056,2014-02-21 00:00:00,450501,2024-09-27 12:41:00,450000,450500
000056,2014-07-01 00:00:00,430101,2020-12-16 15:10:00,430000,430100
000056,2021-07-30 00:00:00,430301,2021-07-31 16:18:00,430000,430300
000058,1996-12-26 00:00:00,270301,2015-10-27 15:29:00,270000,270300
000058,2011-10-10 00:00:00,450103,2015-10-27 15:29:00,450000,450100
000058,2014-02-21 00:00:00,450501,2024-09-27 12:41:00,450000,450500
000058,2017-06-29 00:00:00,450502,2020-12-04 14:40:00,450000,450500
000058,2021-07-30 00:00:00,450304,2021-07-31 16:18:00,450000,450300
000059,1997-01-30 00:00:00,220301,2015-10-27 15:28:00,220000,220300
000059,2010-01-01 00:00:00,220101,2015-10-27 15:28:00,220000,220100
000059,2021-07-30 00:00:00,750301,2024-04-01 15:28:00,750000,750300
000060,1997-01-23 00:00:00,240101,2015-10-27 15:29:00,240000,240100
000060,2008-06-02 00:00:00,240104,2015-10-27 15:29:00,240000,240100
000060,2014-02-21 00:00:00,240303,2024-09-27 12:41:00,240000,240300
000061,1997-01-10 00:00:00,110601,2015-10-27 15:29:00,110000,110600
000061,2013-07-01 00:00:00,450201,2015-10-27 15:29:00,450000,450200
000061,2014-02-21 00:00:00,450502,2024-09-27 12:41:00,450000,450500
000061,2021-07-30 00:00:00,450304,2021-07-31 16:18:00,450000,450300
000062,1997-01-30 00:00:00,330202,2015-10-27 15:29:00,330000,330200
000062,2009-06-01 00:00:00,270401,2015-10-27 15:29:00,270000,270400
000062,2011-10-10 00:00:00,450103,2015-10-27 15:29:00,450000,450100
000062,2014-02-21 00:00:00,450502,2024-09-27 12:41:00,450000,450500
000062,2017-06-29 00:00:00,270401,2019-08-09 15:38:00,270000,270400
000063,1997-11-18 00:00:00,320101,2015-10-27 15:29:00,320000,320100
000063,2008-06-02 00:00:00,320103,2015-10-27 15:29:00,320000,320100
000063,2014-02-21 00:00:00,730202,2024-09-27 12:41:00,730000,730200
000063,2021-07-30 00:00:00,730204,2026-06-01 14:47:00,730000,730200
000065,1998-06-05 00:00:00,250202,2015-10-27 15:28:00,250000,250200
000065,2007-07-02 00:00:00,250201,2015-10-27 15:28:00,250000,250200
000065,2011-10-10 00:00:00,250205,2015-10-27 15:28:00,250000,250200
000065,2014-02-21 00:00:00,620403,2024-09-27 12:41:00,620000,620400
000066,1997-06-26 00:00:00,320201,2015-10-27 15:28:00,320000,320200
000066,2014-02-21 00:00:00,710101,2024-09-27 12:41:00,710000,710100
000066,2021-07-30 00:00:00,710103,2025-02-19 17:18:00,710000,710100
000068,1997-06-11 00:00:00,270301,2015-10-27 15:28:00,270000,270300
000068,2013-01-01 00:00:00,510101,2015-10-27 15:28:00,510000,510100
000068,2017-06-29 00:00:00,410401,2019-08-09 15:38:00,410000,410400
000068,2021-07-30 00:00:00,760104,2025-10-15 10:57:00,760000,760100
000069,1997-09-10 00:00:00,460101,2015-10-27 15:29:00,460000,460100
000069,2008-01-02 00:00:00,430101,2015-10-27 15:29:00,430000,430100
000069,2021-07-30 00:00:00,430102,2026-02-26 16:27:00,430000,430100
000070,2000-04-24 16:09:00,270301,2015-10-27 15:29:00,270000,270300
000070,2011-10-10 00:00:00,320103,2015-10-27 15:29:00,320000,320100
000070,2014-02-21 00:00:00,730202,2024-09-27 12:41:00,730000,730200
000070,2021-07-30 00:00:00,730205,2026-08-19 07:04:00,730000,730200
000078,1998-12-18 00:00:00,370301,2015-10-27 15:28:00,370000,370300
000078,2017-06-29 00:00:00,370401,2020-12-04 14:32:00,370000,370400
000078,2021-07-30 00:00:00,370402,2021-07-31 16:18:00,370000,370400
000088,1997-07-28 00:00:00,420101,2015-10-27 15:29:00,420000,420100
000088,2021-07-30 00:00:00,420901,2021-07-31 16:18:00,420000,420900
000088,2021-11-12 00:00:00,421102,2025-10-15 10:57:00,420000,421100
000089,1998-04-20 00:00:00,420501,2015-10-27 15:29:00,420000,420500
000089,2021-07-30 00:00:00,421002,2025-10-15 10:57:00,420000,421000
000090,1999-07-21 00:00:00,250201,2015-10-27 15:29:00,250000,250200
000090,2006-09-01 00:00:00,430101,2015-10-27 15:29:00,430000,430100
000096,2000-07-24 00:00:00,220103,2015-10-27 15:28:00,220000,220100
000096,2021-07-30 00:00:00,750302,2021-07-31 16:18:00,750000,750300
000099,2000-07-31 00:00:00,420401,2024-08-12 08:38:00,420000,420400
000099,2021-07-30 00:00:00,421001,2025-01-08 14:36:00,420000,421000
000100,2004-01-29 00:00:00,320102,2015-10-27 15:28:00,320000,320100
000100,2007-07-02 00:00:00,330201,2015-10-27 15:28:00,330000,330200
000100,2019-04-22 00:00:00,270301,2021-03-03 15:16:00,270000,270300
000150,2000-08-07 00:00:00,260301,2015-10-27 15:29:00,260000,260300
000150,2007-07-02 00:00:00,430101,2015-10-27 15:29:00,430000,430100
000150,2015-07-01 00:00:00,370601,2015-10-27 15:29:00,370000,370600
000150,2021-07-30 00:00:00,370604,2021-07-31 16:18:00,370000,370600
000151,2000-09-06 00:00:00,470203,2015-10-27 15:29:00,470000,470200
000151,2007-07-02 00:00:00,510101,2015-10-27 15:29:00,510000,510100
000151,2010-10-08 00:00:00,450201,2019-08-09 15:40:00,450000,450200
000153,2000-09-18 16:07:00,370102,2015-10-27 15:28:00,370000,370100
000155,2000-09-26 00:00:00,220301,2015-10-27 15:28:00,220000,220300
000155,2017-06-29 00:00:00,450201,2018-12-10 09:56:00,450000,450200
000155,2019-07-24 00:00:00,410105,2019-08-09 15:38:00,410000,410100
000155,2021-07-30 00:00:00,410107,2025-10-15 10:57:00,410000,410100
000156,2000-09-06 00:00:00,220501,2015-10-27 15:29:00,220000,220500
000156,2011-10-10 00:00:00,470204,2015-10-27 15:29:00,470000,470200
000156,2014-02-21 00:00:00,720103,2024-09-27 12:41:00,720000,720100
000156,2021-07-30 00:00:00,721001,2025-10-15 10:57:00,720000,721000
000157,2000-10-12 00:00:00,260202,2015-10-27 15:29:00,260000,260200
000157,2014-02-21 00:00:00,640201,2024-09-27 12:41:00,640000,640200
000157,2021-07-30 00:00:00,640601,2025-10-15 10:57:00,640000,640600
000158,2000-07-24 00:00:00,350102,2015-10-27 15:28:00,350000,350100
000158,2017-06-29 00:00:00,710202,2019-08-09 15:39:00,710000,710200
000158,2021-07-30 00:00:00,710301,2021-07-31 16:18:00,710000,710300
000159,2000-09-26 00:00:00,370101,2015-10-27 15:28:00,370000,370100
000159,2007-07-02 00:00:00,210201,2015-10-27 15:28:00,210000,210200
000159,2011-01-10 00:00:00,210202,2015-10-27 15:28:00,210000,210200
000159,2018-06-19 16:11:00,220103,2019-08-09 15:39:00,220000,220100
000159,2021-07-30 00:00:00,750302,2021-07-31 16:18:00,750000,750300
000159,2022-07-29 00:00:00,620401,2022-07-29 11:54:00,620000,620400
000159,2024-07-30 12:45:00,630504,2025-10-15 10:57:00,630000,630500
000166,2015-01-18 00:08:00,490101,2015-11-05 14:03:00,490000,490100
000301,2000-04-24 15:48:00,350103,2015-10-27 15:28:00,350000,350100
000301,2009-10-09 00:00:00,450103,2015-10-27 15:28:00,450000,450100
000301,2014-02-21 00:00:00,450502,2024-09-27 12:41:00,450000,450500
000301,2018-05-30 09:46:00,410104,2019-02-27 10:22:00,410000,410100
000301,2019-07-24 00:00:00,220401,2021-03-03 15:31:00,220000,220400
000301,2021-07-30 00:00:00,750301,2026-02-26 16:27:00,750000,750300
000333,2013-01-18 00:00:00,330102,2015-10-27 15:29:00,330000,330100
000338,2007-04-30 00:00:00,310201,2015-10-27 15:29:00,310000,310200
000338,2014-02-21 00:00:00,280201,2024-09-27 12:41:00,280000,280200
000338,2021-07-30 00:00:00,280203,2023-07-01 07:45:00,280000,280200
000400,1997-04-09 00:00:00,260402,2015-10-27 15:29:00,260000,260400
000400,2011-10-10 00:00:00,260404,2015-10-27 15:29:00,260000,260400
000400,2014-02-21 00:00:00,630201,2024-09-27 12:41:00,630000,630200
000400,2021-07-30 00:00:00,630803,2025-11-10 13:33:00,630000,630800
000401,1996-06-14 00:00:00,250102,2015-10-27 15:29:00,250000,250100
000401,2014-02-21 00:00:00,610101,2024-09-27 12:41:00,610000,610100
000402,1996-06-06 00:00:00,360201,2015-10-27 15:29:00,360000,360200
000402,2000-09-01 00:00:00,430201,2015-10-27 15:29:00,430000,430200
000402,2008-01-02 00:00:00,430101,2015-10-27 15:29:00,430000,430100
000402,2021-07-30 00:00:00,430102,2022-02-09 17:18:00,430000,430100
000403,1996-06-28 00:00:00,370301,2015-10-27 15:28:00,370000,370300
000403,2021-07-30 00:00:00,370302,2021-07-31 16:18:00,370000,370300
000404,1996-06-19 00:00:00,330101,2015-10-27 15:29:00,330000,330100
000404,2011-01-10 00:10:00,330105,2015-11-05 14:01:00,330000,330100
000404,2021-07-30 00:00:00,330601,2021-07-31 16:18:00,330000,330600
000405,1996-06-20 00:00:00,240101,2015-10-27 15:28:00,240000,240100
000406,1996-06-28 00:00:00,210101,2015-10-27 15:29:00,210000,210100
000407,1996-07-03 00:00:00,220501,2015-10-27 15:29:00,220000,220500
000407,2014-01-01 00:00:00,220303,2015-10-27 15:29:00,220000,220300
000407,2017-12-15 01:36:00,410301,2019-08-09 15:39:00,410000,410300
000408,1996-06-28 00:00:00,250103,2015-10-27 15:29:00,250000,250100
000408,2008-06-02 00:00:00,450103,2015-10-27 15:29:00,450000,450100
000408,2012-01-02 00:07:00,450201,2015-11-05 14:02:00,450000,450200
000408,2018-07-13 00:00:00,220306,2021-03-03 15:16:00,220000,220300
000408,2021-07-30 00:00:00,220804,2021-07-31 16:18:00,220000,220800
000408,2023-07-04 00:00:00,240603,2025-02-24 09:28:00,240000,240600
000408,2026-07-01 10:24:00,220804,2026-07-01 10:24:00,220000,220800
000409,1996-06-12 00:00:00,260207,2015-10-27 15:29:00,260000,260200
000409,2002-05-01 00:00:00,320201,2015-10-27 15:29:00,320000,320200
000409,2007-07-02 00:00:00,510101,2015-10-27 15:29:00,510000,510100
000409,2013-01-01 00:00:00,210301,2015-10-27 15:29:00,210000,210300
000409,2017-06-29 00:00:00,510101,2019-08-09 15:40:00,510000,510100
000409,2022-07-29 00:00:00,710301,2022-10-11 14:51:00,710000,710300
000410,1996-07-18 00:00:00,260101,2015-10-27 15:29:00,260000,260100
000410,2014-02-21 00:00:00,640101,2024-09-27 12:41:00,640000,640100
000411,1996-06-26 00:00:00,350104,2015-10-27 15:29:00,350000,350100
000411,2002-05-01 00:00:00,370301,2015-10-27 15:29:00,370000,370300
000411,2010-10-08 00:00:00,450201,2015-10-27 15:29:00,450000,450200
000411,2011-01-10 00:00:00,370401,2015-10-27 15:29:00,370000,370400
000411,2021-07-30 00:00:00,370402,2021-07-31 16:18:00,370000,370400
000412,1996-07-15 00:00:00,510101,2015-10-27 15:28:00,510000,510100
000413,1996-09-25 00:00:00,270301,2015-10-27 15:28:00,270000,270300
000415,1996-06-23 00:00:00,470301,2015-10-27 15:28:00,470000,470300
000415,2002-09-01 00:00:00,250201,2015-10-27 15:28:00,250000,250200
000415,2011-10-10 00:00:00,440201,2015-10-27 15:28:00,440000,440200
000415,2014-02-21 00:00:00,490301,2024-09-27 12:41:00,490000,490300
000415,2021-07-30 00:00:00,490305,2026-04-08 19:56:00,490000,490300
000416,1996-06-24 00:00:00,450101,2015-10-27 15:29:00,450000,450100
000416,2002-05-01 00:00:00,370301,2015-10-27 15:29:00,370000,370300
000416,2010-10-08 00:00:00,450101,2015-10-27 15:29:00,450000,450100
000416,2014-02-21 00:00:00,450303,2024-09-27 12:41:00,450000,450300
000416,2018-04-20 01:43:00,490301,2021-03-03 15:36:00,490000,490300
000416,2021-07-30 00:00:00,490302,2021-07-31 16:18:00,490000,490300
000417,1996-08-12 00:00:00,450101,2015-10-27 15:29:00,450000,450100
000417,2014-02-21 00:00:00,450303,2024-09-27 12:41:00,450000,450300
000417,2017-06-29 00:00:00,450301,2019-08-09 15:40:00,450000,450300
000417,2023-07-04 00:00:00,450303,2023-07-04 15:14:00,450000,450300
000418,1997-03-28 00:00:00,330103,2015-10-27 15:29:00,330000,330100
000419,1996-08-16 00:00:00,450101,2015-10-27 15:29:00,450000,450100
000419,2014-02-21 00:00:00,450303,2024-09-27 12:41:00,450000,450300
000420,1996-08-02 00:00:00,220403,2015-10-27 15:29:00,220000,220400
000421,1996-08-06 00:00:00,420301,2024-07-29 11:30:00,420000,420300
000421,2014-01-01 00:00:00,510101,2024-07-29 11:30:00,510000,510100
000421,2017-12-11 18:00:00,410301,2024-07-29 11:30:00,410000,410300
000421,2023-07-04 00:00:00,510101,2024-07-29 11:30:00,510000,510100
000422,1996-07-25 00:00:00,220301,2015-10-27 15:29:00,220000,220300
000422,2017-06-29 00:00:00,220202,2019-08-09 15:39:00,220000,220200
000422,2022-07-29 00:00:00,220801,2022-07-29 11:54:00,220000,220800
000423,1996-07-29 00:00:00,370201,2015-10-27 15:28:00,370000,370200
000425,1996-08-28 00:00:00,260202,2015-10-27 15:29:00,260000,260200
000425,2014-02-21 00:00:00,640201,2024-09-27 12:41:00,640000,640200
000425,2021-07-30 00:00:00,640601,2025-10-15 10:57:00,640000,640600
000426,1996-08-28 00:00:00,410104,2015-10-27 15:29:00,410000,410100
000426,2012-07-02 00:00:00,240104,2015-10-27 15:29:00,240000,240100
000426,2014-02-21 00:00:00,240303,2024-09-27 12:41:00,240000,240300
000428,1996-08-08 00:00:00,460201,2015-10-27 15:29:00,460000,460200
000428,2021-07-30 00:00:00,460901,2021-07-31 16:18:00,460000,460900
000429,1998-02-20 00:00:00,420201,2015-10-27 15:29:00,420000,420200
000429,2021-07-30 00:00:00,420901,2025-10-15 10:57:00,420000,420900
000430,1996-08-29 00:00:00,460102,2015-10-27 15:29:00,460000,460100
000430,2021-07-30 00:00:00,461003,2024-01-19 11:04:00,460000,461000
000488,2000-11-20 00:00:00,360101,2015-10-27 15:28:00,360000,360100
000488,2021-07-30 00:00:00,360102,2024-09-03 15:10:00,360000,360100
000498,1997-06-09 00:00:00,220403,2015-10-27 15:29:00,220000,220400
000498,2013-07-01 00:00:00,250204,2015-10-27 15:29:00,250000,250200
000498,2014-02-21 00:00:00,620302,2024-09-27 12:41:00,620000,620300
000498,2021-07-30 00:00:00,620306,2021-08-25 10:04:00,620000,620300
000501,1992-11-20 00:00:00,450101,2015-10-27 15:28:00,450000,450100
000501,2014-02-21 00:00:00,450303,2024-09-27 12:41:00,450000,450300
000501,2017-06-29 00:00:00,450301,2021-03-03 15:31:00,450000,450300
000502,1991-06-05 00:00:00,460201,2015-10-27 15:29:00,460000,460200
000502,2003-05-01 00:00:00,430101,2015-10-27 15:29:00,430000,430100
000502,2021-07-30 00:00:00,430301,2021-07-31 16:18:00,430000,430300
000503,1992-11-30 00:00:00,470201,2015-10-27 15:28:00,470000,470200
000503,2014-02-21 00:00:00,720301,2024-09-27 12:41:00,720000,720300
000503,2017-05-26 10:00:00,370601,2020-12-04 14:32:00,370000,370600
000503,2021-07-30 00:00:00,710401,2021-07-31 16:18:00,710000,710400
000504,1992-12-08 00:00:00,470401,2015-10-27 15:29:00,470000,470400
000504,2014-02-21 00:00:00,720101,2024-09-27 12:41:00,720000,720100
000504,2019-07-24 00:00:00,370301,2020-12-04 14:32:00,370000,370300
000504,2021-07-30 00:00:00,370605,2021-07-31 16:18:00,370000,370600
000505,1992-12-21 00:00:00,430101,2015-10-27 15:29:00,430000,430100
000505,2018-07-13 00:00:00,110502,2019-08-09 15:39:00,110000,110500
000506,1993-03-12 00:00:00,240201,2015-10-27 15:29:00,240000,240200
000506,2008-06-02 00:00:00,240202,2015-10-27 15:29:00,240000,240200
000506,2009-01-01 00:00:00,430101,2015-10-27 15:29:00,430000,430100
000506,2015-07-01 00:00:00,240401,2017-07-07 15:30:00,240000,240400
000506,2018-06-19 16:11:00,430101,2020-12-16 15:10:00,430000,430100
000506,2022-07-29 00:00:00,240401,2025-01-08 14:36:00,240000,240400
000507,1993-03-26 00:00:00,510101,2015-10-27 15:29:00,510000,510100
000507,2011-01-10 00:00:00,420101,2015-10-27 15:29:00,420000,420100
000507,2021-07-30 00:00:00,421102,2021-08-02 13:18:00,420000,421100
000507,2023-07-04 00:00:00,410107,2025-10-15 10:57:00,410000,410100
000508,1993-01-30 00:04:00,110601,2015-10-26 10:31:00,110000,110600
000509,1993-05-07 00:00:00,510101,2015-10-27 15:29:00,510000,510100
000509,2011-10-10 00:00:00,250104,2015-10-27 15:29:00,250000,250100
000509,2014-02-21 00:00:00,610303,2024-09-27 12:41:00,610000,610300
000509,2019-07-24 00:00:00,370601,2020-12-04 14:32:00,370000,370600
000509,2021-07-30 00:00:00,370604,2021-07-31 16:18:00,370000,370600
000509,2022-07-29 00:00:00,270301,2022-07-29 11:54:00,270000,270300
000510,1993-05-07 00:00:00,220202,2015-10-27 15:28:00,220000,220200
000511,1993-05-18 00:00:00,430101,2015-10-27 15:29:00,430000,430100
000511,2014-01-01 00:00:00,240203,2015-10-27 15:29:00,240000,240200
000513,1993-10-28 00:00:00,370103,2015-10-27 15:29:00,370000,370100
000513,2008-01-02 00:00:00,370102,2015-10-27 15:29:00,370000,370100
000514,1993-07-12 00:00:00,430101,2015-10-27 15:29:00,430000,430100
000515,1993-07-12 00:00:00,220203,2015-10-27 15:29:00,220000,220200
000516,1993-08-09 00:00:00,450101,2015-10-27 15:28:00,450000,450100
000516,2014-02-21 00:00:00,450301,2024-09-27 12:41:00,450000,450300
000516,2019-05-13 00:00:00,370601,2021-03-03 15:32:00,370000,370600
000516,2021-07-30 00:00:00,370604,2025-12-26 11:34:00,370000,370600
000517,1990-01-01 00:00:00,260404,2024-09-27 16:41:00,260000,260400
000517,2000-05-01 00:00:00,320101,2015-10-27 15:29:00,320000,320100
000517,2007-07-02 00:00:00,430101,2015-10-27 15:29:00,430000,430100
000517,2008-06-02 00:00:00,320101,2015-10-27 15:29:00,320000,320100
000517,2010-01-01 00:00:00,430101,2015-10-27 15:29:00,430000,430100
000518,1993-09-08 00:00:00,350101,2015-10-27 15:29:00,350000,350100
000518,2011-01-10 00:00:00,370301,2015-10-27 15:29:00,370000,370300
000518,2021-07-30 00:00:00,370304,2021-07-31 16:18:00,370000,370300
000519,1993-10-08 00:00:00,260104,2024-06-24 23:01:00,260000,260100
000519,2014-02-21 00:00:00,640104,2024-09-27 12:41:00,640000,640100
000519,2015-07-01 00:00:00,240203,2024-06-24 23:01:00,240000,240200
000519,2017-06-29 00:00:00,650301,2024-06-24 23:01:00,650000,650300
000520,1993-10-25 00:00:00,220101,2015-10-27 15:28:00,220000,220100
000520,2006-09-01 00:00:00,420601,2015-10-27 15:28:00,420000,420600
000520,2021-07-30 00:00:00,421101,2025-10-15 10:57:00,420000,421100
000521,1993-10-18 00:00:00,330101,2015-10-27 15:29:00,330000,330100
000521,2021-07-30 00:00:00,330106,2021-07-31 16:18:00,330000,330100
000522,1993-11-08 00:00:00,370102,2015-10-27 15:28:00,370000,370100
000523,1993-11-08 00:00:00,220304,2015-10-27 15:28:00,220000,220300
000523,2021-07-30 00:00:00,770102,2021-07-31 16:18:00,770000,770100
000523,2024-07-30 12:45:00,510101,2025-01-08 14:36:00,510000,510100
000524,1993-11-18 00:00:00,460201,2015-10-27 15:29:00,460000,460200
000524,2018-07-13 00:00:00,460301,2021-05-31 15:11:00,460000,460300
000524,2021-07-30 00:00:00,461004,2023-02-20 17:31:00,460000,461000
000525,1993-10-28 00:00:00,220303,2015-10-27 15:29:00,220000,220300
000525,2021-07-30 00:00:00,220803,2021-07-31 16:18:00,220000,220800
000526,1992-09-21 00:00:00,110201,2015-10-27 15:29:00,110000,110200
000526,2000-05-01 00:00:00,430101,2015-10-27 15:29:00,430000,430100
000526,2009-10-09 00:00:00,360201,2015-10-27 15:29:00,360000,360200
000526,2012-01-02 00:00:00,430101,2015-10-27 15:29:00,430000,430100
000526,2017-06-29 00:00:00,720302,2019-08-09 15:38:00,720000,720300
000526,2021-07-30 00:00:00,461102,2021-07-31 16:18:00,460000,461100
000527,1993-11-12 00:00:00,330102,2015-10-27 15:29:00,330000,330100
000528,1993-11-18 00:00:00,260202,2015-10-27 15:29:00,260000,260200
000528,2014-02-21 00:00:00,640201,2024-09-27 12:41:00,640000,640200
000528,2021-07-30 00:00:00,640601,2025-10-15 10:57:00,640000,640600
000529,1993-11-18 00:00:00,350101,2015-10-27 15:28:00,350000,350100
000529,2011-01-10 00:00:00,510101,2015-10-27 15:28:00,510000,510100
000529,2019-07-24 00:00:00,720101,2019-08-09 15:38:00,720000,720100
000529,2021-07-30 00:00:00,720901,2021-07-31 16:18:00,720000,720900
000529,2023-05-12 00:00:00,340401,2023-05-15 13:30:00,340000,340400
000530,1993-12-08 00:00:00,260105,2015-10-27 15:28:00,260000,260100
000530,2014-02-21 00:00:00,640105,2024-09-27 12:41:00,640000,640100
000531,1994-01-06 00:00:00,410103,2015-10-27 15:29:00,410000,410100
000531,2017-06-29 00:00:00,410101,2019-08-09 15:38:00,410000,410100
000532,1994-01-03 00:00:00,410103,2015-10-27 15:29:00,410000,410100
000532,2007-07-02 00:00:00,270201,2015-10-27 15:29:00,270000,270200
000532,2011-10-10 00:00:00,270203,2020-12-04 14:40:00,270000,270200
000532,2021-07-30 00:00:00,490307,2023-04-25 09:31:00,490000,490300
000533,1994-01-03 00:00:00,330104,2015-10-27 15:29:00,330000,330100
000533,2007-07-02 00:00:00,260404,2015-10-27 15:29:00,260000,260400
000533,2012-01-02 00:00:00,330104,2015-10-27 15:29:00,330000,330100
000533,2019-07-24 00:00:00,630402,2020-12-04 14:32:00,630000,630400
000533,2021-07-30 00:00:00,630801,2025-10-15 10:57:00,630000,630800
000534,1994-01-10 00:00:00,410103,2015-10-27 15:29:00,410000,410100
000534,2010-01-08 00:00:00,430101,2015-10-27 15:29:00,430000,430100
000534,2020-07-22 00:00:00,370301,2021-01-25 14:33:00,370000,370300
000534,2021-07-30 00:00:00,370304,2024-04-01 15:29:00,370000,370300
000535,1993-11-30 00:00:00,230201,2015-10-27 15:28:00,230000,230200
000536,1993-11-26 00:00:00,260401,2015-10-27 15:29:00,260000,260400
000536,2011-01-10 00:00:00,270301,2015-10-27 15:29:00,270000,270300
000537,1993-12-10 00:00:00,320201,2015-10-27 15:28:00,320000,320200
000537,2007-07-02 00:00:00,430101,2015-10-27 15:28:00,430000,430100
000537,2022-08-26 00:00:00,410107,2025-10-15 10:57:00,410000,410100
000538,1993-12-15 00:00:00,370201,2015-10-27 15:29:00,370000,370200
000539,1993-11-26 00:00:00,410101,2015-10-27 15:29:00,410000,410100
000540,1993-12-06 00:00:00,250202,2015-10-27 15:29:00,250000,250200
000540,2001-05-01 00:00:00,430101,2015-10-27 15:29:00,430000,430100
000541,1993-11-23 00:00:00,270401,2015-10-27 15:28:00,270000,270400
000541,2017-06-29 00:00:00,270302,2019-08-09 15:38:00,270000,270300
000541,2021-07-30 00:00:00,330501,2025-02-10 17:37:00,330000,330500
000542,1993-12-01 00:00:00,320102,2015-10-27 15:28:00,320000,320100
000543,1993-12-20 00:00:00,410101,2015-10-27 15:29:00,410000,410100
000544,1993-12-08 00:00:00,260103,2015-10-27 15:29:00,260000,260100
000544,2006-09-01 00:00:00,410201,2015-10-27 15:29:00,410000,410200
000544,2021-07-30 00:00:00,760102,2025-10-15 10:57:00,760000,760100
000545,1993-12-15 00:00:00,370101,2015-10-27 15:29:00,370000,370100
000545,2014-01-01 00:00:00,220204,2015-10-27 15:29:00,220000,220200
000545,2021-07-30 00:00:00,220206,2021-07-31 16:18:00,220000,220200
000546,1993-11-10 00:00:00,260102,2015-10-27 15:29:00,260000,260100
000546,2002-05-01 00:00:00,430101,2015-10-27 15:29:00,430000,430100
000546,2014-01-01 00:00:00,510101,2015-10-27 15:29:00,510000,510100
000546,2015-07-01 00:00:00,610101,2020-05-18 10:38:00,610000,610100
000546,2024-07-30 12:45:00,760103,2025-10-15 10:57:00,760000,760100
000547,1993-11-30 00:00:00,260405,2015-10-27 15:29:00,260000,260400
000547,2007-07-02 00:00:00,510101,2015-10-27 15:29:00,510000,510100
000547,2014-07-01 00:00:00,730202,2015-10-27 15:29:00,730000,730200
000547,2017-06-29 00:00:00,650301,2021-03-03 15:32:00,650000,650300
000547,2021-07-30 00:00:00,650501,2025-10-15 10:57:00,650000,650500
000548,1993-12-20 00:00:00,420201,2015-10-27 15:29:00,420000,420200
000548,2021-07-30 00:00:00,420901,2025-10-15 10:57:00,420000,420900
000549,1993-12-20 00:00:00,310102,2015-10-27 15:28:00,310000,310100
000550,1993-12-01 00:00:00,310102,2015-10-27 15:29:00,310000,310100
000550,2014-02-21 00:00:00,280102,2024-09-27 12:41:00,280000,280100
000550,2021-07-30 00:00:00,280601,2025-01-08 14:36:00,280000,280600
000551,1994-01-06 00:00:00,410401,2015-10-27 15:28:00,410000,410400
000551,2011-01-10 00:00:00,510101,2015-10-27 15:28:00,510000,510100
000551,2015-07-01 00:00:00,640205,2019-08-09 15:39:00,640000,640200
000551,2021-07-30 00:00:00,760201,2025-10-15 10:57:00,760000,760200
000552,1994-01-06 00:00:00,330105,2015-10-27 15:29:00,330000,330100
000552,2006-09-01 00:00:00,210201,2015-10-27 15:29:00,210000,210200
000552,2021-07-30 00:00:00,740101,2025-10-15 10:57:00,740000,740100
000553,1993-12-03 00:00:00,220303,2015-10-27 15:29:00,220000,220300
000553,2021-07-30 00:00:00,220803,2022-09-02 09:37:00,220000,220800
000554,1993-12-15 00:00:00,220103,2015-10-27 15:29:00,220000,220100
000554,2021-07-30 00:00:00,750302,2021-07-31 16:18:00,750000,750300
000555,1993-12-06 00:00:00,220401,2015-10-27 15:29:00,220000,220400
000555,2001-05-01 00:00:00,320101,2015-10-27 15:29:00,320000,320100
000555,2007-07-02 00:00:00,330202,2015-10-27 15:29:00,330000,330200
000555,2009-06-01 00:00:00,270201,2015-10-27 15:29:00,270000,270200
000555,2010-06-01 00:00:00,320102,2015-10-27 15:29:00,320000,320100
000555,2014-02-21 00:00:00,730201,2024-09-27 12:41:00,730000,730200
000555,2014-07-01 00:00:00,710202,2015-10-27 15:29:00,710000,710200
000555,2021-07-30 00:00:00,710301,2021-07-31 16:18:00,710000,710300
000556,1994-05-25 00:00:00,510101,2015-10-27 15:28:00,510000,510100
000557,1994-06-17 00:00:00,110601,2015-10-27 15:28:00,110000,110600
000557,2008-06-02 00:00:00,340305,2015-10-27 15:28:00,340000,340300
000557,2018-07-13 00:00:00,420701,2019-08-09 15:39:00,420000,420700
000557,2021-07-30 00:00:00,420903,2025-10-15 10:57:00,420000,420900
000558,1994-05-09 00:00:00,430101,2015-10-27 15:29:00,430000,430100
000558,2025-03-07 12:05:00,461003,2025-03-07 12:05:00,460000,461000
000559,1994-01-10 00:00:00,310201,2015-10-27 15:29:00,310000,310200
000559,2014-02-21 00:00:00,280201,2024-09-27 12:41:00,280000,280200
000559,2021-07-30 00:00:00,280203,2025-01-08 14:36:00,280000,280200
000560,1994-02-02 00:00:00,450101,2015-10-27 15:29:00,450000,450100
000560,2010-06-01 00:00:00,450103,2015-10-27 15:29:00,450000,450100
000560,2011-10-10 00:00:00,450101,2015-10-27 15:29:00,450000,450100
000560,2013-07-01 00:00:00,450103,2015-10-27 15:29:00,450000,450100
000560,2014-02-21 00:00:00,450501,2024-09-27 12:41:00,450000,450500
000560,2017-06-29 00:00:00,450301,2019-05-13 11:23:00,450000,450300
000560,2019-07-24 00:00:00,430101,2021-03-03 15:31:00,430000,430100
000560,2021-07-30 00:00:00,430302,2026-05-13 09:13:00,430000,430300
000561,1994-05-09 00:00:00,320102,2015-10-27 15:28:00,320000,320100
000561,2007-07-02 00:00:00,330101,2015-10-27 15:28:00,330000,330100
000561,2010-06-01 00:00:00,320102,2015-10-27 15:28:00,320000,320100
000561,2014-02-21 00:00:00,730201,2024-09-27 12:41:00,730000,730200
000561,2019-07-24 00:00:00,650201,2019-08-09 15:39:00,650000,650200
000562,1994-02-02 00:00:00,440301,2015-10-27 15:29:00,440000,440300
000562,2014-02-21 00:00:00,490101,2024-09-27 12:41:00,490000,490100
000563,1994-01-10 00:00:00,440201,2015-10-27 15:29:00,440000,440200
000563,2014-02-21 00:00:00,490301,2024-09-27 12:41:00,490000,490300
000563,2021-07-30 00:00:00,490304,2021-08-25 10:03:00,490000,490300
000564,1994-01-10 00:00:00,450101,2015-10-27 15:29:00,450000,450100
000564,2014-02-21 00:00:00,450301,2024-09-27 12:41:00,450000,450300
000565,1994-04-08 00:00:00,220305,2015-10-27 15:29:00,220000,220300
000565,2008-06-02 00:00:00,220309,2015-10-27 15:29:00,220000,220300
000565,2011-01-10 00:00:00,220305,2015-10-27 15:29:00,220000,220300
000566,1994-05-25 00:00:00,370103,2015-10-27 15:28:00,370000,370100
000566,2008-01-02 00:00:00,370102,2015-10-27 15:28:00,370000,370100
000567,1994-05-25 00:00:00,340304,2015-10-27 15:28:00,340000,340300
000567,2006-09-01 00:00:00,430101,2015-10-27 15:28:00,430000,430100
000567,2018-07-13 00:00:00,490301,2020-03-06 13:30:00,490000,490300
000567,2021-07-30 00:00:00,490307,2021-07-31 16:18:00,490000,490300
000568,1994-05-09 00:00:00,340301,2015-10-27 15:29:00,340000,340300
000568,2021-07-30 00:00:00,340501,2021-07-31 16:18:00,340000,340500
000569,1994-04-25 00:00:00,230102,2015-10-27 15:28:00,230000,230100
000570,1994-07-01 00:00:00,260104,2015-10-27 15:29:00,260000,260100
000570,2014-02-21 00:00:00,640104,2024-09-27 12:41:00,640000,640100
000570,2021-07-30 00:00:00,280203,2025-01-08 14:36:00,280000,280200
000571,1994-05-25 00:00:00,310301,2015-10-27 15:29:00,310000,310300
000571,2011-01-10 00:00:00,210201,2015-10-27 15:29:00,210000,210200
000571,2021-07-30 00:00:00,740101,2025-10-15 10:57:00,740000,740100
000572,1994-08-08 00:00:00,430101,2015-10-27 15:28:00,430000,430100
000572,2005-09-01 00:00:00,310401,2015-10-27 15:28:00,310000,310400
000572,2006-09-01 00:00:00,310101,2015-10-27 15:28:00,310000,310100
000572,2014-02-21 00:00:00,280101,2024-09-27 12:41:00,280000,280100
000572,2021-07-30 00:00:00,280502,2025-01-08 14:36:00,280000,280500
000573,1994-08-15 00:00:00,430101,2015-10-27 15:29:00,430000,430100
000576,1994-09-07 00:00:00,340102,2015-10-27 15:28:00,340000,340100
000576,2011-10-10 00:00:00,110504,2015-10-27 15:28:00,110000,110500
000576,2013-01-01 00:00:00,360101,2015-10-27 15:28:00,360000,360100
000576,2018-06-12 00:00:00,110504,2019-08-09 15:39:00,110000,110500
000576,2020-06-22 00:00:00,650301,2020-06-22 11:20:00,650000,650300
000578,1995-01-08 00:00:00,450201,2015-10-27 15:29:00,450000,450200
000578,2000-09-01 00:00:00,440301,2015-10-27 15:29:00,440000,440300
000578,2007-07-02 00:00:00,510101,2015-10-27 15:29:00,510000,510100
000578,2009-06-01 00:00:00,220306,2015-10-27 15:29:00,220000,220300
000581,1998-09-24 00:00:00,260104,2015-10-27 15:29:00,260000,260100
000581,2011-10-10 00:00:00,310201,2015-10-27 15:29:00,310000,310200
000581,2014-02-21 00:00:00,280201,2024-09-27 12:41:00,280000,280200
000581,2021-07-30 00:00:00,280203,2025-01-08 14:36:00,280000,280200
000582,1995-11-02 00:00:00,420101,2015-10-27 15:28:00,420000,420100
000582,2021-07-30 00:00:00,421102,2025-10-15 10:57:00,420000,421100
000583,1995-11-01 00:00:00,470301,2015-10-27 15:28:00,470000,470300
000584,1995-11-28 00:00:00,510101,2015-10-27 15:29:00,510000,510100
000584,2007-07-02 00:00:00,220404,2015-10-27 15:29:00,220000,220400
000584,2008-06-02 00:00:00,220405,2018-06-20 15:06:00,220000,220400
000584,2018-07-13 00:00:00,640209,2019-08-09 15:39:00,640000,640200
000584,2021-07-30 00:00:00,640701,2021-07-31 16:18:00,640000,640700
000585,1995-12-13 00:00:00,260404,2015-10-27 15:28:00,260000,260400
000585,2014-02-21 00:00:00,630401,2024-09-27 12:41:00,630000,630400
000585,2021-07-30 00:00:00,630801,2021-11-30 13:17:00,630000,630800
000586,1995-12-20 00:00:00,450201,2015-10-27 15:29:00,450000,450200
000586,2004-07-01 00:00:00,320101,2015-10-27 15:29:00,320000,320100
000586,2007-07-02 00:00:00,320103,2015-10-27 15:29:00,320000,320100
000586,2014-02-21 00:00:00,730202,2024-09-27 12:41:00,730000,730200
000586,2021-07-30 00:00:00,730205,2026-06-01 14:47:00,730000,730200
000587,1996-04-25 00:00:00,360301,2015-10-27 15:29:00,360000,360300
000587,2008-06-02 00:00:00,360302,2015-10-27 15:29:00,360000,360300
000587,2012-01-08 00:00:00,360304,2015-10-27 15:29:00,360000,360300
000587,2021-07-30 00:00:00,350301,2021-07-31 16:18:00,350000,350300
000588,1996-01-23 00:00:00,110202,2015-10-27 15:28:00,110000,110200
000589,1996-03-08 00:00:00,220601,2015-10-27 15:29:00,220000,220600
000589,2021-07-30 00:00:00,280204,2025-09-26 17:00:00,280000,280200
000590,1996-01-19 00:00:00,370201,2015-10-27 15:28:00,370000,370200
000591,1996-02-08 00:00:00,370401,2015-10-27 15:29:00,370000,370400
000591,2017-05-26 09:59:00,630303,2019-02-27 10:20:00,630000,630300
000591,2019-07-24 00:00:00,410105,2019-08-09 15:38:00,410000,410100
000591,2021-07-30 00:00:00,410106,2025-10-15 10:57:00,410000,410100
000592,1996-03-27 00:00:00,430101,2015-10-27 15:29:00,430000,430100
000592,2009-10-09 00:00:00,360302,2015-10-27 15:29:00,360000,360300
000592,2014-01-01 00:00:00,110301,2015-10-27 15:29:00,110000,110300
000593,1996-03-12 00:00:00,450101,2015-10-27 15:28:00,450000,450100
000593,2007-07-02 00:00:00,510101,2015-10-27 15:28:00,510000,510100
000593,2015-07-01 00:00:00,410301,2015-10-27 15:28:00,410000,410300
000593,2015-10-26 00:00:00,510101,2017-07-07 15:29:00,510000,510100
000593,2018-06-19 16:11:00,410301,2019-08-09 15:39:00,410000,410300
000594,1996-03-20 00:00:00,210301,2015-10-27 15:28:00,210000,210300
000594,2007-01-02 00:00:00,420701,2015-10-27 15:28:00,420000,420700
000595,1996-04-19 00:00:00,260102,2015-10-27 15:28:00,260000,260100
000595,2014-02-21 00:00:00,640102,2024-09-27 12:41:00,640000,640100
000595,2021-07-30 00:00:00,640108,2025-10-15 10:57:00,640000,640100
000595,2026-07-01 10:24:00,410107,2026-07-01 10:24:00,410000,410100
000596,1996-09-27 00:00:00,340301,2015-10-27 15:28:00,340000,340300
000596,2021-07-30 00:00:00,340501,2025-06-01 08:45:00,340000,340500
000597,1996-05-23 00:00:00,370101,2015-10-27 15:28:00,370000,370100
000597,2019-07-24 00:00:00,370102,2020-12-04 14:32:00,370000,370100
000598,1996-05-29 00:00:00,220304,2015-10-27 15:29:00,220000,220300
000598,2009-01-01 00:00:00,410201,2015-10-27 15:29:00,410000,410200
000598,2021-07-30 00:00:00,760102,2026-04-02 13:26:00,760000,760100
000599,1996-04-10 00:00:00,350201,2015-10-27 15:29:00,350000,350200
000599,2003-05-01 00:00:00,220601,2015-10-27 15:29:00,220000,220600
000599,2021-07-30 00:00:00,280204,2025-01-08 14:36:00,280000,280200
000600,1996-06-06 00:00:00,460201,2015-10-27 15:29:00,460000,460200
000600,2006-09-07 00:00:00,410101,2015-10-27 15:29:00,410000,410100
000601,1996-08-30 00:00:00,410101,2015-10-27 15:29:00,410000,410100
000601,2017-05-26 10:00:00,410102,2018-06-20 15:06:00,410000,410100
000602,1996-08-06 00:00:00,460301,2015-10-27 15:29:00,460000,460300
000602,2002-09-01 00:00:00,320201,2015-10-27 15:29:00,320000,320200
000602,2008-06-02 00:00:00,240102,2015-10-27 15:29:00,240000,240100
000602,2013-07-01 00:00:00,410101,2015-10-27 15:29:00,410000,410100
000603,1996-08-23 00:00:00,370501,2015-10-27 15:29:00,370000,370500
000603,2012-07-02 00:00:00,240104,2015-10-27 15:29:00,240000,240100
000603,2014-02-21 00:00:00,240303,2024-09-27 12:41:00,240000,240300
000605,1996-08-01 00:00:00,260202,2015-10-27 15:28:00,260000,260200
000605,2001-09-01 00:00:00,370301,2015-10-27 15:28:00,370000,370300
000605,2015-07-01 00:00:00,410201,2015-11-06 14:51:00,410000,410200
000605,2021-07-30 00:00:00,760102,2025-10-15 10:57:00,760000,760100
000606,1996-10-04 00:00:00,220304,2015-10-27 15:29:00,220000,220300
000606,2011-01-10 00:00:00,370201,2015-10-27 15:29:00,370000,370200
000606,2017-06-29 00:00:00,710202,2019-08-09 15:39:00,710000,710200
000606,2021-07-30 00:00:00,710301,2021-07-31 16:18:00,710000,710300
000607,1996-08-30 00:00:00,260301,2015-10-27 15:29:00,260000,260300
000607,2007-07-02 00:00:00,370201,2015-10-27 15:29:00,370000,370200
000607,2011-10-10 00:00:00,260301,2015-10-27 15:29:00,260000,260300
000607,2014-02-21 00:00:00,640301,2024-09-27 12:41:00,640000,640300
000607,2018-06-19 16:10:00,720201,2019-08-09 15:38:00,720000,720200
000607,2021-07-30 00:00:00,720502,2025-10-15 10:57:00,720000,720500
000608,1996-09-19 00:00:00,430101,2015-10-27 15:29:00,430000,430100
000608,2021-07-30 00:00:00,430102,2021-07-31 16:18:00,430000,430100
000609,1996-10-10 00:00:00,220101,2015-10-27 15:29:00,220000,220100
000609,2007-07-02 00:00:00,430101,2015-10-27 15:29:00,430000,430100
000610,1996-09-26 00:00:00,460301,2015-10-27 15:29:00,460000,460300
000610,2017-06-29 00:00:00,460201,2021-05-31 15:08:00,460000,460200
000610,2021-07-30 00:00:00,460901,2021-07-31 16:18:00,460000,460900
000610,2024-07-30 12:45:00,461004,2024-07-30 12:45:00,460000,461000
000611,1996-10-08 00:00:00,450101,2015-10-27 15:28:00,450000,450100
000611,2006-09-01 00:00:00,260402,2015-10-27 15:28:00,260000,260400
000611,2012-10-08 00:00:00,350106,2015-10-27 15:28:00,350000,350100
000611,2014-01-01 00:00:00,450201,2015-10-27 15:28:00,450000,450200
000611,2018-06-19 16:11:00,350106,2019-08-09 15:38:00,350000,350100
000611,2021-07-30 00:00:00,740101,2021-07-31 16:18:00,740000,740100
000612,1996-09-26 00:00:00,240101,2015-10-27 15:29:00,240000,240100
000612,2008-06-02 00:00:00,240102,2015-10-27 15:29:00,240000,240100
000612,2014-02-21 00:00:00,240301,2024-09-27 12:41:00,240000,240300
000613,1997-01-28 00:00:00,460102,2015-10-27 15:28:00,460000,460100
000613,2011-01-10 00:00:00,460201,2015-10-27 15:28:00,460000,460200
000613,2021-07-30 00:00:00,460901,2021-07-31 16:18:00,460000,460900
000615,1996-10-16 00:00:00,220403,2015-10-27 15:29:00,220000,220400
000615,2017-05-26 10:00:00,430101,2021-03-22 13:16:00,430000,430100
000615,2021-07-30 00:00:00,770302,2024-01-15 10:32:00,770000,770300
000616,1996-10-22 00:00:00,460201,2015-10-27 15:28:00,460000,460200
000616,2003-05-01 00:00:00,430101,2015-10-27 15:28:00,430000,430100
000616,2022-07-29 00:00:00,490307,2022-07-29 11:54:00,490000,490300
000617,1996-10-22 00:00:00,260104,2015-10-27 15:29:00,260000,260100
000617,2007-07-02 00:00:00,260205,2015-10-27 15:29:00,260000,260200
000617,2011-10-10 00:00:00,260104,2015-10-27 15:29:00,260000,260100
000617,2014-02-21 00:00:00,640104,2024-09-27 12:41:00,640000,640100
000617,2018-07-13 00:00:00,490301,2021-03-03 15:36:00,490000,490300
000617,2021-07-30 00:00:00,490302,2026-02-26 16:27:00,490000,490300
000618,1996-10-15 00:00:00,220101,2015-10-27 15:29:00,220000,220100
000619,1996-09-19 00:00:00,360101,2015-10-27 15:28:00,360000,360100
000619,2000-09-01 00:00:00,250104,2015-10-27 15:28:00,250000,250100
000619,2014-02-21 00:00:00,610303,2024-09-27 12:41:00,610000,610300
000620,1996-10-29 00:00:00,220101,2015-10-27 15:29:00,220000,220100
000620,2008-06-02 00:00:00,240106,2015-10-27 15:29:00,240000,240100
000620,2011-10-10 00:00:00,510101,2015-10-27 15:29:00,510000,510100
000620,2012-01-08 00:00:00,430101,2015-10-27 15:29:00,430000,430100
000621,1996-11-05 00:00:00,470201,2015-10-27 15:28:00,470000,470200
000622,1996-11-07 00:00:00,310201,2024-07-29 11:30:00,310000,310200
000622,2007-07-02 00:00:00,510101,2024-07-29 11:30:00,510000,510100
000622,2013-07-01 00:00:00,310201,2024-07-29 11:30:00,310000,310200
000622,2014-02-21 00:00:00,280201,2024-09-27 12:41:00,280000,280200
000622,2021-07-30 00:00:00,510101,2024-07-29 11:30:00,510000,510100
000623,1996-10-28 00:00:00,370201,2015-10-27 15:29:00,370000,370200
000623,2007-07-02 00:00:00,440301,2015-10-27 15:29:00,440000,440300
000623,2014-02-21 00:00:00,490101,2024-09-27 12:41:00,490000,490100
000623,2014-07-01 00:00:00,370201,2015-10-27 15:29:00,370000,370200
000623,2019-07-24 00:00:00,370102,2020-12-04 14:32:00,370000,370100
000623,2022-07-29 00:00:00,370201,2022-07-29 11:54:00,370000,370200
000625,1997-06-10 00:00:00,310101,2015-10-27 15:28:00,310000,310100
000625,2014-02-21 00:00:00,280101,2024-09-27 12:41:00,280000,280100
000625,2021-07-30 00:00:00,280502,2026-02-26 16:27:00,280000,280500
000626,1996-11-28 00:00:00,110501,2015-10-27 15:29:00,110000,110500
000626,2011-10-10 00:00:00,450201,2019-08-09 15:40:00,450000,450200
000626,2021-07-30 00:00:00,420802,2025-10-15 10:57:00,420000,420800
000627,1996-11-12 00:00:00,370102,2015-10-27 15:29:00,370000,370100
000627,2011-01-10 00:00:00,220309,2015-10-27 15:29:00,220000,220300
000627,2017-06-29 00:00:00,490201,2021-03-03 15:31:00,490000,490200
000628,1996-11-18 00:00:00,430101,2015-10-27 15:28:00,430000,430100
000628,2013-01-01 00:00:00,510101,2015-10-27 15:28:00,510000,510100
000628,2018-07-13 00:00:00,620101,2020-07-15 16:29:00,620000,620100
000629,1996-11-15 00:00:00,230101,2015-10-27 15:29:00,230000,230100
000629,2012-01-08 00:00:00,210301,2015-10-27 15:29:00,210000,210300
000629,2021-07-30 00:00:00,230302,2025-01-24 16:29:00,230000,230300
000630,1996-11-20 00:00:00,240101,2015-10-27 15:29:00,240000,240100
000630,2008-06-02 00:00:00,240103,2015-10-27 15:29:00,240000,240100
000630,2014-02-21 00:00:00,240302,2024-09-27 12:41:00,240000,240300
000631,1996-11-22 00:00:00,310201,2015-10-27 15:29:00,310000,310200
000631,2010-01-01 00:00:00,430101,2015-10-27 15:29:00,430000,430100
000631,2026-07-01 10:24:00,410110,2026-07-01 10:24:00,410000,410100
000632,1996-11-21 00:00:00,430101,2024-07-29 11:30:00,430000,430100
000632,2007-07-02 00:00:00,510101,2024-07-29 11:30:00,510000,510100
000633,1996-11-12 00:00:00,260101,2015-10-27 15:29:00,260000,260100
000633,2007-07-02 00:00:00,260207,2015-10-27 15:29:00,260000,260200
000633,2014-02-21 00:00:00,640209,2024-09-27 12:41:00,640000,640200
000633,2015-07-01 00:00:00,240302,2017-07-07 15:29:00,240000,240300
000633,2018-06-19 16:13:00,240201,2021-01-25 13:35:00,240000,240200
000635,1996-10-25 00:00:00,220101,2015-10-27 15:29:00,220000,220100
000635,2003-05-01 00:00:00,410101,2015-10-27 15:29:00,410000,410100
000635,2007-07-02 00:00:00,220202,2015-10-27 15:29:00,220000,220200
000636,1996-11-29 00:00:00,270201,2015-10-27 15:28:00,270000,270200
000636,2011-10-10 00:00:00,270203,2015-10-27 15:28:00,270000,270200
000637,1996-11-14 00:00:00,220101,2015-10-27 15:29:00,220000,220100
000637,2021-07-30 00:00:00,750303,2021-07-31 16:18:00,750000,750300
000638,1996-11-22 00:00:00,250201,2015-10-27 15:29:00,250000,250200
000638,2007-07-02 00:00:00,430101,2015-10-27 15:29:00,430000,430100
000638,2017-06-29 00:00:00,510101,2019-08-09 15:40:00,510000,510100
000638,2021-07-30 00:00:00,710301,2021-07-31 16:18:00,710000,710300
000638,2024-01-08 00:00:00,650501,2025-10-15 10:57:00,650000,650500
000639,1990-01-01 00:00:00,460401,2024-09-30 15:24:00,460000,460400
000639,2002-09-01 00:00:00,250104,2015-10-27 15:29:00,250000,250100
000639,2011-01-10 00:00:00,110502,2015-10-27 15:29:00,110000,110500
000639,2019-07-24 00:00:00,340404,2019-08-09 15:40:00,340000,340400
000639,2021-07-30 00:00:00,110502,2021-07-31 16:18:00,110000,110500
000639,2024-07-30 12:45:00,340407,2024-07-30 12:45:00,340000,340400
000650,1996-11-18 00:00:00,220403,2015-10-27 15:29:00,220000,220400
000650,2007-07-02 00:00:00,370201,2015-10-27 15:29:00,370000,370200
000651,1996-11-18 00:00:00,330102,2015-10-27 15:28:00,330000,330100
000652,1996-11-28 00:00:00,220401,2024-07-29 11:30:00,220000,220400
000652,2006-09-01 00:00:00,510101,2024-07-29 11:30:00,510000,510100
000653,1996-11-26 00:00:00,450201,2015-10-27 15:28:00,450000,450200
000655,1996-11-28 00:00:00,250103,2015-10-27 15:29:00,250000,250100
000655,2007-07-02 00:00:00,210301,2015-10-27 15:29:00,210000,210300
000655,2021-07-30 00:00:00,230301,2025-01-08 14:36:00,230000,230300
000656,1996-11-28 00:00:00,230102,2015-10-27 15:29:00,230000,230100
000656,2007-07-02 00:00:00,430101,2015-10-27 15:29:00,430000,430100
000657,1996-12-05 00:00:00,240101,2015-10-27 15:29:00,240000,240100
000657,2008-06-02 00:00:00,240106,2015-10-27 15:29:00,240000,240100
000657,2014-02-21 00:00:00,240502,2024-09-27 12:41:00,240000,240500
000658,1996-12-18 00:00:00,510101,2015-10-27 15:28:00,510000,510100
000659,1996-12-03 00:00:00,360201,2015-10-27 15:28:00,360000,360200
000659,2021-07-30 00:00:00,360204,2021-07-31 16:18:00,360000,360200
000660,1996-12-09 00:00:00,260105,2015-10-27 15:28:00,260000,260100
000660,2005-07-01 00:00:00,260404,2015-10-27 15:28:00,260000,260400
000661,1996-12-18 00:00:00,370301,2015-10-27 15:28:00,370000,370300
000661,2021-07-30 00:00:00,370304,2021-07-31 16:18:00,370000,370300
000662,1996-12-02 00:00:00,510101,2015-10-27 15:29:00,510000,510100
000662,2002-05-01 00:00:00,220304,2015-10-27 15:29:00,220000,220300
000662,2017-06-29 00:00:00,710202,2019-08-09 15:39:00,710000,710200
000662,2021-07-30 00:00:00,710401,2021-07-31 16:18:00,710000,710400
000663,1996-12-06 00:00:00,110301,2015-10-27 15:29:00,110000,110300
000663,2016-07-01 00:00:00,360302,2019-08-09 15:39:00,360000,360300
000663,2021-07-30 00:00:00,360308,2021-07-31 16:18:00,360000,360300
000663,2022-07-29 00:00:00,110301,2022-07-29 11:54:00,110000,110300
000665,1996-12-10 00:00:00,220501,2015-10-27 15:29:00,220000,220500
000665,2010-06-01 00:00:00,470204,2015-10-27 15:29:00,470000,470200
000665,2014-02-21 00:00:00,720103,2024-09-27 12:41:00,720000,720100
000665,2021-07-30 00:00:00,721001,2025-10-15 10:57:00,720000,721000
000666,1996-12-10 00:00:00,260201,2015-10-27 15:29:00,260000,260200
000666,2013-07-01 00:00:00,440201,2015-10-27 15:29:00,440000,440200
000666,2014-02-21 00:00:00,490301,2024-09-27 12:41:00,490000,490300
000666,2021-07-30 00:00:00,490304,2021-07-31 16:18:00,490000,490300
000667,1990-01-01 00:00:00,450101,2024-09-30 15:27:00,450000,450100
000667,2003-05-01 00:00:00,430101,2015-10-27 15:29:00,430000,430100
000668,1996-12-10 00:00:00,220103,2015-10-27 15:29:00,220000,220100
000668,2007-07-02 00:00:00,430101,2015-10-27 15:29:00,430000,430100
000668,2009-06-01 00:00:00,220103,2015-10-27 15:29:00,220000,220100
000668,2011-01-10 00:00:00,430101,2015-10-27 15:29:00,430000,430100
000668,2022-07-29 00:00:00,370402,2022-07-29 11:54:00,370000,370400
000668,2024-07-30 12:45:00,430101,2025-01-08 14:36:00,430000,430100
000669,1996-12-10 00:00:00,270401,2015-10-27 15:29:00,270000,270400
000669,2007-07-02 00:00:00,370501,2015-10-27 15:29:00,370000,370500
000669,2012-07-02 00:00:00,510101,2015-10-27 15:29:00,510000,510100
000669,2013-01-01 00:00:00,410301,2015-10-27 15:29:00,410000,410300
000670,1996-12-17 00:00:00,220103,2015-10-27 15:29:00,220000,220100
000670,2010-01-01 00:00:00,430101,2015-10-27 15:29:00,430000,430100
000670,2015-07-01 00:00:00,270103,2015-10-27 15:29:00,270000,270100
000670,2017-06-29 00:00:00,270101,2019-08-09 15:38:00,270000,270100
000670,2021-07-30 00:00:00,270104,2021-07-31 16:18:00,270000,270100
000670,2022-07-29 00:00:00,270401,2023-04-25 09:31:00,270000,270400
000671,1996-12-18 00:00:00,510101,2015-10-27 15:29:00,510000,510100
000671,2007-07-02 00:00:00,430101,2015-10-27 15:29:00,430000,430100
000672,1996-12-18 00:00:00,110502,2015-10-27 15:29:00,110000,110500
000672,2013-07-01 00:00:00,250102,2015-10-27 15:29:00,250000,250100
000672,2014-02-21 00:00:00,610101,2024-09-27 12:41:00,610000,610100
000673,1997-01-24 00:00:00,250102,2015-10-27 15:28:00,250000,250100
000673,2012-07-02 00:00:00,470403,2015-10-27 15:28:00,470000,470400
000673,2014-02-21 00:00:00,720201,2024-09-27 12:41:00,720000,720200
000673,2018-06-20 14:55:00,720102,2019-08-09 15:38:00,720000,720100
000673,2021-07-30 00:00:00,720601,2021-07-31 16:18:00,720000,720600
000675,1996-12-26 00:00:00,220302,2015-10-27 15:28:00,220000,220300
000676,1996-12-24 00:00:00,260301,2015-10-27 15:29:00,260000,260300
000676,2014-02-21 00:00:00,640301,2024-09-27 12:41:00,640000,640300
000676,2017-06-29 00:00:00,720302,2020-06-18 09:09:00,720000,720300
000676,2021-07-30 00:00:00,720501,2025-10-15 10:57:00,720000,720500
000677,1996-12-26 00:00:00,220403,2015-10-27 15:28:00,220000,220400
000677,2017-06-29 00:00:00,220401,2019-08-09 15:39:00,220000,220400
000677,2021-07-30 00:00:00,220403,2021-07-31 16:18:00,220000,220400
000678,1997-01-06 00:00:00,310201,2015-10-27 15:29:00,310000,310200
000678,2014-02-21 00:00:00,280201,2024-09-27 12:41:00,280000,280200
000678,2021-07-30 00:00:00,280203,2025-01-08 14:36:00,280000,280200
000679,1997-01-24 00:00:00,450101,2015-10-27 15:28:00,450000,450100
000679,2010-06-01 00:00:00,450103,2015-10-27 15:28:00,450000,450100
000679,2014-02-21 00:00:00,450501,2024-09-27 12:41:00,450000,450500
000679,2015-07-01 00:00:00,450303,2016-06-23 18:22:00,450000,450300
000679,2017-11-09 00:00:00,430101,2020-12-16 15:10:00,430000,430100
000679,2021-07-30 00:00:00,450303,2021-07-31 16:18:00,450000,450300
000679,2022-07-29 00:00:00,450301,2022-07-29 11:54:00,450000,450300
000680,1997-01-22 00:00:00,260202,2015-10-27 15:29:00,260000,260200
000680,2014-02-21 00:00:00,640201,2024-09-27 12:41:00,640000,640200
000680,2021-07-30 00:00:00,640601,2025-10-15 10:57:00,640000,640600
000681,1997-01-21 00:00:00,350201,2015-10-27 15:29:00,350000,350200
000681,2011-10-10 00:00:00,510101,2015-10-27 15:29:00,510000,510100
000681,2014-02-21 00:00:00,720102,2024-09-27 12:41:00,720000,720100
000681,2019-07-24 00:00:00,720301,2021-03-03 15:32:00,720000,720300
000681,2021-07-30 00:00:00,720703,2025-10-15 10:57:00,720000,720700
000682,1997-01-21 00:00:00,470301,2015-10-27 15:28:00,470000,470300
000682,2008-06-02 00:00:00,470303,2015-10-27 15:28:00,470000,470300
000682,2013-07-01 00:00:00,260402,2015-10-27 15:28:00,260000,260400
000682,2014-02-21 00:00:00,630201,2024-09-27 12:41:00,630000,630200
000682,2021-07-30 00:00:00,630803,2025-10-15 10:57:00,630000,630800
000683,1997-01-31 00:00:00,220201,2015-10-27 15:29:00,220000,220200
000683,2011-01-10 00:00:00,210201,2015-10-27 15:29:00,210000,210200
000683,2015-07-01 00:00:00,220201,2015-11-09 13:56:00,220000,220200
000685,1997-01-23 00:00:00,450101,2015-10-27 15:29:00,450000,450100
000685,2009-01-01 00:00:00,410201,2015-10-27 15:29:00,410000,410200
000685,2021-07-30 00:00:00,760102,2025-10-15 10:57:00,760000,760100
000686,1997-02-27 00:00:00,220103,2015-10-27 15:28:00,220000,220100
000686,2007-07-02 00:00:00,440301,2015-10-27 15:28:00,440000,440300
000686,2014-02-21 00:00:00,490101,2024-09-27 12:41:00,490000,490100
000687,1997-02-21 00:00:00,220403,2015-10-27 15:29:00,220000,220400
000687,2008-06-02 00:00:00,310304,2023-09-26 15:16:00,310000,310300
000687,2014-02-21 00:00:00,730201,2024-09-27 12:41:00,730000,730200
000687,2019-07-24 00:00:00,650201,2019-08-09 15:39:00,650000,650200
000688,1996-12-18 00:00:00,250103,2015-10-27 15:29:00,250000,250100
000688,2003-05-01 00:00:00,320201,2015-10-27 15:29:00,320000,320200
000688,2013-07-01 00:00:00,240104,2015-10-27 15:29:00,240000,240100
000688,2014-02-21 00:00:00,240303,2024-09-27 12:41:00,240000,240300
000688,2026-07-01 10:24:00,240505,2026-07-01 10:24:00,240000,240500
000689,1996-12-31 00:00:00,240101,2015-10-27 15:28:00,240000,240100
000690,1997-01-28 00:00:00,250201,2015-10-27 15:28:00,250000,250200
000690,2007-07-02 00:00:00,410101,2015-10-27 15:28:00,410000,410100
000690,2017-05-26 10:00:00,410105,2019-08-09 15:38:00,410000,410100
000690,2021-07-30 00:00:00,410101,2025-10-15 10:57:00,410000,410100
000691,1997-02-28 00:00:00,460201,2015-10-27 15:29:00,460000,460200
000691,2007-07-02 00:00:00,510101,2015-10-27 15:29:00,510000,510100
000691,2012-01-08 00:00:00,430101,2015-10-27 15:29:00,430000,430100
000691,2022-07-29 00:00:00,220204,2022-07-29 11:54:00,220000,220200
000692,1997-02-27 00:00:00,410104,2015-10-27 15:29:00,410000,410100
000693,1990-09-01 00:00:00,220401,2015-10-27 15:29:00,220000,220400
000693,2000-05-01 00:00:00,470202,2015-10-27 15:29:00,470000,470200
000693,2011-10-10 00:00:00,470203,2015-10-27 15:29:00,470000,470200
000693,2013-07-01 00:00:00,240106,2015-10-27 15:29:00,240000,240100
000693,2014-02-21 00:00:00,720303,2024-09-27 12:41:00,720000,720300
000695,1997-02-18 00:00:00,220305,2015-10-27 15:28:00,220000,220300
000695,2006-09-01 00:00:00,410104,2015-10-27 15:28:00,410000,410100
000695,2019-07-24 00:00:00,360201,2019-08-09 15:39:00,360000,360200
000695,2021-07-30 00:00:00,360202,2021-07-31 16:18:00,360000,360200
000695,2024-07-30 12:45:00,630702,2025-10-15 10:57:00,630000,630700
000697,1997-03-25 00:00:00,270301,2015-10-27 15:29:00,270000,270300
000697,2011-10-10 00:00:00,240106,2015-10-27 15:29:00,240000,240100
000697,2014-02-21 00:00:00,240504,2024-09-27 12:41:00,240000,240500
000697,2019-07-24 00:00:00,650201,2019-08-09 15:39:00,650000,650200
000698,1997-02-20 00:00:00,220202,2015-10-27 15:29:00,220000,220200
000698,2010-01-01 00:00:00,220101,2015-10-27 15:29:00,220000,220100
000698,2021-07-30 00:00:00,750301,2021-07-31 16:18:00,750000,750300
000699,1997-03-10 00:00:00,360101,2015-10-27 15:28:00,360000,360100
000700,1997-02-28 00:00:00,310201,2015-10-27 15:29:00,310000,310200
000700,2014-02-21 00:00:00,280201,2024-09-27 12:41:00,280000,280200
000700,2021-07-30 00:00:00,280202,2025-01-08 14:36:00,280000,280200
000701,1997-02-26 00:00:00,470201,2015-10-27 15:29:00,470000,470200
000701,2007-07-02 00:00:00,510101,2015-10-27 15:29:00,510000,510100
000701,2015-07-01 00:00:00,270203,2015-11-09 13:58:00,270000,270200
000701,2021-07-30 00:00:00,270401,2023-04-25 09:31:00,270000,270400
000701,2024-07-30 12:45:00,280302,2025-01-08 14:36:00,280000,280300
000701,2026-07-01 10:24:00,450201,2026-07-01 10:24:00,450000,450200
000702,1997-03-18 00:00:00,110401,2015-10-27 15:29:00,110000,110400
000702,2021-07-30 00:00:00,110402,2024-05-27 10:52:00,110000,110400
000703,1990-02-26 00:00:00,320101,2015-10-27 15:29:00,320000,320100
000703,2001-09-01 00:00:00,360201,2015-10-27 15:29:00,360000,360200
000703,2007-07-02 00:00:00,510101,2015-10-27 15:29:00,510000,510100
000703,2011-01-10 00:00:00,220401,2015-10-27 15:29:00,220000,220400
000703,2021-07-30 00:00:00,750301,2025-09-11 15:39:00,750000,750300
000705,1997-04-10 00:00:00,370401,2015-10-27 15:29:00,370000,370400
000705,2021-07-30 00:00:00,370402,2021-07-31 16:18:00,370000,370400
000707,1997-04-15 00:00:00,220201,2015-10-27 15:29:00,220000,220200
000708,1997-03-21 00:00:00,230102,2015-10-27 15:28:00,230000,230100
000708,2021-07-30 00:00:00,230501,2022-07-05 09:16:00,230000,230500
000709,1997-04-16 00:00:00,230101,2015-10-27 15:29:00,230000,230100
000709,2021-07-30 00:00:00,230402,2025-01-08 14:36:00,230000,230400
000710,1997-04-22 00:00:00,310201,2015-10-27 15:29:00,310000,310200
000710,2011-10-10 00:00:00,510101,2015-10-27 15:29:00,510000,510100
000710,2012-10-08 00:00:00,310201,2015-10-27 15:29:00,310000,310200
000710,2014-02-21 00:00:00,280201,2024-09-27 12:41:00,280000,280200
000710,2018-07-13 00:00:00,370501,2020-12-04 14:32:00,370000,370500
000710,2021-07-30 00:00:00,370504,2021-07-31 16:18:00,370000,370500
000710,2022-07-29 00:00:00,370602,2022-07-29 11:54:00,370000,370600
000711,1997-04-11 00:00:00,460201,2015-10-27 15:28:00,460000,460200
000711,2007-07-02 00:00:00,430101,2015-10-27 15:28:00,430000,430100
000711,2013-01-01 00:00:00,510101,2015-10-27 15:28:00,510000,510100
000711,2018-07-13 00:00:00,410401,2019-08-09 15:38:00,410000,410400
000711,2021-07-30 00:00:00,760103,2021-07-31 16:18:00,760000,760100
000711,2022-07-29 00:00:00,760104,2025-10-15 10:57:00,760000,760100
000712,1997-03-21 00:00:00,350102,2015-10-27 15:29:00,350000,350100
000712,2007-07-02 00:00:00,430101,2015-10-27 15:29:00,430000,430100
000712,2009-06-01 00:00:00,410201,2015-10-27 15:29:00,410000,410200
000712,2014-02-21 00:00:00,490101,2024-09-30 15:34:00,490000,490100
000713,1997-04-22 00:00:00,110101,2015-10-27 15:28:00,110000,110100
000715,1997-05-08 00:00:00,450101,2015-10-27 15:29:00,450000,450100
000715,2014-02-21 00:00:00,450301,2024-09-27 12:41:00,450000,450300
000716,1997-04-03 00:00:00,510101,2015-10-27 15:29:00,510000,510100
000716,2008-06-02 00:00:00,340103,2015-10-27 15:29:00,340000,340100
000716,2011-10-10 00:00:00,340404,2015-10-27 15:29:00,340000,340400
000716,2021-07-30 00:00:00,340802,2021-07-31 16:18:00,340000,340800
000716,2022-07-29 00:00:00,340801,2022-07-29 11:54:00,340000,340800
000717,1997-05-08 00:00:00,230101,2015-10-27 15:29:00,230000,230100
000717,2021-07-30 00:00:00,230401,2025-01-08 14:36:00,230000,230400
000718,1997-04-08 00:00:00,360101,2015-10-27 15:29:00,360000,360100
000718,2006-09-01 00:00:00,430101,2015-10-27 15:29:00,430000,430100
000719,1997-03-31 00:00:00,220201,2015-10-27 15:28:00,220000,220200
000719,2011-10-10 00:00:00,470401,2015-10-27 15:28:00,470000,470400
000719,2014-02-21 00:00:00,720101,2024-09-27 12:41:00,720000,720100
000719,2021-07-30 00:00:00,720902,2025-10-15 10:57:00,720000,720900
000720,1997-04-22 00:00:00,260404,2015-10-27 15:29:00,260000,260400
000720,2003-05-01 00:00:00,410101,2015-10-27 15:29:00,410000,410100
000720,2021-07-30 00:00:00,430103,2021-07-31 16:18:00,430000,430100
000720,2022-07-29 00:00:00,630805,2025-10-15 10:57:00,630000,630800
000721,1997-04-25 00:00:00,460401,2015-10-27 15:29:00,460000,460400
000721,2021-07-30 00:00:00,460902,2021-07-31 16:18:00,460000,460900
000722,1997-05-22 00:00:00,110102,2015-10-27 15:29:00,110000,110100
000722,2007-07-02 00:00:00,270201,2015-10-27 15:29:00,270000,270200
000722,2010-06-01 00:00:00,510101,2015-10-27 15:29:00,510000,510100
000722,2013-01-01 00:00:00,410102,2015-10-27 15:29:00,410000,410100
000723,1997-05-15 00:00:00,260402,2015-10-27 15:29:00,260000,260400
000723,2003-09-30 00:00:00,260404,2015-10-27 15:29:00,260000,260400
000723,2007-07-02 00:00:00,210202,2015-10-27 15:29:00,210000,210200
000723,2021-07-30 00:00:00,740201,2025-10-15 10:57:00,740000,740200
000725,2001-01-12 00:00:00,270301,2015-10-27 15:29:00,270000,270300
000726,2000-12-25 00:00:00,350102,2015-10-27 15:29:00,350000,350100
000727,1997-05-20 00:00:00,270301,2015-10-27 15:29:00,270000,270300
000728,1997-06-16 00:00:00,220202,2015-10-27 15:28:00,220000,220200
000728,2007-07-02 00:00:00,440301,2015-10-27 15:28:00,440000,440300
000728,2014-02-21 00:00:00,490101,2024-09-27 12:41:00,490000,490100
000729,1997-07-16 00:00:00,340302,2015-10-27 15:29:00,340000,340300
000729,2021-07-30 00:00:00,340601,2026-07-03 16:36:00,340000,340600
000730,1997-05-22 00:00:00,410401,2015-10-27 15:28:00,410000,410400
000731,1997-06-17 00:00:00,220301,2015-10-27 15:29:00,220000,220300
000731,2021-07-30 00:00:00,220801,2021-07-31 16:18:00,220000,220800
000732,1997-07-04 00:00:00,220303,2015-10-27 15:29:00,220000,220300
000732,2011-01-10 00:00:00,430101,2015-10-27 15:29:00,430000,430100
000733,1997-07-03 00:00:00,270201,2015-10-27 15:29:00,270000,270200
000733,2011-10-10 00:00:00,270203,2015-10-27 15:29:00,270000,270200
000733,2021-07-30 00:00:00,650501,2025-10-15 10:57:00,650000,650500
000735,1997-06-11 00:00:00,110401,2015-10-27 15:29:00,110000,110400
000735,2011-10-10 00:00:00,110701,2019-08-09 15:39:00,110000,110700
000735,2021-07-30 00:00:00,110702,2024-05-27 10:52:00,110000,110700
000736,1997-04-25 00:00:00,260405,2015-10-27 15:29:00,260000,260400
000736,2007-07-02 00:00:00,430101,2015-10-27 15:29:00,430000,430100
000737,1997-04-28 00:00:00,220304,2015-10-27 15:29:00,220000,220300
000737,2019-07-24 00:00:00,220309,2019-08-09 15:39:00,220000,220300
000737,2021-07-30 00:00:00,220203,2021-07-31 16:18:00,220000,220200
000737,2022-07-29 00:00:00,240302,2025-01-08 14:36:00,240000,240300
000738,1997-06-26 00:00:00,310301,2015-10-27 15:29:00,310000,310300
000738,2007-07-02 00:00:00,310201,2015-10-27 15:29:00,310000,310200
000738,2009-06-01 00:00:00,310304,2015-10-27 15:29:00,310000,310300
000738,2014-02-21 00:00:00,650201,2024-09-27 12:41:00,650000,650200
000739,1997-04-22 00:00:00,450102,2015-10-27 15:29:00,450000,450100
000739,2002-09-01 00:00:00,370101,2015-10-27 15:29:00,370000,370100
000748,1997-07-04 00:00:00,320201,2015-10-27 15:28:00,320000,320200
000748,2014-02-21 00:00:00,710101,2024-09-27 12:41:00,710000,710100
000750,1997-07-09 00:00:00,370301,2015-10-27 15:28:00,370000,370300
000750,2007-07-02 00:00:00,440301,2015-10-27 15:28:00,440000,440300
000750,2014-02-21 00:00:00,490101,2024-09-27 12:41:00,490000,490100
000751,1997-06-26 00:00:00,240101,2015-10-27 15:29:00,240000,240100
000751,2008-06-02 00:00:00,240104,2015-10-27 15:29:00,240000,240100
000751,2014-02-21 00:00:00,240303,2024-09-27 12:41:00,240000,240300
000752,1997-06-25 00:00:00,340302,2015-10-27 15:29:00,340000,340300
000752,2021-07-30 00:00:00,340601,2021-07-31 16:18:00,340000,340600
000753,1997-06-11 00:00:00,430101,2024-07-29 11:30:00,430000,430100
000753,2002-05-01 00:00:00,420201,2024-07-29 11:30:00,420000,420200
000753,2009-06-01 00:00:00,450201,2024-07-29 11:30:00,450000,450200
000753,2012-07-02 00:00:00,450102,2024-07-29 11:30:00,450000,450100
000753,2014-02-21 00:00:00,450401,2024-09-27 12:41:00,450000,450400
000753,2015-07-01 00:00:00,280301,2024-07-29 11:30:00,280000,280300
000753,2021-07-30 00:00:00,510101,2024-07-29 11:30:00,510000,510100
000755,1997-06-27 00:00:00,220402,2015-10-27 15:29:00,220000,220400
000755,2011-10-10 00:00:00,220702,2015-10-27 15:29:00,220000,220700
000755,2014-02-21 00:00:00,220313,2024-09-27 12:41:00,220000,220300
000755,2018-11-19 00:00:00,420201,2019-08-09 15:39:00,420000,420200
000755,2021-07-30 00:00:00,420901,2025-10-15 10:57:00,420000,420900
000756,1997-08-06 00:00:00,370101,2015-10-27 15:29:00,370000,370100
000757,1997-06-27 00:00:00,260104,2015-10-27 15:29:00,260000,260100
000757,2013-07-01 00:00:00,310201,2015-10-27 15:29:00,310000,310200
000757,2014-02-21 00:00:00,280201,2024-09-27 12:41:00,280000,280200
000757,2021-07-30 00:00:00,280303,2025-01-08 14:36:00,280000,280300
000758,1997-03-27 00:00:00,250201,2015-10-27 15:29:00,250000,250200
000758,2005-09-01 00:00:00,240101,2015-10-27 15:29:00,240000,240100
000758,2008-06-02 00:00:00,240104,2015-10-27 15:29:00,240000,240100
000758,2014-02-21 00:00:00,240303,2024-09-27 12:41:00,240000,240300
000759,1997-05-19 00:00:00,450101,2015-10-27 15:29:00,450000,450100
000759,2005-01-01 00:00:00,450102,2015-10-27 15:29:00,450000,450100
000759,2014-02-21 00:00:00,450302,2024-09-27 12:41:00,450000,450300
000760,1990-01-01 00:00:00,310201,2024-09-30 15:36:00,310000,310200
000760,2003-05-01 00:00:00,430101,2015-10-27 15:29:00,430000,430100
000760,2009-10-09 00:00:00,310201,2015-10-27 15:29:00,310000,310200
000760,2014-02-21 00:00:00,280201,2024-09-27 12:41:00,280000,280200
000760,2021-07-30 00:00:00,280203,2021-07-31 16:18:00,280000,280200
000761,1998-01-15 00:00:00,230101,2015-10-27 15:28:00,230000,230100
000761,2021-07-30 00:00:00,230402,2025-01-08 14:36:00,230000,230400
000762,1997-07-08 00:00:00,210301,2015-10-27 15:29:00,210000,210300
000762,2021-07-30 00:00:00,240603,2025-01-08 14:36:00,240000,240600
000763,1997-09-15 00:00:00,220101,2015-10-27 15:29:00,220000,220100
000765,1990-01-01 00:00:00,450101,2024-09-30 15:36:00,450000,450100
000765,2001-05-01 00:00:00,320201,2015-10-27 15:28:00,320000,320200
000766,1997-04-30 00:00:00,370201,2015-10-27 15:29:00,370000,370200
000766,2019-07-24 00:00:00,370102,2020-12-04 14:32:00,370000,370100
000767,1997-06-09 00:00:00,410101,2015-10-27 15:29:00,410000,410100
000768,1997-06-26 00:00:00,310303,2015-10-27 15:29:00,310000,310300
000768,2008-06-02 00:00:00,310304,2015-10-27 15:29:00,310000,310300
000768,2014-02-21 00:00:00,650201,2024-09-27 12:41:00,650000,650200
000769,1997-05-13 00:00:00,360201,2015-10-27 15:28:00,360000,360200
000769,2006-09-01 00:00:00,110601,2015-10-27 15:28:00,110000,110600
000776,1997-06-11 00:00:00,420201,2015-10-27 15:28:00,420000,420200
000776,2007-07-02 00:00:00,440301,2015-10-27 15:28:00,440000,440300
000776,2014-02-21 00:00:00,490101,2024-09-27 12:41:00,490000,490100
000777,1997-07-10 00:00:00,260102,2015-10-27 15:29:00,260000,260100
000777,2014-02-21 00:00:00,640102,2024-09-27 12:41:00,640000,640100
000777,2021-07-30 00:00:00,640108,2025-10-15 10:57:00,640000,640100
000778,1997-06-06 00:00:00,230201,2015-10-27 15:29:00,230000,230200
000778,2008-06-02 00:00:00,260501,2015-10-27 15:29:00,260000,260500
000778,2009-01-01 00:00:00,230101,2015-10-27 15:29:00,230000,230100
000778,2021-07-30 00:00:00,230403,2025-01-08 14:36:00,230000,230400
000779,1997-05-28 00:00:00,350101,2015-10-27 15:29:00,350000,350100
000779,2019-07-24 00:00:00,620303,2019-08-09 15:39:00,620000,620300
000779,2021-07-30 00:00:00,620601,2021-07-31 16:18:00,620000,620600
000780,1997-06-06 00:00:00,110503,2015-10-27 15:29:00,110000,110500
000780,2007-07-02 00:00:00,210201,2015-10-27 15:29:00,210000,210200
000780,2021-07-30 00:00:00,740101,2021-07-31 16:18:00,740000,740100
000782,1997-06-19 00:00:00,220404,2015-10-27 15:29:00,220000,220400
000782,2021-07-30 00:00:00,220406,2021-07-31 16:18:00,220000,220400
000783,1997-07-31 00:00:00,220101,2015-10-27 15:28:00,220000,220100
000783,2007-07-02 00:00:00,440301,2015-10-27 15:28:00,440000,440300
000783,2014-02-21 00:00:00,490101,2024-09-27 12:41:00,490000,490100
000785,1997-07-08 00:00:00,450101,2015-10-27 15:29:00,450000,450100
000785,2004-08-10 00:00:00,450102,2015-10-27 15:29:00,450000,450100
000785,2005-12-22 00:00:00,450101,2015-10-27 15:29:00,450000,450100
000785,2014-02-21 00:00:00,450303,2024-09-27 12:41:00,450000,450300
000785,2021-07-30 00:00:00,450304,2023-06-28 21:40:00,450000,450300
000786,1997-06-06 00:00:00,250104,2015-10-27 15:28:00,250000,250100
000786,2014-02-21 00:00:00,610303,2024-09-27 12:41:00,610000,610300
000787,1997-06-10 00:00:00,450101,2015-10-27 15:28:00,450000,450100
000787,2000-05-01 00:00:00,470301,2015-10-27 15:28:00,470000,470300
000787,2008-06-02 00:00:00,470303,2015-10-27 15:28:00,470000,470300
000788,1997-06-16 00:00:00,370101,2015-10-27 15:28:00,370000,370100
000788,2019-07-24 00:00:00,370102,2020-12-04 14:32:00,370000,370100
000789,1997-09-23 00:00:00,250102,2015-10-27 15:29:00,250000,250100
000789,2014-02-21 00:00:00,610101,2024-09-27 12:41:00,610000,610100
000790,1998-03-27 00:00:00,370201,2015-10-27 15:29:00,370000,370200
000791,1997-10-14 00:00:00,220305,2015-10-27 15:28:00,220000,220300
000791,2013-01-01 00:00:00,410102,2015-10-27 15:28:00,410000,410100
000792,1997-09-04 00:00:00,220306,2015-10-27 15:29:00,220000,220300
000792,2021-07-30 00:00:00,220804,2024-01-19 09:02:00,220000,220800
000793,1997-07-29 00:00:00,410301,2015-10-27 15:29:00,410000,410300
000793,2007-07-02 00:00:00,470401,2015-10-27 15:29:00,470000,470400
000793,2014-02-21 00:00:00,720101,2024-09-27 12:41:00,720000,720100
000793,2021-07-30 00:00:00,720902,2025-10-15 10:57:00,720000,720900
000795,1997-08-08 00:00:00,240101,2015-10-27 15:29:00,240000,240100
000795,2007-07-02 00:00:00,240201,2015-10-27 15:29:00,240000,240200
000795,2008-06-02 00:00:00,240202,2015-10-27 15:29:00,240000,240200
000796,1997-07-03 00:00:00,450101,2015-10-27 15:29:00,450000,450100
000796,2011-10-10 00:00:00,340404,2015-10-27 15:29:00,340000,340400
000796,2015-11-02 00:00:00,460301,2016-06-23 18:24:00,460000,460300
000796,2021-07-30 00:00:00,461004,2023-02-20 17:31:00,460000,461000
000797,1997-07-15 00:00:00,250201,2015-10-27 15:29:00,250000,250200
000797,2007-07-02 00:00:00,430101,2015-10-27 15:29:00,430000,430100
000798,1998-02-12 00:00:00,110201,2015-10-27 15:29:00,110000,110200
000799,1997-07-18 00:00:00,340301,2015-10-27 15:28:00,340000,340300
000799,2021-07-30 00:00:00,340501,2022-05-09 14:01:00,340000,340500
000800,1997-06-18 00:00:00,310101,2015-10-27 15:29:00,310000,310100
000800,2014-02-21 00:00:00,280101,2024-09-27 12:41:00,280000,280100
000800,2021-07-30 00:00:00,280601,2024-01-24 14:14:00,280000,280600
000801,1998-05-06 00:00:00,330202,2024-06-25 07:08:00,330000,330200
000802,1997-10-31 00:00:00,460102,2015-10-27 15:28:00,460000,460100
000802,2000-05-01 00:00:00,430101,2015-10-27 15:28:00,430000,430100
000802,2007-07-02 00:00:00,460301,2015-10-27 15:28:00,460000,460300
000802,2015-07-01 00:00:00,720102,2015-10-27 15:28:00,720000,720100
000802,2015-08-17 00:00:00,460301,2015-11-05 14:03:00,460000,460300
000802,2015-11-02 00:00:00,720102,2016-06-23 18:24:00,720000,720100
000802,2021-07-30 00:00:00,720601,2025-10-15 10:57:00,720000,720600
000803,1998-03-03 00:00:00,510101,2015-10-27 15:29:00,510000,510100
000803,2006-09-01 00:00:00,430101,2015-10-27 15:29:00,430000,430100
000803,2007-07-02 00:00:00,510101,2015-10-27 15:29:00,510000,510100
000803,2010-01-01 00:00:00,430101,2015-10-27 15:29:00,430000,430100
000803,2019-07-24 00:00:00,630303,2020-12-04 14:32:00,630000,630300
000803,2021-07-30 00:00:00,410110,2022-10-11 14:51:00,410000,410100
000803,2025-08-11 17:30:00,760103,2025-10-15 10:57:00,760000,760100
000805,1990-01-01 00:00:00,360301,2024-09-30 15:44:00,360000,360300
000805,2001-05-01 00:00:00,470301,2015-10-27 15:28:00,470000,470300
000805,2008-06-02 00:00:00,470303,2015-10-27 15:28:00,470000,470300
000805,2011-10-10 00:00:00,470401,2015-10-27 15:28:00,470000,470400
000806,1998-04-16 00:00:00,270201,2015-10-27 15:29:00,270000,270200
000806,2011-10-10 00:00:00,260404,2015-10-27 15:29:00,260000,260400
000806,2014-02-21 00:00:00,630401,2024-09-27 12:41:00,630000,630400
000806,2021-07-30 00:00:00,630801,2022-10-11 14:51:00,630000,630800
000807,1998-04-08 00:00:00,240101,2015-10-27 15:29:00,240000,240100
000807,2008-06-02 00:00:00,240102,2015-10-27 15:29:00,240000,240100
000807,2014-02-21 00:00:00,240301,2024-09-27 12:41:00,240000,240300
000809,1998-06-16 00:00:00,350102,2015-10-27 15:29:00,350000,350100
000809,2005-07-01 00:00:00,370103,2015-10-27 15:29:00,370000,370100
000809,2007-07-02 00:00:00,370201,2015-10-27 15:29:00,370000,370200
000809,2009-01-09 00:00:00,430101,2015-10-27 15:29:00,430000,430100
000809,2026-07-01 10:24:00,630602,2026-07-01 10:24:00,630000,630600
000810,1998-06-02 00:00:00,350102,2015-10-27 15:28:00,350000,350100
000810,2018-04-20 01:43:00,330202,2019-08-09 15:39:00,330000,330200
000811,1998-05-28 00:00:00,260105,2015-10-27 15:29:00,260000,260100
000811,2014-02-21 00:00:00,640105,2024-09-27 12:41:00,640000,640100
000812,1998-06-23 00:00:00,360201,2015-10-27 15:29:00,360000,360200
000812,2021-07-30 00:00:00,360205,2021-07-31 16:18:00,360000,360200
000813,1998-05-19 00:00:00,350201,2015-10-27 15:29:00,350000,350200
000813,2011-01-10 00:00:00,510101,2015-10-27 15:29:00,510000,510100
000813,2015-07-01 00:00:00,240302,2018-06-20 15:06:00,240000,240300
000813,2018-08-09 00:00:00,370301,2018-08-09 16:23:00,370000,370300
000813,2019-07-24 00:00:00,370102,2020-12-04 14:32:00,370000,370100
000815,1998-06-09 00:00:00,360101,2015-10-27 15:28:00,360000,360100
000815,2021-07-30 00:00:00,360102,2021-07-31 16:18:00,360000,360100
000815,2024-07-30 12:45:00,710301,2025-01-08 14:36:00,710000,710300
000816,1997-08-18 00:00:00,260104,2015-10-27 15:29:00,260000,260100
000816,2014-02-21 00:00:00,640104,2024-09-27 12:41:00,640000,640100
000816,2021-07-30 00:00:00,280203,2025-01-08 14:36:00,280000,280200
000817,1998-05-28 00:00:00,210101,2015-10-27 15:29:00,210000,210100
000818,1997-10-17 00:00:00,220202,2015-10-27 15:28:00,220000,220200
000818,2011-10-10 00:00:00,220702,2015-10-27 15:28:00,220000,220700
000818,2014-02-21 00:00:00,220313,2024-09-27 12:41:00,220000,220300
000818,2017-06-29 00:00:00,220202,2019-08-09 15:39:00,220000,220200
000819,1997-06-25 00:00:00,220101,2015-10-27 15:29:00,220000,220100
000819,2021-07-30 00:00:00,750303,2024-04-01 15:29:00,750000,750300
000820,1998-06-30 00:00:00,360101,2015-10-27 15:29:00,360000,360100
000820,2017-06-29 00:00:00,410401,2019-08-09 15:38:00,410000,410400
000820,2021-07-30 00:00:00,760103,2022-10-11 14:51:00,760000,760100
000820,2024-07-30 12:45:00,760201,2025-10-15 10:57:00,760000,760200
000821,1998-06-26 00:00:00,260206,2015-10-27 15:29:00,260000,260200
000821,2014-02-21 00:00:00,640208,2024-09-27 12:41:00,640000,640200
000821,2022-07-29 00:00:00,630505,2025-10-15 10:57:00,630000,630500
000822,1998-07-03 00:00:00,220201,2015-10-27 15:29:00,220000,220200
000823,1997-10-08 00:00:00,270201,2015-10-27 15:28:00,270000,270200
000823,2011-10-10 00:00:00,270202,2015-10-27 15:28:00,270000,270200
000825,1998-10-21 00:00:00,230101,2015-10-27 15:29:00,230000,230100
000825,2017-06-29 00:00:00,230102,2020-12-04 14:32:00,230000,230100
000825,2021-07-30 00:00:00,230501,2025-01-24 16:29:00,230000,230500
000826,1998-02-25 00:00:00,410401,2015-10-27 15:29:00,410000,410400
000826,2006-09-01 00:00:00,410201,2015-10-27 15:29:00,410000,410200
000826,2011-01-10 00:00:00,410401,2015-10-27 15:29:00,410000,410400
000826,2021-07-30 00:00:00,760104,2025-10-15 10:57:00,760000,760100
000827,1990-01-01 00:00:00,340301,2024-09-30 15:45:00,340000,340300
000827,2002-09-01 00:00:00,470301,2015-10-27 15:28:00,470000,470300
000827,2005-07-01 00:00:00,250102,2015-10-27 15:28:00,250000,250100
000828,1997-06-17 00:00:00,420201,2015-10-27 15:28:00,420000,420200
000828,2021-07-30 00:00:00,420901,2025-10-15 10:57:00,420000,420900
000829,1997-12-02 00:00:00,110102,2015-10-27 15:29:00,110000,110100
000829,2006-09-01 00:00:00,450102,2015-10-27 15:29:00,450000,450100
000829,2014-02-21 00:00:00,450401,2024-09-27 12:41:00,450000,450400
000830,1998-08-07 00:00:00,220301,2015-10-27 15:29:00,220000,220300
000830,2021-07-30 00:00:00,220205,2024-01-19 09:02:00,220000,220200
000831,1998-09-11 00:00:00,240101,2015-10-27 15:29:00,240000,240100
000831,2008-06-02 00:00:00,240102,2015-10-27 15:29:00,240000,240100
000831,2013-07-01 00:00:00,240106,2015-10-27 15:29:00,240000,240100
000831,2014-02-21 00:00:00,240501,2024-09-27 12:41:00,240000,240500
000832,1998-08-25 00:00:00,220401,2015-10-27 15:28:00,220000,220400
000833,1998-11-11 00:00:00,340102,2024-07-29 11:30:00,340000,340100
000833,2010-01-08 00:00:00,360101,2024-07-29 11:30:00,360000,360100
000833,2017-06-29 00:00:00,510101,2024-07-29 11:30:00,510000,510100
000833,2019-07-24 00:00:00,210301,2024-07-29 11:30:00,210000,210300
000833,2021-07-30 00:00:00,510101,2024-07-29 11:30:00,510000,510100
000835,1999-06-25 00:00:00,510101,2015-10-27 15:28:00,510000,510100
000835,2007-07-02 00:00:00,210202,2015-10-27 15:28:00,210000,210200
000835,2017-06-29 00:00:00,720302,2019-08-09 15:38:00,720000,720300
000835,2021-07-30 00:00:00,720401,2021-07-31 16:18:00,720000,720400
000836,1997-09-29 00:00:00,470301,2015-10-27 15:29:00,470000,470300
000836,2007-07-02 00:00:00,430201,2015-10-27 15:29:00,430000,430200
000836,2011-10-10 00:00:00,510101,2015-10-27 15:29:00,510000,510100
000836,2013-07-01 00:00:00,320103,2015-10-27 15:29:00,320000,320100
000836,2014-02-21 00:00:00,730202,2024-09-27 12:41:00,730000,730200
000836,2021-07-30 00:00:00,730205,2021-07-31 16:18:00,730000,730200
000837,1998-09-28 00:00:00,260101,2015-10-27 15:29:00,260000,260100
000837,2014-02-21 00:00:00,640101,2024-09-27 12:41:00,640000,640100
000838,1997-06-26 00:00:00,260207,2015-10-27 15:28:00,260000,260200
000838,2007-07-02 00:00:00,220501,2015-10-27 15:28:00,220000,220500
000838,2009-01-01 00:00:00,430101,2015-10-27 15:28:00,430000,430100
000839,1997-10-31 00:00:00,470204,2015-10-27 15:29:00,470000,470200
000839,2009-06-01 00:00:00,220306,2015-10-27 15:29:00,220000,220300
000839,2012-07-02 00:00:00,470204,2015-10-27 15:29:00,470000,470200
000839,2013-01-01 00:00:00,510101,2015-10-27 15:29:00,510000,510100
000839,2022-07-29 00:00:00,730104,2026-06-01 14:47:00,730000,730100
000848,1997-11-13 00:00:00,340304,2015-10-27 15:28:00,340000,340300
000848,2021-07-30 00:00:00,340701,2025-09-11 10:52:00,340000,340700
000850,1998-10-07 00:00:00,350102,2015-10-27 15:29:00,350000,350100
000851,1998-06-09 00:00:00,260103,2015-10-27 15:28:00,260000,260100
000851,2006-09-01 00:00:00,320101,2015-10-27 15:28:00,320000,320100
000851,2008-06-02 00:00:00,320102,2015-10-27 15:28:00,320000,320100
000851,2014-02-21 00:00:00,730201,2024-09-27 12:41:00,730000,730200
000851,2021-07-30 00:00:00,730204,2025-10-15 10:57:00,730000,730200
000852,1998-11-26 00:00:00,260207,2015-10-27 15:29:00,260000,260200
000852,2007-07-02 00:00:00,260205,2015-10-27 15:29:00,260000,260200
000852,2014-02-21 00:00:00,640203,2024-09-27 12:41:00,640000,640200
000856,1998-08-13 00:00:00,250103,2015-10-27 15:29:00,250000,250100
000856,2012-07-02 00:00:00,260207,2015-10-27 15:29:00,260000,260200
000856,2014-02-21 00:00:00,640209,2024-09-27 12:41:00,640000,640200
000858,1998-04-27 00:00:00,340301,2015-10-27 15:29:00,340000,340300
000858,2021-07-30 00:00:00,340501,2021-07-31 16:18:00,340000,340500
000859,1998-11-19 00:00:00,220501,2015-10-27 15:28:00,220000,220500
000859,2021-07-30 00:00:00,220505,2021-07-31 16:18:00,220000,220500
000860,1998-11-04 00:00:00,110601,2015-10-27 15:29:00,110000,110600
000860,2011-10-10 00:00:00,110701,2015-10-27 15:29:00,110000,110700
000860,2015-07-01 00:00:00,340301,2015-11-05 15:11:00,340000,340300
000860,2021-07-30 00:00:00,340501,2026-02-26 16:27:00,340000,340500
000861,1998-10-28 00:00:00,250104,2015-10-27 15:28:00,250000,250100
000861,2007-07-02 00:00:00,220203,2015-10-27 15:28:00,220000,220200
000861,2011-10-10 00:00:00,220603,2015-10-27 15:28:00,220000,220600
000861,2012-07-02 00:00:00,450103,2015-10-27 15:28:00,450000,450100
000861,2014-02-21 00:00:00,450501,2024-09-27 12:41:00,450000,450500
000861,2021-07-30 00:00:00,450304,2021-07-31 16:18:00,450000,450300
000862,1998-09-15 00:00:00,260301,2015-10-27 15:29:00,260000,260300
000862,2007-07-02 00:00:00,260403,2015-10-27 15:29:00,260000,260400
000862,2008-10-07 00:00:00,260405,2015-10-27 15:29:00,260000,260400
000862,2011-10-10 00:00:00,260403,2015-10-27 15:29:00,260000,260400
000862,2014-02-21 00:00:00,630302,2024-09-27 12:41:00,630000,630300
000862,2014-07-01 00:00:00,630303,2015-10-27 15:29:00,630000,630300
000862,2015-07-01 00:00:00,410105,2015-11-11 13:04:00,410000,410100
000862,2021-07-30 00:00:00,410107,2025-10-15 10:57:00,410000,410100
000863,1997-08-26 00:00:00,260105,2015-10-27 15:29:00,260000,260100
000863,2001-05-01 00:00:00,320201,2015-10-27 15:29:00,320000,320200
000863,2007-07-02 00:00:00,510101,2015-10-27 15:29:00,510000,510100
000863,2012-01-02 00:00:00,430101,2015-10-27 15:29:00,430000,430100
000863,2017-05-26 10:00:00,460101,2019-02-27 10:22:00,460000,460100
000863,2019-07-24 00:00:00,430101,2021-07-01 13:09:00,430000,430100
000866,1998-05-12 00:00:00,220101,2015-10-27 15:29:00,220000,220100
000868,1997-07-25 00:00:00,310103,2015-10-27 15:28:00,310000,310100
000868,2014-02-21 00:00:00,280103,2024-09-27 12:41:00,280000,280100
000868,2021-07-30 00:00:00,280602,2025-01-08 14:36:00,280000,280600
000869,2000-10-10 10:18:00,340303,2015-10-27 15:29:00,340000,340300
000869,2008-06-02 00:00:00,340305,2015-10-27 15:29:00,340000,340300
000869,2021-07-30 00:00:00,340602,2021-07-31 16:18:00,340000,340600
000875,2002-09-26 00:00:00,410101,2015-10-27 15:29:00,410000,410100
000875,2019-07-24 00:00:00,410105,2019-07-24 16:59:00,410000,410100
000875,2021-07-30 00:00:00,410110,2025-10-15 10:57:00,410000,410100
000876,1998-03-11 00:00:00,110601,2015-10-27 15:29:00,110000,110600
000876,2011-01-10 00:00:00,110401,2015-10-27 15:29:00,110000,110400
000876,2021-07-30 00:00:00,110702,2021-07-31 16:18:00,110000,110700
000876,2026-07-01 10:24:00,110402,2026-07-01 10:24:00,110000,110400
000877,1999-01-07 00:00:00,250102,2015-10-27 15:29:00,250000,250100
000877,2014-02-21 00:00:00,610101,2024-09-27 12:41:00,610000,610100
000878,1998-06-02 00:00:00,240101,2015-10-27 15:29:00,240000,240100
000878,2008-06-02 00:00:00,240103,2015-10-27 15:29:00,240000,240100
000878,2014-02-21 00:00:00,240302,2024-09-27 12:41:00,240000,240300
000880,1998-04-02 00:00:00,310302,2015-10-27 15:29:00,310000,310300
000880,2007-07-02 00:00:00,260104,2015-10-27 15:29:00,260000,260100
000880,2014-02-21 00:00:00,640104,2024-09-27 12:41:00,640000,640100
000880,2021-07-30 00:00:00,280203,2025-01-08 14:36:00,280000,280200
000880,2026-07-01 10:24:00,640106,2026-07-01 10:24:00,640000,640100
000881,1998-06-15 00:00:00,510101,2015-10-27 15:28:00,510000,510100
000881,2002-05-01 00:00:00,250201,2015-10-27 15:28:00,250000,250200
000881,2007-07-02 00:00:00,510101,2015-10-27 15:28:00,510000,510100
000881,2019-07-24 00:00:00,220309,2019-08-09 15:39:00,220000,220300
000882,1998-06-16 00:00:00,450101,2024-09-30 15:54:00,450000,450100
000882,2014-02-21 00:00:00,450501,2024-09-27 12:41:00,450000,450500
000882,2021-07-30 00:00:00,450301,2021-07-31 16:18:00,450000,450300
000882,2026-07-01 10:24:00,450304,2026-07-01 10:24:00,450000,450300
000883,1998-05-19 00:00:00,310102,2015-10-27 15:29:00,310000,310100
000883,2007-07-02 00:00:00,310201,2015-10-27 15:29:00,310000,310200
000883,2011-01-10 00:00:00,410102,2015-10-27 15:29:00,410000,410100
000883,2021-07-30 00:00:00,410110,2025-10-15 10:57:00,410000,410100
000885,1999-03-19 00:00:00,340101,2024-07-30 12:45:00,340000,340100
000885,2007-07-02 00:00:00,250102,2024-07-30 12:45:00,250000,250100
000885,2014-02-21 00:00:00,610101,2024-09-27 12:41:00,610000,610100
000885,2019-07-24 00:00:00,420201,2024-07-30 12:45:00,420000,420200
000885,2021-07-30 00:00:00,420901,2024-07-30 12:45:00,420000,420900
000885,2024-05-17 00:00:00,760103,2026-04-02 13:26:00,760000,760100
000886,1998-01-23 00:00:00,420201,2015-10-27 15:28:00,420000,420200
000886,2014-01-01 00:00:00,430101,2015-10-27 15:28:00,430000,430100
000886,2018-06-19 16:12:00,420201,2019-08-09 15:39:00,420000,420200
000886,2021-07-30 00:00:00,420901,2021-07-31 16:18:00,420000,420900
000886,2022-07-29 00:00:00,430101,2022-07-29 11:54:00,430000,430100
000886,2025-08-11 17:30:00,420901,2025-08-11 17:30:00,420000,420900
000887,1998-12-03 00:00:00,310302,2015-10-27 15:29:00,310000,310300
000887,2007-07-02 00:00:00,310201,2015-10-27 15:29:00,310000,310200
000887,2014-02-21 00:00:00,280201,2024-09-27 12:41:00,280000,280200
000887,2021-07-30 00:00:00,280205,2025-02-18 14:09:00,280000,280200
000888,1997-10-21 00:00:00,460102,2015-10-27 15:28:00,460000,460100
000888,2021-07-30 00:00:00,461003,2023-07-04 13:39:00,460000,461000
000889,1997-12-18 00:00:00,450101,2015-10-27 15:29:00,450000,450100
000889,2004-07-01 00:00:00,430101,2015-10-27 15:29:00,430000,430100
000889,2008-06-02 00:00:00,450103,2015-10-27 15:29:00,450000,450100
000889,2012-07-02 00:00:00,450101,2015-10-27 15:29:00,450000,450100
000889,2014-02-21 00:00:00,450501,2024-09-27 12:41:00,450000,450500
000889,2017-05-26 10:00:00,730101,2019-08-09 15:40:00,730000,730100
000889,2021-07-30 00:00:00,730103,2026-06-01 14:47:00,730000,730100
000890,1999-01-19 00:00:00,230201,2015-10-27 15:28:00,230000,230200
000890,2008-06-02 00:00:00,260501,2015-10-27 15:28:00,260000,260500
000890,2014-02-21 00:00:00,640401,2024-09-27 12:41:00,640000,640400
000890,2019-07-24 00:00:00,490301,2021-03-03 15:36:00,490000,490300
000890,2021-07-30 00:00:00,640108,2021-08-02 13:24:00,640000,640100
000890,2022-07-29 00:00:00,760201,2025-10-15 10:57:00,760000,760200
000892,1998-10-26 00:00:00,310303,2015-10-27 15:28:00,310000,310300
000892,2001-05-01 00:00:00,470202,2015-10-27 15:28:00,470000,470200
000892,2011-10-10 00:00:00,470203,2015-10-27 15:28:00,470000,470200
000892,2013-01-01 00:00:00,510101,2015-10-27 15:28:00,510000,510100
000892,2017-12-11 18:00:00,720201,2019-05-27 11:01:00,720000,720200
000892,2019-07-24 00:00:00,720102,2019-08-09 15:38:00,720000,720100
000892,2021-07-30 00:00:00,720601,2025-10-15 10:57:00,720000,720600
000893,1998-12-24 00:00:00,330101,2015-10-27 15:28:00,330000,330100
000893,2010-01-17 00:00:00,110502,2015-10-27 15:28:00,110000,110500
000893,2019-07-24 00:00:00,220306,2019-08-09 15:39:00,220000,220300
000893,2021-07-30 00:00:00,220804,2024-01-23 13:48:00,220000,220800
000895,1998-12-10 00:00:00,340101,2015-10-27 15:29:00,340000,340100
000895,2011-10-10 00:00:00,340401,2021-03-03 15:31:00,340000,340400
000897,1999-01-01 00:00:00,430101,2015-10-27 15:29:00,430000,430100
000898,1997-12-25 00:00:00,230101,2015-10-27 15:28:00,230000,230100
000898,2021-07-30 00:00:00,230402,2025-01-08 14:36:00,230000,230400
000899,1997-11-26 00:00:00,410101,2015-10-27 15:28:00,410000,410100
000900,1999-01-28 00:00:00,420201,2015-10-27 15:29:00,420000,420200
000900,2021-07-30 00:00:00,420901,2025-10-15 10:57:00,420000,420900
000901,1999-04-01 00:00:00,260301,2015-10-27 15:29:00,260000,260300
000901,2014-02-21 00:00:00,640301,2024-09-27 12:41:00,640000,640300
000901,2021-07-30 00:00:00,650501,2021-07-31 16:18:00,650000,650500
000901,2022-07-29 00:00:00,280206,2025-01-08 14:36:00,280000,280200
000902,1999-01-01 00:00:00,350201,2015-10-27 15:29:00,350000,350200
000902,2011-10-10 00:00:00,350207,2015-10-27 15:29:00,350000,350200
000902,2015-06-04 00:00:00,220310,2021-03-03 15:31:00,220000,220300
000902,2021-07-30 00:00:00,220805,2021-07-31 16:18:00,220000,220800
000903,1999-01-01 00:00:00,260104,2015-10-27 15:29:00,260000,260100
000903,2011-10-10 00:00:00,310201,2015-10-27 15:29:00,310000,310200
000903,2014-02-21 00:00:00,280201,2024-09-27 12:41:00,280000,280200
000903,2021-07-30 00:00:00,280203,2025-01-08 14:36:00,280000,280200
000905,1999-01-01 00:00:00,420201,2015-10-27 15:29:00,420000,420200
000905,2005-07-01 00:00:00,420101,2015-10-27 15:29:00,420000,420100
000905,2021-07-30 00:00:00,421102,2025-10-15 10:57:00,420000,421100
000906,1999-03-18 00:00:00,450201,2015-10-27 15:29:00,450000,450200
000906,2003-05-01 00:00:00,250104,2015-10-27 15:29:00,250000,250100
000906,2007-07-02 00:00:00,510101,2015-10-27 15:29:00,510000,510100
000906,2011-01-10 00:00:00,230101,2015-10-27 15:29:00,230000,230100
000906,2017-06-29 00:00:00,450201,2021-06-07 19:57:00,450000,450200
000906,2021-06-15 00:00:00,420801,2021-06-15 09:37:00,420000,420800
000906,2021-07-30 00:00:00,420802,2025-10-15 10:57:00,420000,420800
000908,1999-02-03 00:00:00,260102,2015-10-27 15:29:00,260000,260100
000908,2008-06-02 00:00:00,240106,2015-10-27 15:29:00,240000,240100
000908,2009-06-01 00:00:00,260102,2015-10-27 15:29:00,260000,260100
000908,2011-10-10 00:00:00,260106,2015-10-27 15:29:00,260000,260100
000908,2014-02-21 00:00:00,640106,2024-09-27 12:41:00,640000,640100
000908,2015-07-01 00:00:00,370102,2020-12-04 14:32:00,370000,370100
000909,1999-01-01 00:00:00,330201,2015-10-27 15:29:00,330000,330200
000909,2009-01-01 00:00:00,430101,2015-10-27 15:29:00,430000,430100
000910,1999-06-30 00:00:00,360201,2015-10-27 15:28:00,360000,360200
000910,2006-09-01 00:00:00,360301,2015-10-27 15:28:00,360000,360300
000910,2008-06-02 00:00:00,360302,2021-03-03 15:32:00,360000,360300
000910,2021-07-30 00:00:00,360306,2024-09-04 08:54:00,360000,360300
000911,1999-01-01 00:00:00,340102,2015-10-27 15:29:00,340000,340100
000911,2011-10-10 00:00:00,110504,2019-08-09 15:39:00,110000,110500
000912,1999-01-01 00:00:00,220301,2015-10-27 15:28:00,220000,220300
000912,2021-07-30 00:00:00,220801,2021-07-31 16:18:00,220000,220800
000913,1999-01-01 00:00:00,310301,2015-10-27 15:29:00,310000,310300
000913,2014-02-21 00:00:00,280401,2024-09-27 12:41:00,280000,280400
000913,2021-07-30 00:00:00,280402,2026-04-10 09:38:00,280000,280400
000915,1999-06-09 00:00:00,510101,2015-10-27 15:29:00,510000,510100
000915,2011-01-10 00:00:00,370102,2015-10-27 15:29:00,370000,370100
000916,1999-09-27 00:00:00,420201,2015-10-27 15:29:00,420000,420200
000917,1999-03-25 00:00:00,470402,2015-10-27 15:28:00,470000,470400
000917,2011-10-10 00:00:00,470204,2015-10-27 15:28:00,470000,470200
000917,2014-02-21 00:00:00,720103,2024-09-27 12:41:00,720000,720100
000917,2021-07-30 00:00:00,721001,2025-10-15 10:57:00,720000,721000
000918,1999-07-20 00:00:00,110101,2015-10-27 15:29:00,110000,110100
000918,2010-01-17 00:00:00,430101,2015-10-27 15:29:00,430000,430100
000919,1999-11-13 00:00:00,370201,2015-10-27 15:29:00,370000,370200
000919,2014-01-01 00:00:00,370601,2015-10-27 15:29:00,370000,370600
000919,2015-11-02 00:00:00,370201,2020-12-04 14:32:00,370000,370200
000919,2022-07-29 00:00:00,370102,2022-07-29 11:54:00,370000,370100
000920,1999-06-16 00:00:00,310303,2015-10-27 15:29:00,310000,310300
000920,2004-04-01 00:00:00,320201,2015-10-27 15:29:00,320000,320200
000920,2008-06-02 00:00:00,310306,2015-10-27 15:29:00,310000,310300
000920,2014-02-21 00:00:00,640501,2024-09-27 12:41:00,640000,640500
000920,2015-06-02 00:00:00,410401,2016-06-23 19:12:00,410000,410400
000920,2021-07-30 00:00:00,760102,2022-06-08 09:12:00,760000,760100
000920,2022-07-29 00:00:00,220505,2026-04-27 15:47:00,220000,220500
000921,1999-07-13 00:00:00,330101,2015-10-27 15:28:00,330000,330100
000921,2021-07-30 00:00:00,330102,2023-01-09 16:19:00,330000,330100
000922,1999-06-18 00:00:00,260402,2015-10-27 15:29:00,260000,260400
000922,2013-07-01 00:00:00,260401,2015-10-27 15:29:00,260000,260400
000922,2014-02-21 00:00:00,630101,2024-09-27 12:41:00,630000,630100
000923,1999-07-14 00:00:00,260202,2015-10-27 15:29:00,260000,260200
000923,2014-02-21 00:00:00,640201,2024-09-27 12:41:00,640000,640200
000923,2019-07-24 00:00:00,210301,2021-05-13 09:12:00,210000,210300
000923,2021-07-30 00:00:00,230301,2026-02-26 16:27:00,230000,230300
000925,1999-06-11 00:00:00,270101,2015-10-27 15:29:00,270000,270100
000925,2011-10-10 00:00:00,270401,2015-10-27 15:29:00,270000,270400
000925,2012-01-02 00:00:00,410401,2015-10-27 15:29:00,410000,410400
000925,2015-07-01 00:00:00,640501,2015-11-05 15:43:00,640000,640500
000926,2007-07-02 00:00:00,230201,2015-10-27 15:28:00,230000,230200
000926,2008-06-02 00:00:00,260501,2015-10-27 15:28:00,260000,260500
000926,2010-01-01 00:00:00,430101,2015-10-27 15:28:00,430000,430100
000927,1999-07-27 00:00:00,310101,2015-10-27 15:28:00,310000,310100
000927,2014-02-21 00:00:00,280101,2024-09-27 12:41:00,280000,280100
000927,2021-07-30 00:00:00,280502,2022-03-01 15:49:00,280000,280500
000927,2022-03-25 00:00:00,640501,2025-10-15 10:57:00,640000,640500
000928,1999-03-12 00:00:00,240101,2015-10-27 15:29:00,240000,240100
000928,2007-07-02 00:00:00,240201,2015-10-27 15:29:00,240000,240200
000928,2011-01-10 00:00:00,240203,2015-10-27 15:29:00,240000,240200
000928,2015-07-01 00:00:00,620403,2015-10-27 15:29:00,620000,620400
000929,1999-06-23 00:00:00,340302,2015-10-27 15:29:00,340000,340300
000929,2021-07-30 00:00:00,340601,2021-07-31 16:18:00,340000,340600
000930,1999-07-12 00:00:00,340201,2015-10-27 15:29:00,340000,340200
000930,2003-12-23 00:00:00,110502,2015-10-27 15:29:00,110000,110500
000930,2011-10-10 00:00:00,110504,2015-10-27 15:29:00,110000,110500
000931,1999-07-12 00:00:00,250201,2015-10-27 15:29:00,250000,250200
000931,2007-07-02 00:00:00,430101,2015-10-27 15:29:00,430000,430100
000931,2017-06-29 00:00:00,510101,2019-01-11 14:17:00,510000,510100
000931,2019-07-24 00:00:00,370102,2020-12-04 14:32:00,370000,370100
000932,1999-08-03 00:00:00,230101,2015-10-27 15:29:00,230000,230100
000932,2021-07-30 00:00:00,230402,2023-05-04 09:24:00,230000,230400
000933,1999-08-31 00:00:00,210201,2015-10-27 15:29:00,210000,210200
000933,2015-07-01 00:00:00,510101,2017-07-07 15:30:00,510000,510100
000933,2018-06-19 16:13:00,240301,2021-01-25 13:35:00,240000,240300
000935,1999-08-24 00:00:00,250102,2015-10-27 15:29:00,250000,250100
000935,2014-02-21 00:00:00,610101,2024-09-27 12:41:00,610000,610100
000935,2023-07-04 00:00:00,490307,2023-07-04 15:14:00,490000,490300
000936,1999-08-10 00:00:00,220401,2015-10-27 15:29:00,220000,220400
000937,1999-09-09 00:00:00,210201,2015-10-27 15:29:00,210000,210200
000937,2021-07-30 00:00:00,740102,2025-10-15 10:57:00,740000,740100
000938,1999-11-04 00:00:00,320201,2015-10-27 15:29:00,320000,320200
000938,2014-02-21 00:00:00,710101,2024-09-27 12:41:00,710000,710100
000938,2019-07-24 00:00:00,710202,2021-03-03 15:32:00,710000,710200
000938,2021-07-30 00:00:00,710301,2026-06-18 11:50:00,710000,710300
000939,1999-09-23 00:00:00,410401,2015-10-27 15:29:00,410000,410400
000939,2017-05-20 01:33:00,410105,2019-08-09 15:38:00,410000,410100
000948,1999-10-14 00:00:00,320201,2015-10-27 15:29:00,320000,320200
000948,2014-02-21 00:00:00,710101,2024-09-27 12:41:00,710000,710100
000948,2015-11-03 00:00:00,710201,2016-06-23 19:25:00,710000,710200
000948,2021-07-30 00:00:00,710401,2021-07-31 16:18:00,710000,710400
000949,1999-10-21 00:00:00,220403,2015-10-27 15:29:00,220000,220400
000949,2021-07-30 00:00:00,220405,2021-07-31 16:18:00,220000,220400
000949,2024-07-30 12:45:00,220403,2024-07-30 12:45:00,220000,220400
000950,1999-09-16 00:00:00,220303,2015-10-27 15:29:00,220000,220300
000950,2007-07-02 00:00:00,220301,2015-10-27 15:29:00,220000,220300
000950,2019-07-24 00:00:00,370401,2020-12-04 14:32:00,370000,370400
000950,2021-07-30 00:00:00,370402,2021-07-31 16:18:00,370000,370400
000951,1999-11-25 00:00:00,330103,2015-10-27 15:29:00,330000,330100
000951,2005-07-01 00:00:00,310102,2015-10-27 15:29:00,310000,310100
000951,2014-02-21 00:00:00,280102,2024-09-27 12:41:00,280000,280100
000951,2021-07-30 00:00:00,280601,2024-03-18 15:29:00,280000,280600
000952,1999-11-12 00:00:00,370101,2015-10-27 15:28:00,370000,370100
000953,1999-12-02 00:00:00,220301,2015-10-27 15:29:00,220000,220300
000953,2021-07-30 00:00:00,220801,2021-07-31 16:18:00,220000,220800
000953,2022-07-29 00:00:00,370101,2022-07-29 11:54:00,370000,370100
000955,1999-12-09 00:00:00,350102,2015-10-27 15:29:00,350000,350100
000955,2011-10-10 00:00:00,350106,2019-08-09 15:38:00,350000,350100
000956,1999-11-10 00:00:00,210101,2015-10-27 15:29:00,210000,210100
000957,2000-01-13 00:00:00,310103,2015-10-27 15:29:00,310000,310100
000957,2014-02-21 00:00:00,280103,2024-09-27 12:41:00,280000,280100
000957,2021-07-30 00:00:00,280602,2025-01-08 14:36:00,280000,280600
000958,1999-12-23 00:00:00,410104,2015-10-27 15:28:00,410000,410100
000958,2017-06-29 00:00:00,410101,2019-08-09 15:38:00,410000,410100
000958,2020-11-29 00:00:00,490301,2020-11-29 15:46:00,490000,490300
000958,2021-07-30 00:00:00,410101,2021-07-31 16:18:00,410000,410100
000958,2022-07-29 00:00:00,490308,2022-10-11 14:51:00,490000,490300
000958,2026-07-01 10:24:00,410108,2026-07-01 10:24:00,410000,410100
000959,1999-12-16 00:00:00,230101,2015-10-27 15:29:00,230000,230100
000959,2021-07-30 00:00:00,230402,2025-01-08 14:36:00,230000,230400
000960,2000-02-21 00:00:00,240101,2015-10-27 15:29:00,240000,240100
000960,2008-06-02 00:00:00,240106,2015-10-27 15:29:00,240000,240100
000960,2014-02-21 00:00:00,240504,2024-09-27 12:41:00,240000,240500
000961,2000-02-25 10:18:00,230102,2015-10-27 15:29:00,230000,230100
000961,2008-01-02 00:00:00,430101,2015-10-27 15:29:00,430000,430100
000962,2000-01-20 00:00:00,240201,2015-10-27 15:28:00,240000,240200
000962,2021-07-30 00:00:00,240504,2025-01-08 14:36:00,240000,240500
000963,2000-01-27 00:00:00,370401,2015-10-27 15:29:00,370000,370400
000963,2019-07-24 00:00:00,370102,2021-03-03 15:32:00,370000,370100
000965,2000-04-06 00:00:00,250102,2015-10-27 15:29:00,250000,250100
000965,2007-07-02 00:00:00,430101,2015-10-27 15:29:00,430000,430100
000966,2000-02-24 13:51:00,410101,2015-10-27 15:28:00,410000,410100
000967,2000-03-28 12:35:00,260106,2015-10-27 15:29:00,260000,260100
000967,2010-10-08 00:00:00,260404,2015-10-27 15:29:00,260000,260400
000967,2014-02-21 00:00:00,630404,2024-09-27 12:41:00,630000,630400
000967,2017-06-29 00:00:00,410401,2021-03-03 15:31:00,410000,410400
000967,2021-07-30 00:00:00,760201,2026-04-27 15:47:00,760000,760200
000968,2000-06-22 00:00:00,210201,2015-10-27 15:29:00,210000,210200
000968,2021-07-30 00:00:00,750101,2021-07-31 16:18:00,750000,750100
000969,2000-05-29 00:00:00,240201,2015-10-27 15:28:00,240000,240200
000969,2008-06-02 00:00:00,240202,2015-10-27 15:28:00,240000,240200
000969,2011-01-10 00:00:00,240201,2015-10-27 15:28:00,240000,240200
000970,2000-04-20 00:00:00,240201,2015-10-27 15:29:00,240000,240200
000970,2008-06-02 00:00:00,240202,2015-10-27 15:29:00,240000,240200
000970,2009-06-01 00:00:00,270401,2015-10-27 15:29:00,270000,270400
000970,2010-01-01 00:00:00,240202,2015-10-27 15:29:00,240000,240200
000971,2000-04-24 16:12:00,350101,2015-10-27 15:29:00,350000,350100
000971,2011-01-10 00:00:00,350102,2015-10-27 15:29:00,350000,350100
000971,2017-05-26 10:00:00,730203,2019-08-09 15:40:00,730000,730200
000971,2021-07-30 00:00:00,730104,2021-07-31 16:18:00,730000,730100
000972,2000-05-12 15:58:00,110601,2015-10-27 15:29:00,110000,110600
000972,2007-07-02 00:00:00,110501,2015-10-27 15:29:00,110000,110500
000973,2000-04-24 17:34:00,220501,2015-10-27 15:28:00,220000,220500
000973,2021-07-30 00:00:00,220505,2021-07-31 16:18:00,220000,220500
000975,2000-06-08 00:00:00,410401,2015-10-27 15:29:00,410000,410400
000975,2007-07-02 00:00:00,430101,2015-10-27 15:29:00,430000,430100
000975,2009-06-01 00:00:00,250102,2015-10-27 15:29:00,250000,250100
000975,2010-06-01 00:00:00,430101,2015-10-27 15:29:00,430000,430100
000975,2011-10-10 00:00:00,460201,2015-10-27 15:29:00,460000,460200
000975,2012-10-08 00:00:00,510101,2015-10-27 15:29:00,510000,510100
000975,2013-07-01 00:00:00,240106,2015-10-27 15:29:00,240000,240100
000975,2014-02-21 00:00:00,240504,2024-09-27 12:41:00,240000,240500
000975,2014-07-01 00:00:00,240303,2015-10-27 15:29:00,240000,240300
000975,2019-07-24 00:00:00,240401,2021-03-03 15:31:00,240000,240400
000976,2000-04-26 15:10:00,220401,2015-10-27 15:28:00,220000,220400
000976,2017-06-29 00:00:00,640501,2019-08-09 15:39:00,640000,640500
000977,2000-06-08 00:00:00,320201,2015-10-27 15:29:00,320000,320200
000977,2014-02-21 00:00:00,710101,2024-09-27 12:41:00,710000,710100
000977,2021-07-30 00:00:00,710103,2021-07-31 16:18:00,710000,710100
000978,2000-04-26 16:03:00,460102,2015-10-27 15:28:00,460000,460100
000978,2021-07-30 00:00:00,461003,2022-05-05 19:27:00,460000,461000
000979,2000-06-16 00:00:00,220701,2015-10-27 15:29:00,220000,220700
000979,2010-01-17 00:00:00,430101,2015-10-27 15:29:00,430000,430100
000980,2000-06-16 00:00:00,310301,2015-10-27 15:29:00,310000,310300
000980,2007-07-02 00:00:00,310201,2015-10-27 15:29:00,310000,310200
000980,2014-02-21 00:00:00,280201,2024-09-27 12:41:00,280000,280200
000980,2021-07-30 00:00:00,280206,2025-01-08 14:36:00,280000,280200
000981,2000-06-22 00:00:00,320201,2015-10-27 15:29:00,320000,320200
000981,2011-01-10 00:00:00,430101,2015-10-27 15:29:00,430000,430100
000981,2022-07-29 00:00:00,280203,2025-01-08 14:36:00,280000,280200
000982,2000-07-06 00:00:00,350201,2015-10-27 15:29:00,350000,350200
000982,2011-10-10 00:00:00,350106,2015-10-27 15:29:00,350000,350100
000982,2023-07-04 00:00:00,630702,2023-07-04 15:14:00,630000,630700
000983,2000-07-26 00:00:00,210201,2015-10-27 15:29:00,210000,210200
000983,2021-07-30 00:00:00,740102,2025-10-15 10:57:00,740000,740100
000985,2000-07-26 00:00:00,220701,2015-10-27 15:28:00,220000,220700
000985,2014-01-01 00:00:00,220309,2015-10-27 15:28:00,220000,220300
000985,2021-07-30 00:00:00,750303,2021-07-31 16:18:00,750000,750300
000987,2000-07-18 00:00:00,450101,2015-10-27 15:28:00,450000,450100
000987,2014-02-21 00:00:00,450301,2024-09-27 12:41:00,450000,450300
000987,2017-06-29 00:00:00,490101,2021-03-03 15:36:00,490000,490100
000987,2021-07-30 00:00:00,490302,2024-02-01 09:50:00,490000,490300
000988,2000-06-08 00:00:00,260207,2015-10-27 15:29:00,260000,260200
000988,2007-07-02 00:00:00,320201,2015-10-27 15:29:00,320000,320200
000988,2011-01-10 00:00:00,270401,2015-10-27 15:29:00,270000,270400
000988,2021-07-30 00:00:00,640703,2025-10-15 10:57:00,640000,640700
000989,2000-06-28 00:00:00,370201,2015-10-27 15:29:00,370000,370200
000990,2000-07-06 00:00:00,220304,2015-10-27 15:28:00,220000,220300
000990,2008-06-02 00:00:00,370601,2015-10-27 15:28:00,370000,370600
000990,2011-01-10 00:00:00,370101,2015-10-27 15:28:00,370000,370100
000990,2017-06-29 00:00:00,220309,2019-08-09 15:39:00,220000,220300
000990,2021-07-30 00:00:00,220205,2021-07-31 16:18:00,220000,220200
000991,2016-08-23 00:00:00,270301,2018-06-26 11:13:00,270000,270300
000993,2000-07-31 00:00:00,410102,2015-10-27 15:29:00,410000,410100
000995,2000-08-07 00:00:00,340301,2015-10-27 15:28:00,340000,340300
000995,2021-07-30 00:00:00,340501,2021-07-31 16:18:00,340000,340500
000996,2000-07-18 00:00:00,420801,2015-10-27 15:29:00,420000,420800
000996,2008-06-02 00:00:00,440201,2015-10-27 15:29:00,440000,440200
000996,2014-02-21 00:00:00,490301,2024-09-27 12:41:00,490000,490300
000996,2015-07-01 00:00:00,280301,2015-10-27 15:29:00,280000,280300
000996,2021-07-30 00:00:00,280302,2021-07-31 16:18:00,280000,280300
000997,2000-08-01 13:36:00,320201,2015-10-27 15:29:00,320000,320200
000997,2014-02-21 00:00:00,710101,2024-09-27 12:41:00,710000,710100
000997,2021-07-30 00:00:00,710103,2024-11-12 10:49:00,710000,710100
000998,2000-06-29 14:08:00,110101,2015-10-27 15:29:00,110000,110100
000999,2000-03-09 00:00:00,370201,2015-10-27 15:29:00,370000,370200
001201,2021-04-15 08:44:00,110701,2021-04-28 15:21:00,110000,110700
001201,2021-07-30 00:00:00,110702,2024-05-27 10:52:00,110000,110700
001202,2021-04-15 08:44:00,420801,2021-04-28 15:20:00,420000,420800
001202,2021-07-30 00:00:00,420802,2025-10-15 10:57:00,420000,420800
001203,2021-04-21 16:01:00,210301,2021-04-28 15:22:00,210000,210300
001203,2021-07-30 00:00:00,230301,2025-01-08 14:36:00,230000,230300
001205,2021-04-26 15:37:00,420601,2021-04-28 15:20:00,420000,420600
001205,2021-07-30 00:00:00,421101,2025-10-15 10:57:00,420000,421100
001206,2021-05-08 15:52:00,360101,2021-05-19 11:23:00,360000,360100
001206,2021-07-30 00:00:00,770101,2023-06-28 18:50:00,770000,770100
001207,2021-06-06 21:30:00,220603,2021-07-06 09:08:00,220000,220600
001208,2021-06-06 21:30:00,630404,2021-07-06 09:11:00,630000,630400
001208,2021-07-30 00:00:00,630805,2025-10-15 10:57:00,630000,630800
001209,2021-06-09 16:30:00,350207,2021-07-06 09:20:00,350000,350200
001209,2021-07-30 00:00:00,350209,2023-12-01 10:03:00,350000,350200
001210,2021-06-22 18:16:00,410104,2021-07-06 09:16:00,410000,410100
001211,2021-08-06 00:00:00,360311,2021-09-17 14:13:00,360000,360300
001212,2021-07-23 11:13:00,610303,2021-07-23 11:13:00,610000,610300
001213,2021-08-20 00:00:00,420903,2025-10-15 10:57:00,420000,420900
001215,2021-08-20 00:00:00,340406,2025-06-01 08:45:00,340000,340400
001216,2021-09-03 00:00:00,360311,2021-09-17 14:13:00,360000,360300
001217,2021-09-10 00:00:00,220204,2021-09-17 14:10:00,220000,220200
001218,2021-09-17 00:00:00,220309,2021-11-18 09:12:00,220000,220300
001219,2021-09-24 00:00:00,340802,2021-11-18 09:19:00,340000,340800
001220,2026-01-16 17:12:00,420803,2026-04-27 14:53:00,420000,420800
001221,2025-07-11 10:48:00,360311,2026-02-26 16:27:00,360000,360300
001222,2022-08-01 00:00:00,360502,2023-06-28 18:49:00,360000,360500
001223,2022-11-25 00:00:00,640704,2025-10-15 10:57:00,640000,640700
001225,2023-02-13 00:00:00,640203,2025-10-15 10:57:00,640000,640200
001226,2022-05-20 00:00:00,640602,2025-10-15 10:57:00,640000,640600
001227,2021-12-10 00:00:00,480401,2021-12-29 14:11:00,480000,480400
001228,2022-04-15 00:00:00,420805,2025-10-15 10:57:00,420000,420800
001229,2022-07-25 00:00:00,710103,2023-09-08 10:19:00,710000,710100
001230,2022-07-01 00:00:00,760103,2025-10-15 10:57:00,760000,760100
001231,2022-07-15 00:00:00,220803,2023-09-08 10:19:00,220000,220800
001232,2026-07-17 10:20:00,270202,2026-07-17 10:20:00,270000,270200
001233,2025-11-07 13:55:00,280204,2026-04-27 14:53:00,280000,280200
001234,2021-12-03 00:00:00,350106,2021-12-29 14:09:00,350000,350100
001234,2024-07-30 12:45:00,350208,2024-07-30 12:45:00,350000,350200
001235,2022-04-29 00:00:00,630802,2023-09-08 10:19:00,630000,630800
001236,2022-07-01 00:00:00,490303,2023-09-08 10:19:00,490000,490300
001237,2026-04-30 18:25:00,640105,2026-04-30 18:25:00,640000,640100
001238,2022-09-02 00:00:00,360502,2023-09-08 10:19:00,360000,360500
001239,2023-12-01 00:00:00,640602,2023-12-04 09:54:00,640000,640600
001248,2026-06-19 11:15:00,410107,2026-06-19 11:16:00,410000,410100
001255,2022-08-26 00:00:00,220504,2023-09-08 10:19:00,220000,220500
001256,2022-11-21 00:00:00,640208,2025-10-15 10:57:00,640000,640200
001257,2026-03-23 16:17:00,240505,2026-04-27 14:53:00,240000,240500
001258,2022-07-08 00:00:00,410107,2025-10-15 10:57:00,410000,410100
001259,2022-08-19 00:00:00,330301,2023-09-08 10:19:00,330000,330300
001260,2023-02-13 00:00:00,280202,2025-01-08 14:36:00,280000,280200
001266,2022-02-11 00:00:00,640702,2025-10-15 10:57:00,640000,640700
001267,2021-11-17 00:00:00,620307,2021-12-29 14:09:00,620000,620300
001267,2026-07-01 10:24:00,730204,2026-07-01 10:24:00,730000,730200
001268,2022-06-17 00:00:00,330601,2023-09-08 10:19:00,330000,330600
001269,2022-08-26 00:00:00,630504,2025-10-15 10:57:00,630000,630500
001270,2022-05-20 00:00:00,650501,2025-10-15 11:14:00,650000,650500
001277,2024-08-30 10:28:00,640203,2025-10-15 10:57:00,640000,640200
001278,2023-02-13 00:00:00,280202,2025-01-08 14:36:00,280000,280200
001279,2024-09-13 16:22:00,360202,2025-01-08 14:36:00,360000,360200
001280,2025-11-14 17:16:00,240501,2025-12-09 09:49:00,240000,240500
001282,2023-05-04 00:00:00,280203,2025-01-08 14:36:00,280000,280200
001283,2022-08-26 00:00:00,630701,2025-10-15 10:57:00,630000,630700
001285,2025-09-12 11:39:00,280203,2025-10-15 10:57:00,280000,280200
001286,2023-03-27 00:00:00,740101,2023-03-27 16:28:00,740000,740100
001286,2023-05-04 00:00:00,410101,2025-10-15 10:57:00,410000,410100
001287,2023-03-27 00:00:00,270401,2023-09-08 10:19:00,270000,270400
001288,2021-10-15 00:00:00,640203,2025-10-15 10:57:00,640000,640200
001289,2022-02-18 00:00:00,410107,2025-10-15 10:57:00,410000,410100
001296,2021-11-19 00:00:00,220901,2021-12-29 13:59:00,220000,220900
001298,2022-09-16 00:00:00,270401,2023-09-08 10:19:00,270000,270400
001299,2022-09-23 00:00:00,410301,2025-10-15 10:57:00,410000,410300
001300,2022-09-23 00:00:00,360502,2023-09-08 10:19:00,360000,360500
001301,2022-11-21 00:00:00,630702,2025-10-15 10:57:00,630000,630700
001306,2023-10-27 00:00:00,640108,2025-10-15 10:57:00,640000,640100
001308,2022-03-04 00:00:00,270301,2023-03-01 10:52:00,270000,270300
001309,2022-06-24 00:00:00,710103,2024-05-13 16:24:00,710000,710100
001309,2024-07-30 12:45:00,270104,2024-07-30 12:45:00,270000,270100
001311,2023-02-13 00:00:00,280205,2025-01-08 14:36:00,280000,280200
001312,2026-04-03 12:27:00,350106,2026-04-27 14:53:00,350000,350100
001313,2022-01-21 00:00:00,110403,2023-09-08 10:19:00,110000,110400
001314,2023-01-20 00:00:00,270504,2023-09-08 10:19:00,270000,270500
001316,2022-06-17 00:00:00,750302,2025-10-15 10:57:00,750000,750300
001317,2021-10-22 00:00:00,420903,2025-10-15 10:57:00,420000,420900
001318,2022-04-29 00:00:00,340702,2023-09-08 10:19:00,340000,340700
001319,2022-04-22 00:00:00,640108,2022-04-22 12:39:00,640000,640100
001319,2022-12-02 00:00:00,280202,2025-01-08 14:36:00,280000,280200
001322,2022-09-09 00:00:00,360309,2023-09-01 11:10:00,360000,360300
001323,2022-06-10 00:00:00,350206,2022-06-10 17:27:00,350000,350200
001323,2022-08-05 00:00:00,360307,2024-03-14 10:16:00,360000,360300
001324,2023-05-04 00:00:00,640501,2025-10-15 10:57:00,640000,640500
001325,2025-12-12 13:27:00,220602,2026-04-27 14:53:00,220000,220600
001326,2023-10-27 00:00:00,330501,2023-10-27 14:02:00,330000,330500
001328,2023-03-27 00:00:00,770102,2024-06-25 14:41:00,770000,770100
001330,2022-08-05 00:00:00,720601,2025-10-15 10:57:00,720000,720600
001331,2022-08-05 00:00:00,410301,2025-10-15 10:57:00,410000,410300
001332,2022-09-09 00:00:00,640203,2025-10-15 10:57:00,640000,640200
001333,2022-10-28 00:00:00,220504,2023-09-08 10:19:00,220000,220500
001335,2025-03-21 20:48:00,220305,2025-10-15 10:57:00,220000,220300
001336,2022-07-08 00:00:00,760201,2025-10-15 10:57:00,760000,760200
001337,2023-02-24 00:00:00,240401,2025-01-08 14:36:00,240000,240400
001338,2022-10-28 00:00:00,110504,2023-09-08 10:19:00,110000,110500
001339,2022-08-05 00:00:00,710103,2026-08-06 16:36:00,710000,710100
001356,2025-01-03 13:09:00,360311,2025-01-08 14:36:00,360000,360300
001358,2023-12-01 00:00:00,220309,2024-07-29 11:30:00,220000,220300
001359,2024-03-18 00:00:00,220505,2024-07-29 11:30:00,220000,220500
001360,2023-03-27 00:00:00,640203,2025-10-15 10:57:00,640000,640200
001365,2026-04-30 18:25:00,280206,2026-04-30 18:25:00,280000,280200
001366,2023-02-24 00:00:00,110402,2023-09-08 10:19:00,110000,110400
001367,2023-03-27 00:00:00,370101,2023-09-08 10:19:00,370000,370100
001368,2023-02-24 00:00:00,360502,2023-09-08 10:19:00,360000,360500
001369,2025-12-12 13:27:00,220404,2026-04-27 14:53:00,220000,220400
001373,2023-05-26 00:00:00,270303,2023-09-08 10:19:00,270000,270300
001376,2023-10-27 00:00:00,410104,2025-10-15 10:57:00,410000,410100
001378,2023-10-13 00:00:00,220505,2023-10-16 10:26:00,220000,220500
001379,2023-12-29 00:00:00,640108,2025-10-15 10:57:00,640000,640100
001380,2023-05-04 00:00:00,280203,2025-01-08 14:36:00,280000,280200
001382,2025-02-28 19:56:00,630805,2025-10-15 10:57:00,630000,630800
001386,2025-09-26 12:13:00,360306,2025-10-17 14:23:00,360000,360300
001387,2023-12-22 00:00:00,330106,2024-07-29 11:30:00,330000,330100
001388,2025-06-20 13:52:00,630803,2025-10-15 10:57:00,630000,630800
001389,2024-03-18 00:00:00,270202,2024-07-29 11:30:00,270000,270200
001390,2025-05-09 11:32:00,350106,2025-10-15 10:57:00,350000,350100
001391,2024-12-20 13:24:00,421001,2024-12-20 13:24:00,420000,421000
001391,2025-01-03 13:09:00,420805,2026-02-26 16:27:00,420000,420800
001393,2026-04-30 18:25:00,630801,2026-04-30 18:25:00,630000,630800
001395,2025-01-10 11:00:00,640209,2025-09-03 08:53:00,640000,640200
001396,2025-12-12 13:27:00,620306,2026-04-27 14:53:00,620000,620300
001399,2026-06-05 13:08:00,270301,2026-06-05 13:08:00,270000,270300
001400,2025-04-18 14:26:00,640209,2025-10-15 10:57:00,640000,640200
001696,1997-03-06 00:00:00,310301,2015-10-27 15:29:00,310000,310300
001696,2014-02-21 00:00:00,280401,2024-09-27 12:41:00,280000,280400
001696,2014-07-01 00:00:00,280201,2015-10-27 15:29:00,280000,280200
001696,2021-07-30 00:00:00,640106,2025-10-15 10:57:00,640000,640100
001872,1993-05-05 00:00:00,420101,2018-12-28 09:27:00,420000,420100
001872,2021-07-30 00:00:00,421102,2025-10-15 10:57:00,420000,421100
001896,1998-01-22 00:00:00,410101,2015-10-27 15:29:00,410000,410100
001914,2019-12-23 09:12:00,430101,2021-03-03 15:31:00,430000,430100
001914,2021-07-30 00:00:00,430301,2025-01-24 16:29:00,430000,430300
001965,2017-12-21 13:50:00,420201,2021-03-03 15:31:00,420000,420200
001965,2021-07-30 00:00:00,420901,2025-10-15 10:57:00,420000,420900
001979,2016-01-07 00:00:00,430101,2021-03-03 15:31:00,430000,430100
001979,2021-07-30 00:00:00,430102,2025-02-19 17:18:00,430000,430100
002001,2004-06-18 00:00:00,370101,2015-10-27 15:29:00,370000,370100
002001,2024-07-30 12:45:00,340407,2024-07-30 12:45:00,340000,340400
002001,2024-08-07 17:12:00,220315,2025-11-28 08:40:00,220000,220300
002002,2004-06-18 00:00:00,220501,2015-10-27 15:29:00,220000,220500
002002,2017-06-29 00:00:00,220202,2019-08-09 15:39:00,220000,220200
002003,2004-06-22 00:00:00,350201,2015-10-27 15:29:00,350000,350200
002003,2011-10-10 00:00:00,350105,2019-08-09 15:38:00,350000,350100
002004,2004-06-21 00:00:00,370102,2015-10-27 15:29:00,370000,370100
002004,2012-01-02 00:00:00,220303,2015-10-27 15:29:00,220000,220300
002004,2021-07-30 00:00:00,370102,2024-01-15 10:32:00,370000,370100
002005,2004-06-21 00:00:00,330104,2015-10-27 15:28:00,330000,330100
002005,2011-10-10 00:00:00,270302,2015-10-27 15:28:00,270000,270300
002005,2021-07-30 00:00:00,330301,2023-04-25 09:31:00,330000,330300
002006,2004-06-18 00:00:00,260204,2015-10-27 15:29:00,260000,260200
002006,2007-07-02 00:00:00,260202,2015-10-27 15:29:00,260000,260200
002006,2011-10-10 00:00:00,260403,2015-10-27 15:29:00,260000,260400
002006,2014-02-21 00:00:00,630303,2024-09-27 12:41:00,630000,630300
002006,2014-07-01 00:00:00,640206,2015-10-27 15:29:00,640000,640200
002006,2017-06-29 00:00:00,640209,2019-08-09 15:39:00,640000,640200
002007,2004-06-21 00:00:00,370301,2015-10-27 15:29:00,370000,370300
002007,2021-07-30 00:00:00,370302,2021-07-31 16:18:00,370000,370300
002007,2022-07-29 00:00:00,370303,2022-07-29 11:54:00,370000,370300
002008,2004-06-22 00:00:00,260204,2015-10-27 15:28:00,260000,260200
002008,2007-07-02 00:00:00,320201,2015-10-27 15:28:00,320000,320200
002008,2008-01-02 00:00:00,270401,2015-10-27 15:28:00,270000,270400
002008,2021-07-30 00:00:00,640703,2025-10-15 10:57:00,640000,640700
002009,2004-06-24 00:00:00,260204,2015-10-27 15:29:00,260000,260200
002009,2007-07-02 00:00:00,260207,2015-10-27 15:29:00,260000,260200
002009,2014-02-21 00:00:00,640209,2024-09-27 12:41:00,640000,640200
002010,2004-06-28 00:00:00,220305,2015-10-27 15:28:00,220000,220300
002010,2008-06-02 00:00:00,220308,2015-10-27 15:28:00,220000,220300
002010,2018-04-20 00:00:00,420801,2021-03-03 15:31:00,420000,420800
002010,2021-07-30 00:00:00,420807,2025-10-15 10:57:00,420000,420800
002011,2004-06-29 00:00:00,260105,2015-10-27 15:28:00,260000,260100
002011,2008-06-02 00:00:00,330102,2015-10-27 15:28:00,330000,330100
002011,2011-01-10 00:00:00,330105,2015-10-27 15:28:00,330000,330100
002011,2021-07-30 00:00:00,330601,2023-01-09 16:20:00,330000,330600
002012,2004-07-02 00:00:00,360101,2015-10-27 15:29:00,360000,360100
002012,2021-07-30 00:00:00,360103,2021-07-31 16:18:00,360000,360100
002013,2004-06-30 00:00:00,310201,2015-10-27 15:29:00,310000,310200
002013,2013-07-01 00:00:00,310304,2015-10-27 15:29:00,310000,310300
002013,2014-02-21 00:00:00,650201,2024-09-27 12:41:00,650000,650200
002014,2004-07-07 00:00:00,360201,2015-10-27 15:29:00,360000,360200
002014,2021-07-30 00:00:00,360204,2023-06-27 08:50:00,360000,360200
002015,2004-07-07 00:00:00,220401,2015-10-27 15:28:00,220000,220400
002015,2020-07-22 00:00:00,410104,2020-07-22 16:18:00,410000,410100
002016,2004-07-08 00:00:00,370501,2015-10-27 15:29:00,370000,370500
002016,2010-01-01 00:00:00,430101,2015-10-27 15:29:00,430000,430100
002017,2004-07-12 00:00:00,270401,2015-10-27 15:28:00,270000,270400
002017,2005-09-01 00:00:00,320101,2015-10-27 15:28:00,320000,320100
002017,2008-06-02 00:00:00,320102,2015-10-27 15:28:00,320000,320100
002017,2014-02-21 00:00:00,730201,2024-09-27 12:41:00,730000,730200
002017,2021-07-30 00:00:00,730206,2026-06-01 14:47:00,730000,730200
002018,2004-07-12 00:00:00,220303,2015-10-27 15:29:00,220000,220300
002018,2014-01-01 00:00:00,220302,2015-10-27 15:29:00,220000,220300
002018,2017-06-29 00:00:00,510101,2019-08-09 15:40:00,510000,510100
002019,2004-07-12 00:00:00,220304,2015-10-27 15:29:00,220000,220300
002019,2007-07-02 00:00:00,370101,2015-10-27 15:29:00,370000,370100
002019,2021-07-30 00:00:00,370102,2021-07-31 16:18:00,370000,370100
002020,2004-07-14 00:00:00,370101,2015-10-27 15:29:00,370000,370100
002020,2019-07-24 00:00:00,370102,2020-12-04 14:32:00,370000,370100
002021,2004-07-14 00:00:00,260201,2015-10-27 15:29:00,260000,260200
002021,2014-02-21 00:00:00,640206,2024-09-27 12:41:00,640000,640200
002022,2004-07-19 00:00:00,370301,2015-10-27 15:29:00,370000,370300
002022,2015-11-02 00:00:00,370501,2020-12-04 14:32:00,370000,370500
002022,2021-07-30 00:00:00,370504,2021-07-31 16:18:00,370000,370500
002023,2004-07-19 00:00:00,310303,2015-10-27 15:28:00,310000,310300
002023,2008-06-02 00:00:00,310304,2015-10-27 15:28:00,310000,310300
002023,2011-10-10 00:00:00,310402,2015-10-27 15:28:00,310000,310400
002023,2014-02-21 00:00:00,650201,2024-09-27 12:41:00,650000,650200
002024,2004-07-16 00:00:00,450101,2015-10-27 15:29:00,450000,450100
002024,2004-08-10 00:00:00,450102,2015-10-27 15:29:00,450000,450100
002024,2014-02-21 00:00:00,450401,2024-09-27 12:41:00,450000,450400
002024,2021-07-30 00:00:00,450601,2022-12-01 15:08:00,450000,450600
002025,2004-07-23 00:00:00,270401,2015-10-27 15:29:00,270000,270400
002025,2011-10-10 00:00:00,270502,2015-10-27 15:29:00,270000,270500
002025,2019-07-24 00:00:00,650101,2021-03-03 15:32:00,650000,650100
002025,2021-07-30 00:00:00,650501,2025-10-15 10:57:00,650000,650500
002026,2004-07-26 00:00:00,260201,2015-10-27 15:29:00,260000,260200
002026,2007-07-02 00:00:00,260102,2015-10-27 15:29:00,260000,260100
002026,2014-02-21 00:00:00,640102,2024-09-27 12:41:00,640000,640100
002026,2021-07-30 00:00:00,640108,2025-10-15 10:57:00,640000,640100
002027,2004-08-03 00:00:00,320201,2015-10-27 15:29:00,320000,320200
002027,2014-02-21 00:00:00,710101,2024-09-27 12:41:00,710000,710100
002027,2016-07-01 00:00:00,720201,2021-03-03 15:32:00,720000,720200
002027,2021-07-30 00:00:00,720502,2025-10-15 10:57:00,720000,720500
002028,2004-08-02 00:00:00,260404,2015-10-27 15:29:00,260000,260400
002028,2014-02-21 00:00:00,630201,2024-09-27 12:41:00,630000,630200
002028,2019-07-24 00:00:00,630401,2020-08-10 09:22:00,630000,630400
002028,2021-07-30 00:00:00,630801,2025-11-10 13:33:00,630000,630800
002029,2004-08-05 00:00:00,350201,2015-10-27 15:29:00,350000,350200
002029,2011-10-10 00:00:00,350202,2021-01-04 09:44:00,350000,350200
002029,2021-07-30 00:00:00,350209,2026-01-26 16:15:00,350000,350200
002030,2004-08-06 00:00:00,370301,2015-10-27 15:28:00,370000,370300
002030,2019-07-24 00:00:00,370501,2021-03-03 15:32:00,370000,370500
002030,2021-07-30 00:00:00,370504,2024-04-01 15:28:00,370000,370500
002031,2004-08-16 00:00:00,260106,2015-10-27 15:29:00,260000,260100
002031,2011-10-10 00:00:00,260103,2015-10-27 15:29:00,260000,260100
002031,2014-02-21 00:00:00,640103,2024-09-27 12:41:00,640000,640100
002031,2017-06-29 00:00:00,640209,2019-08-09 15:39:00,640000,640200
002032,2004-08-16 00:00:00,360301,2015-10-27 15:29:00,360000,360300
002032,2006-09-01 00:00:00,330104,2015-10-27 15:29:00,330000,330100
002032,2021-07-30 00:00:00,330301,2023-01-09 16:21:00,330000,330300
002033,2004-08-20 00:00:00,460102,2015-10-27 15:29:00,460000,460100
002033,2014-01-01 00:00:00,460301,2015-10-27 15:29:00,460000,460300
002033,2021-07-30 00:00:00,461003,2023-04-03 15:24:00,460000,461000
002034,2004-08-25 00:00:00,350104,2015-10-27 15:29:00,350000,350100
002034,2019-07-24 00:00:00,410401,2019-08-09 15:38:00,410000,410400
002034,2021-07-30 00:00:00,760103,2025-10-15 10:57:00,760000,760100
002035,2004-08-27 00:00:00,330104,2015-10-27 15:29:00,330000,330100
002035,2021-07-30 00:00:00,330401,2023-01-09 15:15:00,330000,330400
002036,2004-09-01 00:00:00,350201,2015-10-27 15:29:00,350000,350200
002036,2011-10-10 00:00:00,270301,2020-12-29 13:06:00,270000,270300
002036,2021-07-30 00:00:00,270303,2025-03-01 09:22:00,270000,270300
002037,2004-09-07 00:00:00,220304,2015-10-27 15:29:00,220000,220300
002037,2008-06-02 00:00:00,220307,2015-10-27 15:29:00,220000,220300
002038,2004-09-07 00:00:00,370301,2015-10-27 15:29:00,370000,370300
002038,2021-07-30 00:00:00,370304,2021-07-31 16:18:00,370000,370300
002038,2024-07-30 12:45:00,370102,2024-07-30 12:45:00,370000,370100
002039,2005-03-02 00:00:00,410102,2015-10-27 15:29:00,410000,410100
002040,2005-02-23 00:00:00,420101,2015-10-27 15:29:00,420000,420100
002040,2021-07-30 00:00:00,421102,2025-10-15 10:57:00,420000,421100
002041,2005-03-24 00:00:00,110101,2015-10-27 15:28:00,110000,110100
002042,2005-03-30 00:00:00,350102,2015-10-27 15:29:00,350000,350100
002043,2005-04-06 00:00:00,360301,2015-10-27 15:29:00,360000,360300
002043,2007-07-02 00:00:00,250104,2015-10-27 15:29:00,250000,250100
002043,2014-02-21 00:00:00,610303,2024-09-27 12:41:00,610000,610300
002044,2005-04-11 00:00:00,350201,2015-10-27 15:29:00,350000,350200
002044,2011-10-10 00:00:00,370601,2016-06-23 18:27:00,370000,370600
002044,2021-07-30 00:00:00,370604,2025-03-03 08:49:00,370000,370600
002045,2005-04-21 00:00:00,270401,2024-06-24 19:09:00,270000,270400
002045,2011-10-10 00:00:00,270501,2024-06-24 19:09:00,270000,270500
002045,2021-07-30 00:00:00,270503,2025-03-17 07:47:00,270000,270500
002046,2005-04-26 00:00:00,260102,2015-10-27 15:29:00,260000,260100
002046,2014-02-21 00:00:00,640102,2024-09-27 12:41:00,640000,640100
002046,2021-07-30 00:00:00,640108,2021-08-02 13:24:00,640000,640100
002046,2022-07-29 00:00:00,640103,2026-06-30 08:40:00,640000,640100
002047,2005-05-30 00:00:00,250104,2015-10-27 15:28:00,250000,250100
002047,2008-06-02 00:00:00,360303,2015-10-27 15:28:00,360000,360300
002047,2014-02-21 00:00:00,620201,2024-09-27 12:41:00,620000,620200
002048,2005-06-01 00:00:00,310201,2015-10-27 15:29:00,310000,310200
002048,2014-02-21 00:00:00,280201,2024-09-27 12:41:00,280000,280200
002048,2021-07-30 00:00:00,280202,2025-01-08 14:36:00,280000,280200
002049,2005-05-30 00:00:00,270201,2015-10-27 15:29:00,270000,270200
002049,2011-01-10 00:00:00,270101,2015-10-27 15:29:00,270000,270100
002049,2021-07-30 00:00:00,270104,2023-04-25 09:31:00,270000,270100
002050,2005-05-25 00:00:00,330102,2015-10-27 15:29:00,330000,330100
002050,2012-01-02 00:00:00,330105,2015-10-27 15:29:00,330000,330100
002050,2021-07-30 00:00:00,330601,2021-07-31 16:18:00,330000,330600
002051,2006-06-16 00:00:00,250201,2015-10-27 15:29:00,250000,250200
002051,2011-10-10 00:00:00,250205,2015-10-27 15:29:00,250000,250200
002051,2014-02-21 00:00:00,620403,2024-09-27 12:41:00,620000,620400
002052,2006-01-27 00:00:00,330202,2015-10-27 15:29:00,330000,330200
002052,2026-07-01 10:24:00,630306,2026-07-01 10:24:00,630000,630300
002053,2006-06-26 00:00:00,220202,2015-10-27 15:29:00,220000,220200
002053,2018-07-13 00:00:00,220203,2019-08-09 15:39:00,220000,220200
002053,2024-12-06 10:29:00,410107,2025-10-15 10:57:00,410000,410100
002054,2006-07-25 00:00:00,220305,2015-10-27 15:28:00,220000,220300
002054,2008-06-02 00:00:00,220308,2019-08-09 15:39:00,220000,220300
002055,2006-07-12 00:00:00,330202,2015-10-27 15:28:00,330000,330200
002055,2007-07-02 00:00:00,270401,2015-10-27 15:28:00,270000,270400
002055,2011-10-10 00:00:00,270502,2015-10-27 15:28:00,270000,270500
002055,2021-07-30 00:00:00,270504,2023-04-25 09:31:00,270000,270500
002056,2006-08-02 00:00:00,270201,2015-10-27 15:29:00,270000,270200
002056,2007-07-02 00:00:00,240201,2015-10-27 15:29:00,240000,240200
002056,2008-06-02 00:00:00,240202,2015-10-27 15:29:00,240000,240200
002056,2009-01-01 00:00:00,270401,2015-10-27 15:29:00,270000,270400
002056,2019-07-24 00:00:00,240202,2021-01-25 13:35:00,240000,240200
002056,2023-07-04 00:00:00,630502,2025-12-03 14:34:00,630000,630500
002057,2006-08-02 00:00:00,270201,2015-10-27 15:29:00,270000,270200
002057,2007-07-02 00:00:00,240201,2015-10-27 15:29:00,240000,240200
002057,2008-06-02 00:00:00,240202,2021-01-25 13:35:00,240000,240200
002057,2023-07-04 00:00:00,460802,2023-07-04 15:14:00,460000,460800
002058,2006-07-12 00:00:00,260402,2015-10-27 15:29:00,260000,260400
002058,2014-02-21 00:00:00,630203,2024-09-27 12:41:00,630000,630200
002058,2021-07-30 00:00:00,630804,2021-11-30 13:17:00,630000,630800
002058,2022-07-29 00:00:00,640107,2025-10-15 10:57:00,640000,640100
002058,2026-07-01 10:24:00,630702,2026-07-01 10:24:00,630000,630700
002059,2006-08-10 00:00:00,460101,2015-10-27 15:29:00,460000,460100
002059,2010-06-01 00:00:00,430101,2015-10-27 15:29:00,430000,430100
002059,2013-01-01 00:00:00,460301,2015-10-27 15:29:00,460000,460300
002059,2021-07-30 00:00:00,461002,2023-02-20 17:31:00,460000,461000
002060,2006-08-10 00:00:00,250201,2015-10-27 15:29:00,250000,250200
002060,2011-10-10 00:00:00,250204,2015-10-27 15:29:00,250000,250200
002060,2014-02-21 00:00:00,620303,2024-09-27 12:41:00,620000,620300
002060,2021-07-30 00:00:00,620306,2022-02-24 12:57:00,620000,620300
002060,2022-07-29 00:00:00,410110,2025-10-15 10:57:00,410000,410100
002060,2026-07-01 10:24:00,620306,2026-07-01 10:24:00,620000,620300
002061,2006-07-25 00:00:00,220201,2015-10-27 15:29:00,220000,220200
002061,2011-10-10 00:00:00,220702,2015-10-27 15:29:00,220000,220700
002061,2014-02-21 00:00:00,220313,2024-09-27 12:41:00,220000,220300
002061,2018-07-13 00:00:00,620302,2019-08-09 15:39:00,620000,620300
002061,2021-07-30 00:00:00,620306,2021-07-31 16:18:00,620000,620300
002062,2006-08-08 00:00:00,250201,2015-10-27 15:29:00,250000,250200
002062,2011-10-10 00:00:00,250204,2015-10-27 15:29:00,250000,250200
002062,2014-02-21 00:00:00,620301,2024-09-27 12:41:00,620000,620300
002062,2021-07-30 00:00:00,620306,2023-05-29 14:32:00,620000,620300
002063,2006-08-23 00:00:00,470301,2023-09-15 16:47:00,470000,470300
002063,2008-06-02 00:00:00,470302,2023-09-15 16:53:00,470000,470300
002063,2014-02-21 00:00:00,710201,2024-09-27 12:41:00,710000,710200
002063,2021-07-30 00:00:00,710401,2024-01-19 11:05:00,710000,710400
002064,2006-08-08 00:00:00,220401,2015-10-27 15:29:00,220000,220400
002064,2007-07-02 00:00:00,220404,2015-10-27 15:29:00,220000,220400
002064,2008-06-02 00:00:00,220405,2015-10-27 15:29:00,220000,220400
002065,2006-08-08 00:00:00,470301,2015-10-27 15:28:00,470000,470300
002065,2008-06-02 00:00:00,470303,2015-10-27 15:28:00,470000,470300
002065,2014-02-21 00:00:00,710202,2024-09-27 12:41:00,710000,710200
002065,2021-07-30 00:00:00,710301,2021-07-31 16:18:00,710000,710300
002066,2006-08-23 00:00:00,250104,2015-10-27 15:29:00,250000,250100
002066,2011-10-10 00:00:00,250105,2015-10-27 15:29:00,250000,250100
002066,2014-02-21 00:00:00,610301,2024-09-27 12:41:00,610000,610300
002067,2006-09-15 00:00:00,360101,2015-10-27 15:29:00,360000,360100
002067,2021-07-30 00:00:00,360102,2021-07-31 16:18:00,360000,360100
002068,2006-09-15 00:00:00,220601,2015-10-27 15:29:00,220000,220600
002068,2011-10-10 00:00:00,220603,2015-10-27 15:29:00,220000,220600
002069,2006-09-19 00:00:00,110202,2015-10-27 15:29:00,110000,110200
002070,2006-09-19 00:00:00,350104,2015-10-27 15:29:00,350000,350100
002070,2017-06-29 00:00:00,240503,2018-06-20 15:06:00,240000,240500
002071,2006-09-19 00:00:00,360301,2015-10-27 15:28:00,360000,360300
002071,2011-01-10 00:00:00,360303,2015-10-27 15:28:00,360000,360300
002071,2015-07-01 00:00:00,720102,2015-10-27 15:28:00,720000,720100
002071,2015-10-31 00:00:00,360303,2015-10-30 14:49:00,360000,360300
002071,2017-11-09 00:00:00,720201,2019-08-09 15:38:00,720000,720200
002071,2021-07-30 00:00:00,720601,2021-07-31 16:18:00,720000,720600
002072,2006-09-19 00:00:00,350102,2015-10-27 15:29:00,350000,350100
002072,2017-06-29 00:00:00,710202,2019-08-09 15:39:00,710000,710200
002072,2021-07-30 00:00:00,510101,2021-07-31 16:18:00,510000,510100
002072,2023-07-04 00:00:00,450201,2023-07-04 15:14:00,450000,450200
002073,2006-10-18 00:00:00,470301,2015-10-27 15:29:00,470000,470300
002073,2008-06-02 00:00:00,470303,2015-10-27 15:29:00,470000,470300
002073,2013-07-01 00:00:00,260207,2015-10-27 15:29:00,260000,260200
002073,2014-02-21 00:00:00,640209,2024-09-27 12:41:00,640000,640200
002074,2006-10-18 00:00:00,260402,2015-10-27 15:28:00,260000,260400
002074,2011-10-10 00:00:00,260404,2015-10-27 15:28:00,260000,260400
002074,2014-02-21 00:00:00,630402,2024-09-27 12:41:00,630000,630400
002074,2019-07-24 00:00:00,630305,2021-05-31 10:19:00,630000,630300
002074,2021-07-30 00:00:00,630701,2025-10-15 10:57:00,630000,630700
002075,2006-10-25 00:00:00,240101,2015-10-27 15:29:00,240000,240100
002075,2008-06-02 00:00:00,240103,2015-10-27 15:29:00,240000,240100
002075,2011-01-10 00:00:00,230101,2015-10-27 15:29:00,230000,230100
002075,2017-06-29 00:00:00,230102,2020-12-04 14:32:00,230000,230100
002075,2021-07-30 00:00:00,230501,2025-01-08 14:36:00,230000,230500
002076,2006-10-25 00:00:00,270401,2015-10-27 15:29:00,270000,270400
002076,2017-05-26 10:00:00,270302,2020-12-04 14:41:00,270000,270300
002076,2021-07-30 00:00:00,330501,2023-04-25 09:31:00,330000,330500
002077,2006-11-16 00:00:00,250201,2015-10-27 15:28:00,250000,250200
002077,2010-01-01 00:00:00,430101,2015-10-27 15:28:00,430000,430100
002077,2015-07-01 00:00:00,430201,2018-06-20 15:06:00,430000,430200
002077,2018-07-13 00:00:00,270101,2019-08-09 15:38:00,270000,270100
002077,2021-07-30 00:00:00,270107,2023-04-25 09:31:00,270000,270100
002078,2006-10-26 00:00:00,360101,2015-10-27 15:29:00,360000,360100
002078,2021-07-30 00:00:00,360102,2026-02-26 16:27:00,360000,360100
002079,2006-10-26 00:00:00,270101,2015-10-27 15:29:00,270000,270100
002079,2008-06-02 00:00:00,270102,2015-10-27 15:29:00,270000,270100
002079,2024-07-30 12:45:00,630702,2025-10-15 10:57:00,630000,630700
002079,2026-07-01 10:24:00,630504,2026-07-01 10:24:00,630000,630500
002080,2006-11-20 00:00:00,220701,2015-10-27 15:29:00,220000,220700
002080,2011-10-10 00:00:00,220703,2015-10-27 15:29:00,220000,220700
002080,2014-02-21 00:00:00,220314,2024-09-27 12:41:00,220000,220300
002080,2021-07-30 00:00:00,610202,2023-12-07 10:02:00,610000,610200
002081,2006-11-20 00:00:00,250104,2015-10-27 15:29:00,250000,250100
002081,2007-07-02 00:00:00,250202,2015-10-27 15:29:00,250000,250200
002081,2014-02-21 00:00:00,620201,2024-09-27 12:41:00,620000,620200
002082,2006-11-20 00:00:00,250104,2015-10-27 15:28:00,250000,250100
002082,2014-02-21 00:00:00,610303,2024-09-27 12:41:00,610000,610300
002082,2021-07-30 00:00:00,240301,2021-07-31 16:18:00,240000,240300
002082,2022-07-29 00:00:00,370201,2023-12-07 10:03:00,370000,370200
002083,2006-11-21 00:00:00,350102,2015-10-27 15:28:00,350000,350100
002084,2006-11-21 00:00:00,360301,2015-10-27 15:28:00,360000,360300
002084,2008-06-02 00:00:00,360303,2020-05-27 13:53:00,360000,360300
002084,2021-07-30 00:00:00,360309,2025-01-24 16:29:00,360000,360300
002085,2006-11-27 00:00:00,310201,2015-10-27 15:29:00,310000,310200
002085,2014-02-21 00:00:00,280201,2024-09-27 12:41:00,280000,280200
002085,2021-07-30 00:00:00,280204,2025-01-24 16:29:00,280000,280200
002086,2006-11-27 00:00:00,110202,2015-10-27 15:28:00,110000,110200
002086,2022-07-29 00:00:00,370504,2024-05-27 10:52:00,370000,370500
002086,2026-07-01 10:24:00,110504,2026-07-01 10:24:00,110000,110500
002087,2006-11-29 00:00:00,350102,2015-10-27 15:29:00,350000,350100
002088,2006-11-29 00:00:00,220701,2015-10-27 15:29:00,220000,220700
002088,2011-10-10 00:00:00,250105,2015-10-27 15:29:00,250000,250100
002088,2014-02-21 00:00:00,610301,2024-09-27 12:41:00,610000,610300
002089,2006-11-29 00:00:00,320101,2015-10-27 15:29:00,320000,320100
002089,2008-06-02 00:00:00,320103,2015-10-27 15:29:00,320000,320100
002089,2014-02-21 00:00:00,730202,2024-09-27 12:41:00,730000,730200
002089,2021-07-30 00:00:00,730204,2021-07-31 16:18:00,730000,730200
002090,2006-12-07 00:00:00,260402,2015-10-27 15:29:00,260000,260400
002090,2014-02-21 00:00:00,630201,2024-09-27 12:41:00,630000,630200
002090,2021-07-30 00:00:00,630803,2025-10-15 10:57:00,630000,630800
002091,2006-12-07 00:00:00,460201,2015-10-27 15:29:00,460000,460200
002091,2007-07-02 00:00:00,450201,2015-10-27 15:29:00,450000,450200
002092,2006-12-07 00:00:00,220202,2015-10-27 15:29:00,220000,220200
002093,2006-12-14 00:00:00,470301,2015-10-27 15:28:00,470000,470300
002093,2008-04-17 00:00:00,320101,2015-10-27 15:28:00,320000,320100
002093,2008-06-02 00:00:00,320104,2015-10-27 15:28:00,320000,320100
002093,2014-02-21 00:00:00,730203,2024-09-27 12:41:00,730000,730200
002093,2021-07-30 00:00:00,730103,2021-07-31 16:18:00,730000,730100
002093,2024-07-30 12:45:00,461101,2025-01-08 14:36:00,460000,461100
002094,2006-12-14 00:00:00,360301,2015-10-27 15:29:00,360000,360300
002094,2008-06-02 00:00:00,360303,2015-10-27 15:29:00,360000,360300
002094,2017-06-29 00:00:00,450401,2018-06-20 15:06:00,450000,450400
002094,2018-07-13 00:00:00,220304,2020-05-14 10:07:00,220000,220300
002094,2021-07-30 00:00:00,770201,2021-07-31 16:18:00,770000,770200
002095,2006-12-14 00:00:00,470201,2015-10-27 15:29:00,470000,470200
002095,2009-06-01 00:00:00,470303,2015-10-27 15:29:00,470000,470300
002095,2011-10-10 00:00:00,470201,2015-10-27 15:29:00,470000,470200
002095,2014-02-21 00:00:00,720301,2024-09-27 12:41:00,720000,720300
002095,2021-07-30 00:00:00,720704,2025-10-15 10:57:00,720000,720700
002096,2006-12-20 00:00:00,220304,2015-10-27 15:29:00,220000,220300
002096,2008-06-02 00:00:00,220307,2015-10-27 15:29:00,220000,220300
002097,2006-12-20 00:00:00,260202,2015-10-27 15:29:00,260000,260200
002097,2014-02-21 00:00:00,640201,2024-09-27 12:41:00,640000,640200
002097,2021-07-30 00:00:00,640601,2025-10-15 10:57:00,640000,640600
002098,2006-12-20 00:00:00,350201,2015-10-27 15:29:00,350000,350200
002098,2011-10-10 00:00:00,350105,2015-10-27 15:29:00,350000,350100
002099,2006-12-26 00:00:00,370101,2015-10-27 15:28:00,370000,370100
002100,2006-12-26 00:00:00,370301,2015-10-27 15:29:00,370000,370300
002100,2011-10-10 00:00:00,110801,2015-10-27 15:29:00,110000,110800
002100,2015-07-01 00:00:00,110401,2015-10-27 15:29:00,110000,110400
002100,2021-07-30 00:00:00,110402,2025-12-12 09:00:00,110000,110400
002101,2006-12-28 00:00:00,260102,2015-10-27 15:28:00,260000,260100
002101,2011-10-10 00:00:00,310201,2015-10-27 15:28:00,310000,310200
002101,2014-02-21 00:00:00,280201,2024-09-27 12:41:00,280000,280200
002101,2021-07-30 00:00:00,280205,2025-01-08 14:36:00,280000,280200
002102,2006-12-28 00:00:00,360301,2015-10-27 15:28:00,360000,360300
002102,2008-06-02 00:00:00,360303,2015-10-27 15:28:00,360000,360300
002102,2014-01-01 00:00:00,450201,2015-10-27 15:28:00,450000,450200
002102,2014-07-01 00:00:00,360303,2017-12-11 18:00:00,360000,360300
002102,2017-12-26 00:00:00,370101,2020-12-04 14:32:00,370000,370100
002103,2007-01-08 00:00:00,360201,2015-10-27 15:28:00,360000,360200
002103,2017-06-29 00:00:00,720302,2019-08-09 15:38:00,720000,720300
002103,2021-07-30 00:00:00,720501,2021-07-31 16:18:00,720000,720500
002103,2022-07-29 00:00:00,360501,2025-06-17 11:15:00,360000,360500
002104,2007-01-08 00:00:00,270401,2015-10-27 15:29:00,270000,270400
002104,2008-06-02 00:00:00,320102,2015-10-27 15:29:00,320000,320100
002104,2014-02-21 00:00:00,730201,2024-09-27 12:41:00,730000,730200
002104,2021-07-30 00:00:00,730206,2026-06-01 14:47:00,730000,730200
002105,2007-01-12 00:00:00,310301,2015-10-27 15:29:00,310000,310300
002105,2011-10-10 00:00:00,310307,2015-10-27 15:29:00,310000,310300
002105,2014-02-21 00:00:00,280401,2024-09-27 12:41:00,280000,280400
002106,2007-01-12 00:00:00,270301,2015-10-27 15:29:00,270000,270300
002107,2007-01-24 00:00:00,370201,2015-10-27 15:29:00,370000,370200
002108,2007-01-24 00:00:00,220501,2015-10-27 15:28:00,220000,220500
002109,2007-01-25 00:00:00,220301,2015-10-27 15:29:00,220000,220300
002109,2008-06-02 00:00:00,220307,2018-06-20 15:06:00,220000,220300
002109,2018-07-13 00:00:00,220309,2019-08-09 15:39:00,220000,220300
002109,2021-07-30 00:00:00,220204,2021-07-31 16:18:00,220000,220200
002110,2007-01-25 00:00:00,230101,2015-10-27 15:29:00,230000,230100
002110,2021-07-30 00:00:00,230401,2025-01-08 14:36:00,230000,230400
002111,2007-01-25 00:00:00,310303,2024-08-12 08:38:00,310000,310300
002111,2007-07-02 00:00:00,260106,2024-08-12 08:38:00,260000,260100
002111,2008-10-07 00:00:00,260207,2024-08-12 08:38:00,260000,260200
002111,2014-02-21 00:00:00,640209,2024-09-27 12:41:00,640000,640200
002111,2023-07-04 00:00:00,650201,2025-10-15 10:57:00,650000,650200
002112,2007-02-07 00:00:00,260404,2015-10-27 15:29:00,260000,260400
002112,2014-02-21 00:00:00,630402,2024-09-27 12:41:00,630000,630400
002112,2021-07-30 00:00:00,630801,2025-10-15 10:57:00,630000,630800
002113,2007-02-06 00:00:00,220301,2015-10-27 15:29:00,220000,220300
002113,2013-01-01 00:00:00,510101,2015-10-27 15:29:00,510000,510100
002113,2017-06-29 00:00:00,720302,2019-08-09 15:38:00,720000,720300
002113,2021-07-30 00:00:00,720401,2021-07-31 16:18:00,720000,720400
002114,2007-02-14 00:00:00,240101,2015-10-27 15:29:00,240000,240100
002114,2008-06-02 00:00:00,240104,2015-10-27 15:29:00,240000,240100
002114,2014-02-21 00:00:00,240303,2024-09-27 12:41:00,240000,240300
002115,2007-02-14 00:00:00,320101,2015-10-27 15:29:00,320000,320100
002115,2008-06-02 00:00:00,320103,2015-10-27 15:29:00,320000,320100
002115,2011-10-10 00:00:00,320104,2015-10-27 15:29:00,320000,320100
002115,2014-02-21 00:00:00,730203,2024-09-27 12:41:00,730000,730200
002115,2021-07-30 00:00:00,730103,2026-06-01 14:47:00,730000,730100
002116,2007-02-14 00:00:00,250201,2015-10-27 15:29:00,250000,250200
002116,2011-10-10 00:00:00,250204,2015-10-27 15:29:00,250000,250200
002116,2014-02-21 00:00:00,620305,2024-09-27 12:41:00,620000,620300
002116,2021-07-30 00:00:00,620404,2021-07-31 16:18:00,620000,620400
002117,2007-03-01 00:00:00,360201,2015-10-27 15:28:00,360000,360200
002117,2021-07-30 00:00:00,360202,2025-09-18 13:44:00,360000,360200
002118,2007-03-01 00:00:00,370201,2015-10-27 15:29:00,370000,370200
002119,2007-03-02 00:00:00,270101,2015-10-27 15:29:00,270000,270100
002119,2008-06-02 00:00:00,270103,2015-10-27 15:29:00,270000,270100
002120,2007-03-06 00:00:00,360301,2015-10-27 15:29:00,360000,360300
002120,2008-06-02 00:00:00,420801,2021-03-03 15:31:00,420000,420800
002120,2021-07-30 00:00:00,420804,2025-10-15 10:57:00,420000,420800
002121,2007-03-06 00:00:00,260402,2015-10-27 15:29:00,260000,260400
002121,2014-02-21 00:00:00,630203,2024-09-27 12:41:00,630000,630200
002121,2021-07-30 00:00:00,630804,2025-10-15 10:57:00,630000,630800
002122,2007-03-28 00:00:00,260102,2015-10-27 15:29:00,260000,260100
002122,2014-02-21 00:00:00,640102,2024-09-27 12:41:00,640000,640100
002122,2021-07-30 00:00:00,640108,2021-08-02 13:24:00,640000,640100
002122,2022-07-29 00:00:00,640101,2025-10-15 10:57:00,640000,640100
002123,2007-03-28 00:00:00,260402,2015-10-27 15:29:00,260000,260400
002123,2011-10-10 00:00:00,260404,2015-10-27 15:29:00,260000,260400
002123,2014-02-21 00:00:00,630202,2024-09-27 12:41:00,630000,630200
002123,2017-06-29 00:00:00,720302,2021-03-03 15:32:00,720000,720300
002123,2021-07-30 00:00:00,730104,2026-06-01 14:47:00,730000,730100
002124,2007-04-02 00:00:00,110401,2015-10-27 15:29:00,110000,110400
002124,2021-07-30 00:00:00,110702,2025-01-24 16:29:00,110000,110700
002125,2007-04-02 00:00:00,220203,2015-10-27 15:29:00,220000,220200
002125,2022-07-29 00:00:00,630702,2025-10-15 10:57:00,630000,630700
002126,2007-04-18 00:00:00,310201,2015-10-27 15:29:00,310000,310200
002126,2014-02-21 00:00:00,280201,2024-09-27 12:41:00,280000,280200
002126,2021-07-30 00:00:00,280203,2023-06-28 18:50:00,280000,280200
002127,2007-04-18 00:00:00,350103,2015-10-27 15:29:00,350000,350100
002127,2011-01-10 00:00:00,220401,2015-10-27 15:29:00,220000,220400
002127,2017-06-29 00:00:00,450401,2021-03-03 15:31:00,450000,450400
002127,2021-07-30 00:00:00,450603,2024-01-24 15:43:00,450000,450600
002128,2007-04-18 00:00:00,210201,2015-10-27 15:29:00,210000,210200
002128,2021-07-30 00:00:00,740101,2025-10-15 10:57:00,740000,740100
002129,2007-04-18 00:00:00,270201,2015-10-27 15:29:00,270000,270200
002129,2008-06-02 00:00:00,270103,2015-10-27 15:29:00,270000,270100
002129,2017-06-29 00:00:00,630303,2021-03-03 15:31:00,630000,630300
002129,2021-07-30 00:00:00,630501,2025-12-10 10:16:00,630000,630500
002130,2007-04-18 00:00:00,220701,2015-10-27 15:29:00,220000,220700
002130,2011-01-10 00:00:00,240203,2015-10-27 15:29:00,240000,240200
002130,2021-07-30 00:00:00,270401,2021-07-31 16:18:00,270000,270400
002131,2007-04-27 00:00:00,260106,2015-10-27 15:29:00,260000,260100
002131,2014-02-21 00:00:00,640106,2024-09-27 12:41:00,640000,640100
002131,2015-07-01 00:00:00,510101,2015-10-27 15:29:00,510000,510100
002131,2015-10-31 00:00:00,640106,2015-10-30 14:49:00,640000,640100
002131,2017-12-11 17:59:00,720201,2019-08-09 15:38:00,720000,720200
002131,2021-07-30 00:00:00,720501,2021-07-31 16:18:00,720000,720500
002131,2023-07-04 00:00:00,640108,2025-10-15 10:57:00,640000,640100
002132,2007-04-27 00:00:00,230201,2015-10-27 15:29:00,230000,230200
002132,2008-06-02 00:00:00,260501,2015-10-27 15:29:00,260000,260500
002132,2014-02-21 00:00:00,640401,2024-09-27 12:41:00,640000,640400
002132,2021-07-30 00:00:00,640108,2025-10-15 10:57:00,640000,640100
002133,2007-04-27 00:00:00,430101,2015-10-27 15:28:00,430000,430100
002134,2007-05-15 00:00:00,270101,2015-10-27 15:29:00,270000,270100
002134,2011-10-10 00:00:00,270202,2015-10-27 15:29:00,270000,270200
002135,2007-05-28 00:00:00,250201,2015-10-27 15:28:00,250000,250200
002135,2011-10-10 00:00:00,250205,2015-10-27 15:28:00,250000,250200
002135,2014-02-21 00:00:00,620401,2024-09-27 12:41:00,620000,620400
002136,2007-05-28 00:00:00,240201,2015-10-27 15:28:00,240000,240200
002136,2008-06-02 00:00:00,220309,2019-08-09 15:39:00,220000,220300
002136,2021-07-30 00:00:00,220206,2021-07-31 16:18:00,220000,220200
002137,2007-06-12 00:00:00,270201,2015-10-27 15:29:00,270000,270200
002137,2011-10-10 00:00:00,270501,2015-10-27 15:29:00,270000,270500
002137,2017-06-29 00:00:00,720201,2019-08-09 15:38:00,720000,720200
002137,2021-07-30 00:00:00,720501,2021-07-31 16:18:00,720000,720500
002137,2022-07-29 00:00:00,270302,2022-07-29 11:54:00,270000,270300
002138,2007-06-12 00:00:00,330202,2015-10-27 15:29:00,330000,330200
002138,2008-06-02 00:00:00,270201,2015-10-27 15:29:00,270000,270200
002138,2011-10-10 00:00:00,270203,2015-10-27 15:29:00,270000,270200
002139,2007-06-28 00:00:00,330104,2015-10-27 15:29:00,330000,330100
002139,2009-06-01 00:00:00,270401,2015-10-27 15:29:00,270000,270400
002139,2011-10-10 00:00:00,270502,2015-10-27 15:29:00,270000,270500
002139,2021-07-30 00:00:00,270504,2023-04-25 09:31:00,270000,270500
002140,2007-07-11 00:00:00,250201,2015-10-27 15:28:00,250000,250200
002140,2011-10-10 00:00:00,250205,2015-10-27 15:28:00,250000,250200
002140,2014-02-21 00:00:00,620402,2024-09-27 12:41:00,620000,620400
002141,2007-07-19 00:00:00,270401,2015-10-27 15:29:00,270000,270400
002141,2024-07-30 12:45:00,110801,2025-01-08 14:43:00,110000,110800
002141,2026-07-01 10:24:00,270202,2026-07-01 10:24:00,270000,270200
002142,2007-07-18 00:00:00,440101,2015-10-27 15:29:00,440000,440100
002142,2014-02-21 00:00:00,480101,2024-09-27 12:41:00,480000,480100
002142,2021-07-30 00:00:00,480401,2021-07-31 16:18:00,480000,480400
002143,2007-07-18 00:00:00,110503,2015-10-27 15:29:00,110000,110500
002143,2011-10-10 00:00:00,110701,2015-10-27 15:29:00,110000,110700
002143,2015-07-01 00:00:00,720102,2015-10-27 15:29:00,720000,720100
002143,2015-10-31 00:00:00,110701,2015-10-30 14:49:00,110000,110700
002143,2017-12-11 18:00:00,720201,2019-08-09 15:38:00,720000,720200
002143,2021-07-30 00:00:00,720501,2021-07-31 16:18:00,720000,720500
002144,2007-08-01 00:00:00,350102,2015-10-27 15:29:00,350000,350100
002144,2011-10-10 00:00:00,350106,2019-08-09 15:38:00,350000,350100
002145,2007-08-01 00:00:00,220203,2015-10-27 15:29:00,220000,220200
002145,2011-01-10 00:00:00,220309,2015-10-27 15:29:00,220000,220300
002145,2021-07-30 00:00:00,220206,2021-07-31 16:18:00,220000,220200
002146,2007-08-07 00:00:00,430101,2015-10-27 15:29:00,430000,430100
002147,2007-08-07 00:00:00,260202,2015-10-27 15:28:00,260000,260200
002147,2011-10-10 00:00:00,260102,2015-10-27 15:28:00,260000,260100
002147,2014-02-21 00:00:00,640102,2024-09-27 12:41:00,640000,640100
002147,2018-07-13 00:00:00,430101,2020-12-16 15:10:00,430000,430100
002147,2021-07-30 00:00:00,640106,2021-07-31 16:18:00,640000,640100
002148,2007-08-09 00:00:00,470202,2015-10-27 15:28:00,470000,470200
002148,2014-02-21 00:00:00,720302,2024-09-27 12:41:00,720000,720300
002148,2021-07-30 00:00:00,730104,2021-07-31 16:18:00,730000,730100
002148,2022-07-29 00:00:00,430103,2022-07-29 11:54:00,430000,430100
002148,2022-08-05 00:00:00,730104,2026-06-01 14:47:00,730000,730100
002149,2007-08-09 00:00:00,240201,2024-06-25 07:08:00,240000,240200
002149,2019-07-24 00:00:00,240504,2024-06-25 07:08:00,240000,240500
002150,2007-08-09 00:00:00,260101,2015-10-27 15:29:00,260000,260100
002150,2008-10-07 00:00:00,260501,2015-10-27 15:29:00,260000,260500
002150,2014-02-21 00:00:00,640401,2024-09-27 12:41:00,640000,640400
002150,2021-07-30 00:00:00,640108,2025-10-15 10:57:00,640000,640100
002150,2026-07-01 10:24:00,630503,2026-07-01 10:24:00,630000,630500
002151,2007-08-09 00:00:00,320102,2024-09-30 16:35:00,320000,320100
002151,2008-06-02 00:00:00,310304,2015-10-27 15:28:00,310000,310300
002151,2014-02-21 00:00:00,650101,2024-09-27 12:41:00,650000,650100
002151,2021-07-30 00:00:00,650501,2025-10-15 10:57:00,650000,650500
002152,2007-08-10 00:00:00,320201,2015-10-27 15:28:00,320000,320200
002152,2014-02-21 00:00:00,710101,2024-09-27 12:41:00,710000,710100
002152,2021-07-30 00:00:00,710103,2023-04-03 14:29:00,710000,710100
002153,2007-08-10 00:00:00,470301,2024-09-30 16:39:00,470000,470300
002153,2008-06-02 00:00:00,470303,2015-10-27 15:29:00,470000,470300
002153,2014-02-21 00:00:00,710201,2024-09-27 12:41:00,710000,710200
002153,2021-07-30 00:00:00,710401,2021-07-31 16:18:00,710000,710400
002154,2007-08-15 00:00:00,350201,2015-10-27 15:28:00,350000,350200
002154,2011-10-10 00:00:00,350202,2019-08-09 15:38:00,350000,350200
002154,2021-07-30 00:00:00,350209,2025-01-24 16:29:00,350000,350200
002155,2007-08-15 00:00:00,240101,2024-09-30 16:40:00,240000,240100
002155,2008-06-02 00:00:00,240105,2015-10-27 15:29:00,240000,240100
002155,2014-02-21 00:00:00,240401,2024-09-27 12:41:00,240000,240400
002156,2007-08-15 00:00:00,270101,2015-10-27 15:29:00,270000,270100
002156,2021-07-30 00:00:00,270107,2022-03-31 17:40:00,270000,270100
002157,2007-08-16 00:00:00,110401,2015-10-27 15:29:00,110000,110400
002157,2021-07-30 00:00:00,110702,2026-03-24 13:15:00,110000,110700
002158,2007-08-16 00:00:00,260105,2015-10-27 15:29:00,260000,260100
002158,2014-02-21 00:00:00,640105,2024-09-27 12:41:00,640000,640100
002159,2007-08-16 00:00:00,460301,2015-10-27 15:29:00,460000,460300
002159,2021-07-30 00:00:00,461003,2022-02-08 15:57:00,460000,461000
002160,2007-08-20 00:00:00,240101,2024-09-30 16:41:00,240000,240100
002160,2008-06-02 00:00:00,240102,2015-10-27 15:28:00,240000,240100
002160,2014-02-21 00:00:00,240301,2024-09-27 12:41:00,240000,240300
002161,2007-08-20 00:00:00,470301,2024-09-30 16:43:00,470000,470300
002161,2008-06-02 00:00:00,470303,2015-10-27 15:29:00,470000,470300
002161,2009-01-01 00:00:00,270401,2015-10-27 15:29:00,270000,270400
002162,2007-08-21 00:00:00,250103,2015-10-27 15:29:00,250000,250100
002162,2014-02-21 00:00:00,610303,2024-09-27 12:41:00,610000,610300
002162,2021-07-30 00:00:00,360306,2023-12-07 10:03:00,360000,360300
002163,2007-08-22 00:00:00,250104,2015-10-27 15:29:00,250000,250100
002163,2014-02-21 00:00:00,610303,2024-09-27 12:41:00,610000,610300
002163,2021-07-30 00:00:00,610201,2021-08-04 10:42:00,610000,610200
002163,2022-07-29 00:00:00,620201,2024-01-14 08:47:00,620000,620200
002164,2007-08-22 00:00:00,260102,2015-10-27 15:29:00,260000,260100
002164,2014-02-21 00:00:00,640102,2024-09-27 12:41:00,640000,640100
002164,2021-07-30 00:00:00,640108,2025-10-15 10:57:00,640000,640100
002165,2007-08-22 00:00:00,220701,2015-10-27 15:29:00,220000,220700
002165,2011-10-10 00:00:00,220702,2015-10-27 15:29:00,220000,220700
002165,2014-02-21 00:00:00,220313,2024-09-27 12:41:00,220000,220300
002166,2007-09-12 00:00:00,370201,2015-10-27 15:29:00,370000,370200
002166,2018-07-13 00:00:00,370301,2020-12-04 14:32:00,370000,370300
002166,2021-07-30 00:00:00,370201,2021-07-31 16:18:00,370000,370200
002166,2022-07-29 00:00:00,220315,2022-07-29 11:54:00,220000,220300
002167,2007-09-12 00:00:00,220701,2015-10-27 15:28:00,220000,220700
002167,2011-10-10 00:00:00,240106,2015-10-27 15:28:00,240000,240100
002167,2014-02-21 00:00:00,240504,2024-09-27 12:41:00,240000,240500
002168,2007-09-18 00:00:00,260404,2015-10-27 15:29:00,260000,260400
002168,2014-02-21 00:00:00,630404,2024-09-27 12:41:00,630000,630400
002168,2019-07-24 00:00:00,720302,2019-08-09 15:38:00,720000,720300
002168,2021-07-30 00:00:00,720401,2021-07-31 16:18:00,720000,720400
002168,2023-07-04 00:00:00,630802,2025-10-15 10:57:00,630000,630800
002169,2007-09-18 00:00:00,260402,2015-10-27 15:29:00,260000,260400
002169,2014-02-21 00:00:00,630202,2024-09-27 12:41:00,630000,630200
002169,2021-07-30 00:00:00,630803,2025-10-15 10:57:00,630000,630800
002170,2007-09-18 00:00:00,220301,2015-10-27 15:28:00,220000,220300
002170,2011-10-10 00:00:00,220310,2015-10-27 15:28:00,220000,220300
002170,2021-07-30 00:00:00,220805,2021-07-31 16:18:00,220000,220800
002171,2007-09-20 00:00:00,240101,2024-09-30 16:44:00,240000,240100
002171,2008-06-02 00:00:00,240103,2015-10-27 15:28:00,240000,240100
002171,2014-02-21 00:00:00,240302,2024-09-27 12:41:00,240000,240300
002172,2007-09-20 00:00:00,220403,2015-10-27 15:28:00,220000,220400
002172,2022-07-29 00:00:00,370604,2022-07-29 11:54:00,370000,370600
002173,2007-09-18 00:00:00,110601,2015-10-27 15:29:00,110000,110600
002173,2011-01-10 00:00:00,110202,2015-10-27 15:29:00,110000,110200
002173,2018-07-13 00:00:00,370601,2020-12-04 14:32:00,370000,370600
002173,2021-07-30 00:00:00,370604,2021-07-31 16:18:00,370000,370600
002174,2007-09-24 00:00:00,360301,2024-09-30 16:46:00,360000,360300
002174,2008-06-02 00:00:00,360303,2015-10-27 15:29:00,360000,360300
002174,2014-02-21 00:00:00,720302,2024-09-27 12:41:00,720000,720300
002174,2021-07-30 00:00:00,720401,2025-10-15 10:57:00,720000,720400
002175,2007-10-11 00:00:00,260301,2015-10-27 15:28:00,260000,260300
002175,2014-02-21 00:00:00,640301,2024-09-27 12:41:00,640000,640300
002175,2021-07-30 00:00:00,510101,2021-07-31 16:18:00,510000,510100
002175,2022-07-29 00:00:00,640107,2025-10-15 10:57:00,640000,640100
002176,2007-10-10 00:00:00,260401,2015-10-27 15:29:00,260000,260400
002176,2014-02-21 00:00:00,630101,2024-09-27 12:41:00,630000,630100
002176,2022-07-29 00:00:00,240603,2022-10-11 14:51:00,240000,240600
002176,2024-07-30 12:45:00,630101,2025-10-15 10:57:00,630000,630100
002177,2007-10-31 00:00:00,320201,2015-10-27 15:29:00,320000,320200
002177,2014-02-21 00:00:00,710101,2024-09-27 12:41:00,710000,710100
002177,2021-07-30 00:00:00,710103,2021-07-31 16:18:00,710000,710100
002177,2026-07-01 10:24:00,450304,2026-07-01 10:24:00,450000,450300
002178,2007-10-31 00:00:00,250201,2015-10-27 15:29:00,250000,250200
002178,2011-10-10 00:00:00,250205,2015-10-27 15:29:00,250000,250200
002178,2014-02-21 00:00:00,620404,2024-09-27 12:41:00,620000,620400
002178,2021-07-30 00:00:00,710401,2021-07-31 16:18:00,710000,710400
002179,2007-10-31 00:00:00,270401,2015-10-27 15:29:00,270000,270400
002179,2011-10-10 00:00:00,270502,2015-10-27 15:29:00,270000,270500
002179,2019-07-24 00:00:00,650201,2021-03-03 15:32:00,650000,650200
002179,2021-07-30 00:00:00,650501,2025-10-15 10:57:00,650000,650500
002180,2007-11-12 00:00:00,260402,2015-10-27 15:28:00,260000,260400
002180,2014-02-21 00:00:00,630201,2024-09-27 12:41:00,630000,630200
002180,2015-07-01 00:00:00,270101,2015-11-05 16:29:00,270000,270100
002180,2019-07-24 00:00:00,710101,2021-04-23 10:09:00,710000,710100
002180,2021-07-30 00:00:00,270104,2022-03-28 11:47:00,270000,270100
002180,2023-03-17 00:00:00,710103,2023-03-20 11:17:00,710000,710100
002181,2007-11-15 00:00:00,470401,2015-10-27 15:29:00,470000,470400
002181,2014-02-21 00:00:00,720101,2024-09-27 12:41:00,720000,720100
002181,2021-07-30 00:00:00,720902,2025-10-15 10:57:00,720000,720900
002182,2007-11-12 00:00:00,240201,2015-10-27 15:29:00,240000,240200
002182,2021-07-30 00:00:00,240504,2025-01-24 16:29:00,240000,240500
002183,2007-11-12 00:00:00,420801,2015-10-27 15:29:00,420000,420800
002183,2021-07-30 00:00:00,420803,2021-07-31 16:18:00,420000,420800
002183,2024-07-30 12:45:00,450201,2025-01-08 14:36:00,450000,450200
002184,2007-11-15 00:00:00,260402,2015-10-27 15:28:00,260000,260400
002184,2011-10-10 00:00:00,260405,2015-10-27 15:28:00,260000,260400
002184,2014-02-21 00:00:00,630202,2024-09-27 12:41:00,630000,630200
002184,2021-07-30 00:00:00,640702,2025-10-15 10:57:00,640000,640700
002185,2007-11-19 00:00:00,270101,2015-10-27 15:29:00,270000,270100
002185,2021-07-30 00:00:00,270107,2025-08-04 15:51:00,270000,270100
002186,2007-11-19 00:00:00,460401,2015-10-27 15:29:00,460000,460400
002186,2021-07-30 00:00:00,460902,2022-10-19 11:28:00,460000,460900
002187,2007-11-20 00:00:00,450101,2015-10-27 15:28:00,450000,450100
002187,2014-02-21 00:00:00,450301,2024-09-27 12:41:00,450000,450300
002188,2007-11-20 00:00:00,270401,2015-10-27 15:29:00,270000,270400
002188,2011-10-10 00:00:00,270501,2015-10-27 15:29:00,270000,270500
002188,2017-06-29 00:00:00,720104,2019-08-09 15:38:00,720000,720100
002188,2021-07-30 00:00:00,720501,2021-07-31 16:18:00,720000,720500
002188,2022-07-29 00:00:00,430301,2022-07-29 11:54:00,430000,430300
002189,2007-12-03 00:00:00,270401,2015-10-27 15:29:00,270000,270400
002189,2011-10-10 00:00:00,270303,2015-10-27 15:29:00,270000,270300
002189,2021-07-30 00:00:00,650501,2025-10-15 10:57:00,650000,650500
002190,2007-12-03 00:00:00,260106,2015-10-27 15:28:00,260000,260100
002190,2011-10-10 00:00:00,260103,2015-10-27 15:28:00,260000,260100
002190,2013-07-01 00:00:00,310201,2015-10-27 15:28:00,310000,310200
002190,2014-02-21 00:00:00,280201,2024-09-27 12:41:00,280000,280200
002190,2014-07-01 00:00:00,650201,2019-08-09 15:39:00,650000,650200
002190,2022-07-29 00:00:00,280205,2025-01-08 14:36:00,280000,280200
002191,2007-12-04 00:00:00,360201,2015-10-27 15:29:00,360000,360200
002191,2021-07-30 00:00:00,360205,2024-09-04 08:53:00,360000,360200
002192,2007-12-04 00:00:00,220101,2015-10-27 15:28:00,220000,220100
002192,2008-06-02 00:00:00,260207,2023-09-26 15:21:00,260000,260200
002192,2014-02-21 00:00:00,640209,2024-09-27 12:41:00,640000,640200
002192,2021-07-30 00:00:00,630703,2021-07-31 16:18:00,630000,630700
002192,2022-04-01 00:00:00,240603,2025-01-08 14:36:00,240000,240600
002193,2007-12-06 00:00:00,350101,2015-10-27 15:29:00,350000,350100
002193,2021-07-30 00:00:00,350106,2021-07-31 16:18:00,350000,350100
002193,2024-07-30 12:45:00,350209,2024-07-30 12:45:00,350000,350200
002194,2007-12-06 00:00:00,320103,2015-10-27 15:29:00,320000,320100
002194,2014-02-21 00:00:00,730202,2024-09-27 12:41:00,730000,730200
002194,2021-07-30 00:00:00,730204,2026-06-01 14:47:00,730000,730200
002195,2007-12-11 00:00:00,470301,2023-09-15 16:52:00,470000,470300
002195,2008-06-02 00:00:00,470302,2015-10-27 15:28:00,470000,470300
002195,2014-02-21 00:00:00,710202,2024-09-27 12:41:00,710000,710200
002195,2021-07-30 00:00:00,710301,2021-07-31 16:18:00,710000,710300
002196,2007-12-11 00:00:00,260401,2015-10-27 15:28:00,260000,260400
002196,2014-02-21 00:00:00,630101,2024-09-27 12:41:00,630000,630100
002197,2007-12-17 00:00:00,320201,2015-10-27 15:29:00,320000,320200
002197,2014-02-21 00:00:00,710101,2024-09-27 12:41:00,710000,710100
002197,2021-07-30 00:00:00,710103,2021-07-31 16:18:00,710000,710100
002198,2007-12-17 00:00:00,370201,2015-10-27 15:29:00,370000,370200
002199,2007-12-20 00:00:00,270201,2015-10-27 15:28:00,270000,270200
002199,2011-10-10 00:00:00,270203,2015-10-27 15:28:00,270000,270200
002200,2007-12-20 00:00:00,110301,2015-10-27 15:29:00,110000,110300
002200,2013-07-01 00:00:00,250202,2015-10-27 15:29:00,250000,250200
002200,2014-02-21 00:00:00,620501,2024-09-27 12:41:00,620000,620500
002200,2021-07-30 00:00:00,620307,2021-08-02 13:20:00,620000,620300
002201,2007-12-25 00:00:00,220701,2015-10-27 15:29:00,220000,220700
002201,2011-10-10 00:00:00,220703,2015-10-27 15:29:00,220000,220700
002201,2014-02-21 00:00:00,220314,2024-09-27 12:41:00,220000,220300
002201,2021-07-30 00:00:00,610202,2021-08-04 10:42:00,610000,610200
002202,2007-12-25 00:00:00,260401,2015-10-27 15:29:00,260000,260400
002202,2008-10-07 00:00:00,260403,2015-10-27 15:29:00,260000,260400
002202,2014-02-21 00:00:00,630302,2024-09-27 12:41:00,630000,630300
002202,2021-07-30 00:00:00,630601,2025-10-15 10:57:00,630000,630600
002203,2008-01-16 00:00:00,240101,2024-10-08 08:42:00,240000,240100
002203,2008-06-02 00:00:00,240103,2015-10-27 15:28:00,240000,240100
002203,2014-02-21 00:00:00,240302,2024-09-27 12:41:00,240000,240300
002204,2008-01-16 00:00:00,260102,2015-10-27 15:28:00,260000,260100
002204,2014-02-21 00:00:00,640102,2024-09-27 12:41:00,640000,640100
002204,2017-06-29 00:00:00,640202,2019-08-09 15:39:00,640000,640200
002204,2021-07-30 00:00:00,640203,2025-10-15 10:57:00,640000,640200
002205,2008-01-22 00:00:00,250104,2015-10-27 15:28:00,250000,250100
002205,2011-10-10 00:00:00,250106,2015-10-27 15:28:00,250000,250100
002205,2014-02-21 00:00:00,610302,2024-09-27 12:41:00,610000,610300
002205,2019-07-24 00:00:00,410401,2019-08-09 15:38:00,410000,410400
002205,2021-07-30 00:00:00,760104,2021-07-31 16:18:00,760000,760100
002205,2022-07-29 00:00:00,610302,2022-10-11 14:51:00,610000,610300
002205,2023-07-04 00:00:00,610102,2023-07-04 15:14:00,610000,610100
002206,2008-01-02 00:00:00,220401,2015-10-27 15:28:00,220000,220400
002207,2008-01-25 00:00:00,210101,2015-10-27 15:29:00,210000,210100
002207,2011-10-10 00:00:00,210401,2015-10-27 15:29:00,210000,210400
002207,2021-07-30 00:00:00,750201,2023-10-23 16:18:00,750000,750200
002208,2008-01-02 00:00:00,430101,2015-10-27 15:29:00,430000,430100
002209,2008-01-29 00:00:00,260206,2015-10-27 15:28:00,260000,260200
002209,2014-02-21 00:00:00,640208,2024-09-27 12:41:00,640000,640200
002210,2008-01-02 00:00:00,420801,2015-10-27 15:28:00,420000,420800
002210,2021-07-30 00:00:00,420802,2021-07-31 16:18:00,420000,420800
002210,2022-07-29 00:00:00,760103,2025-10-15 10:57:00,760000,760100
002211,2008-01-31 00:00:00,220701,2015-10-27 15:29:00,220000,220700
002211,2014-01-01 00:00:00,220309,2015-10-27 15:29:00,220000,220300
002211,2021-07-30 00:00:00,220316,2021-07-31 16:18:00,220000,220300
002212,2008-01-31 00:00:00,260404,2015-10-27 15:29:00,260000,260400
002212,2014-02-21 00:00:00,630404,2024-09-27 12:41:00,630000,630400
002212,2019-07-24 00:00:00,710202,2019-08-09 15:39:00,710000,710200
002212,2021-07-30 00:00:00,710402,2023-06-01 14:03:00,710000,710400
002213,2008-01-31 00:00:00,310201,2015-10-27 15:29:00,310000,310200
002213,2014-02-21 00:00:00,280201,2024-09-27 12:41:00,280000,280200
002213,2021-07-30 00:00:00,280203,2021-07-31 16:18:00,280000,280200
002213,2022-07-29 00:00:00,510101,2022-07-29 11:54:00,510000,510100
002213,2023-07-04 00:00:00,270104,2023-07-04 15:14:00,270000,270100
002214,2008-01-02 00:00:00,270401,2015-10-27 15:28:00,270000,270400
002214,2021-07-30 00:00:00,650501,2025-10-15 10:57:00,650000,650500
002215,2008-01-02 00:00:00,220303,2015-10-27 15:29:00,220000,220300
002215,2021-07-30 00:00:00,220803,2024-12-09 12:30:00,220000,220800
002215,2025-05-09 11:32:00,110103,2025-05-09 11:32:00,110000,110100
002216,2008-02-19 00:00:00,340201,2024-10-08 08:59:00,340000,340200
002216,2008-06-02 00:00:00,340103,2015-10-27 15:29:00,340000,340100
002216,2011-10-10 00:00:00,340404,2015-10-27 15:29:00,340000,340400
002216,2021-07-30 00:00:00,340406,2025-06-01 08:45:00,340000,340400
002217,2008-02-19 00:00:00,220301,2015-10-27 15:29:00,220000,220300
002217,2008-06-02 00:00:00,220307,2015-10-27 15:29:00,220000,220300
002217,2015-07-01 00:00:00,270301,2015-10-27 15:29:00,270000,270300
002217,2015-10-26 00:00:00,220307,2015-11-05 14:03:00,220000,220300
002217,2015-10-31 00:00:00,270301,2015-11-05 16:32:00,270000,270300
002218,2008-02-26 00:00:00,260403,2015-10-27 15:29:00,260000,260400
002218,2014-02-21 00:00:00,630303,2024-09-27 12:41:00,630000,630300
002218,2021-07-30 00:00:00,630504,2022-07-11 13:29:00,630000,630500
002218,2024-07-30 12:45:00,410106,2025-10-15 10:57:00,410000,410100
002219,2008-02-26 00:00:00,370201,2015-10-27 15:29:00,370000,370200
002219,2014-01-01 00:00:00,370601,2015-10-27 15:29:00,370000,370600
002219,2015-07-01 00:00:00,370201,2015-10-27 15:29:00,370000,370200
002219,2015-11-02 00:00:00,370601,2020-12-04 14:32:00,370000,370600
002219,2021-07-30 00:00:00,370604,2021-07-31 16:18:00,370000,370600
002220,2008-02-26 00:00:00,110202,2015-10-27 15:29:00,110000,110200
002220,2009-06-01 00:00:00,340103,2015-10-27 15:29:00,340000,340100
002220,2011-10-10 00:00:00,110504,2019-08-09 15:39:00,110000,110500
002221,2008-01-02 00:00:00,220101,2015-10-27 15:28:00,220000,220100
002221,2021-07-30 00:00:00,750303,2025-09-11 15:39:00,750000,750300
002222,2008-03-19 00:00:00,270401,2015-10-27 15:28:00,270000,270400
002222,2010-06-01 00:00:00,270201,2015-10-27 15:28:00,270000,270200
002222,2011-10-10 00:00:00,270203,2015-10-27 15:28:00,270000,270200
002222,2021-07-30 00:00:00,270303,2026-03-02 17:17:00,270000,270300
002223,2008-01-02 00:00:00,370501,2015-10-27 15:29:00,370000,370500
002223,2021-07-30 00:00:00,370502,2024-06-06 08:39:00,370000,370500
002224,2008-04-07 00:00:00,220601,2015-10-27 15:29:00,220000,220600
002224,2008-06-02 00:00:00,220602,2015-10-27 15:29:00,220000,220600
002225,2008-04-07 00:00:00,250104,2015-10-27 15:29:00,250000,250100
002225,2011-10-10 00:00:00,250105,2015-10-27 15:29:00,250000,250100
002225,2014-02-21 00:00:00,610301,2024-09-27 12:41:00,610000,610300
002226,2008-04-14 00:00:00,220304,2015-10-27 15:29:00,220000,220300
002226,2008-06-02 00:00:00,220307,2015-10-27 15:29:00,220000,220300
002227,2008-04-14 00:00:00,260402,2015-10-27 15:28:00,260000,260400
002227,2014-02-21 00:00:00,630305,2024-09-27 12:41:00,630000,630300
002227,2021-07-30 00:00:00,630304,2021-11-30 13:17:00,630000,630300
002227,2022-07-29 00:00:00,630306,2025-10-15 10:57:00,630000,630300
002228,2008-01-02 00:00:00,360201,2015-10-27 15:29:00,360000,360200
002228,2021-07-30 00:00:00,360205,2024-02-08 18:50:00,360000,360200
002229,2008-01-02 00:00:00,360201,2015-10-27 15:29:00,360000,360200
002229,2021-07-30 00:00:00,360202,2021-07-31 16:18:00,360000,360200
002229,2026-07-01 10:24:00,710301,2026-07-01 10:24:00,710000,710300
002230,2008-04-17 00:00:00,470301,2024-10-08 12:13:00,470000,470300
002230,2008-06-02 00:00:00,470303,2015-10-27 15:29:00,470000,470300
002230,2014-02-21 00:00:00,710201,2024-09-27 12:41:00,710000,710200
002230,2021-07-30 00:00:00,710402,2025-02-19 17:18:00,710000,710400
002231,2008-04-17 00:00:00,320103,2015-10-27 15:28:00,320000,320100
002231,2011-10-10 00:00:00,320104,2015-10-27 15:28:00,320000,320100
002231,2014-02-21 00:00:00,730203,2024-09-27 12:41:00,730000,730200
002231,2021-04-05 00:00:00,650301,2021-04-05 18:37:00,650000,650300
002231,2021-07-30 00:00:00,730103,2021-07-31 16:18:00,730000,730100
002231,2021-10-29 00:00:00,650501,2025-10-15 10:57:00,650000,650500
002232,2008-04-17 00:00:00,470301,2024-10-08 12:16:00,470000,470300
002232,2008-06-02 00:00:00,470303,2015-10-27 15:29:00,470000,470300
002232,2011-10-10 00:00:00,470302,2015-10-27 15:29:00,470000,470300
002232,2014-02-21 00:00:00,710202,2024-09-27 12:41:00,710000,710200
002232,2021-07-30 00:00:00,710301,2021-07-31 16:18:00,710000,710300
002233,2008-04-24 00:00:00,250102,2015-10-27 15:29:00,250000,250100
002233,2014-02-21 00:00:00,610101,2024-09-27 12:41:00,610000,610100
002234,2008-04-24 00:00:00,110401,2015-10-27 15:29:00,110000,110400
002234,2008-06-02 00:00:00,110601,2015-10-27 15:29:00,110000,110600
002234,2011-10-10 00:00:00,110701,2015-10-27 15:29:00,110000,110700
002234,2021-07-30 00:00:00,110703,2024-05-27 10:52:00,110000,110700
002235,2008-01-02 00:00:00,360101,2015-10-27 15:28:00,360000,360100
002235,2021-07-30 00:00:00,360103,2021-07-31 16:18:00,360000,360100
002236,2008-05-20 00:00:00,320201,2015-10-27 15:28:00,320000,320200
002236,2014-02-21 00:00:00,710101,2024-09-27 12:41:00,710000,710100
002236,2017-06-29 00:00:00,270501,2021-03-03 15:32:00,270000,270500
002236,2021-07-30 00:00:00,710102,2025-02-19 17:18:00,710000,710100
002237,2008-04-28 00:00:00,240101,2024-10-08 12:18:00,240000,240100
002237,2008-06-02 00:00:00,240105,2015-10-27 15:29:00,240000,240100
002237,2014-02-21 00:00:00,240401,2024-09-27 12:41:00,240000,240400
002238,2008-04-30 00:00:00,470402,2015-10-27 15:29:00,470000,470400
002238,2011-10-10 00:00:00,470204,2015-10-27 15:29:00,470000,470200
002238,2014-02-21 00:00:00,720103,2024-09-27 12:41:00,720000,720100
002238,2021-07-30 00:00:00,721001,2025-10-15 10:57:00,720000,721000
002239,2008-04-30 00:00:00,350201,2015-10-27 15:28:00,350000,350200
002239,2011-10-10 00:00:00,350203,2023-09-25 16:46:00,350000,350200
002239,2017-05-26 10:00:00,280201,2019-08-09 15:39:00,280000,280200
002239,2021-07-30 00:00:00,280206,2025-01-08 14:36:00,280000,280200
002240,2008-05-05 00:00:00,360301,2024-10-08 12:25:00,360000,360300
002240,2008-06-02 00:00:00,360303,2015-10-27 15:29:00,360000,360300
002240,2011-01-10 00:00:00,360302,2015-10-27 15:29:00,360000,360300
002240,2021-07-30 00:00:00,240603,2025-01-08 14:36:00,240000,240600
002241,2008-05-05 00:00:00,270201,2015-10-27 15:28:00,270000,270200
002241,2011-10-10 00:00:00,270501,2015-10-27 15:28:00,270000,270500
002241,2021-07-30 00:00:00,270504,2025-09-09 10:17:00,270000,270500
002242,2008-01-08 00:00:00,330104,2015-10-27 15:29:00,330000,330100
002242,2021-07-30 00:00:00,330301,2023-01-09 16:23:00,330000,330300
002243,2008-05-08 00:00:00,220501,2015-10-27 15:29:00,220000,220500
002243,2011-01-10 00:00:00,360201,2015-10-27 15:29:00,360000,360200
002243,2021-07-30 00:00:00,770201,2021-07-31 16:18:00,770000,770200
002243,2025-08-11 17:30:00,460804,2025-08-11 17:30:00,460000,460800
002244,2008-01-08 00:00:00,430101,2015-10-27 15:28:00,430000,430100
002245,2008-01-16 00:00:00,420801,2015-10-27 15:28:00,420000,420800
002245,2021-07-30 00:00:00,630701,2025-10-15 10:57:00,630000,630700
002246,2008-05-20 00:00:00,220404,2015-10-27 15:28:00,220000,220400
002246,2011-10-10 00:00:00,220702,2015-10-27 15:28:00,220000,220700
002246,2014-02-21 00:00:00,220313,2024-09-27 12:41:00,220000,220300
002246,2017-06-29 00:00:00,220307,2019-08-09 15:39:00,220000,220300
002247,2008-05-20 00:00:00,250104,2015-10-27 15:28:00,250000,250100
002247,2009-01-01 00:00:00,360303,2015-10-27 15:28:00,360000,360300
002247,2017-06-29 00:00:00,720302,2019-08-09 15:38:00,720000,720300
002247,2021-07-30 00:00:00,720501,2021-07-31 16:18:00,720000,720500
002247,2022-07-29 00:00:00,610303,2022-07-29 11:54:00,610000,610300
002248,2008-05-26 00:00:00,260101,2015-10-27 15:29:00,260000,260100
002248,2014-02-21 00:00:00,640101,2024-09-27 12:41:00,640000,640100
002249,2008-05-28 00:00:00,260401,2015-10-27 15:28:00,260000,260400
002249,2014-02-21 00:00:00,630101,2024-09-27 12:41:00,630000,630100
002250,2008-01-28 00:00:00,220303,2015-10-27 15:29:00,220000,220300
002250,2021-07-30 00:00:00,220803,2024-03-19 09:07:00,220000,220800
002251,2008-06-19 00:00:00,450102,2015-10-27 15:28:00,450000,450100
002251,2014-02-21 00:00:00,450302,2024-09-27 12:41:00,450000,450300
002252,2008-01-02 00:00:00,370301,2015-10-27 15:29:00,370000,370300
002252,2021-07-30 00:00:00,370302,2024-09-18 16:59:00,370000,370300
002253,2008-06-02 00:00:00,470302,2015-10-27 15:28:00,470000,470300
002253,2014-02-21 00:00:00,710201,2024-09-27 12:41:00,710000,710200
002253,2021-07-30 00:00:00,710401,2021-07-31 16:18:00,710000,710400
002254,2008-06-05 00:00:00,220405,2015-10-27 15:29:00,220000,220400
002254,2023-07-04 00:00:00,220404,2023-07-04 15:14:00,220000,220400
002255,2008-06-05 00:00:00,260403,2015-10-27 15:28:00,260000,260400
002255,2014-02-21 00:00:00,630304,2024-09-27 12:41:00,630000,630300
002255,2017-06-29 00:00:00,630306,2020-12-04 14:32:00,630000,630300
002255,2021-07-30 00:00:00,630304,2025-10-15 10:57:00,630000,630300
002256,2008-06-05 00:00:00,220304,2015-10-27 15:28:00,220000,220300
002256,2011-01-10 00:00:00,220305,2015-10-27 15:28:00,220000,220300
002256,2019-07-24 00:00:00,410105,2019-08-09 15:38:00,410000,410100
002256,2021-07-30 00:00:00,410106,2025-10-15 10:57:00,410000,410100
002258,2008-01-18 00:00:00,220303,2015-10-27 15:29:00,220000,220300
002258,2021-07-30 00:00:00,220803,2025-09-29 07:04:00,220000,220800
002259,2008-01-25 00:00:00,360301,2024-10-08 12:29:00,360000,360300
002259,2008-06-25 00:00:00,360302,2018-06-20 15:07:00,360000,360300
002259,2018-07-13 00:00:00,410301,2019-08-09 15:39:00,410000,410300
002260,2008-01-25 00:00:00,330104,2015-10-27 15:28:00,330000,330100
002260,2021-07-30 00:00:00,330301,2021-07-31 16:18:00,330000,330300
002261,2008-07-03 00:00:00,470302,2015-10-27 15:29:00,470000,470300
002261,2009-06-01 00:00:00,470201,2015-10-27 15:29:00,470000,470200
002261,2011-10-10 00:00:00,470202,2015-10-27 15:29:00,470000,470200
002261,2014-02-21 00:00:00,720302,2024-09-27 12:41:00,720000,720300
002261,2021-07-30 00:00:00,461103,2021-07-31 16:18:00,460000,461100
002261,2022-01-21 00:00:00,710401,2022-01-21 17:02:00,710000,710400
002262,2008-01-07 00:00:00,370102,2015-10-27 15:28:00,370000,370100
002262,2008-07-03 00:00:00,370101,2015-10-27 15:28:00,370000,370100
002262,2008-10-07 00:00:00,370102,2015-10-27 15:28:00,370000,370100
002263,2008-07-10 00:00:00,220501,2015-10-27 15:28:00,220000,220500
002263,2011-01-10 00:00:00,360201,2015-10-27 15:28:00,360000,360200
002263,2015-07-01 00:00:00,220501,2015-10-27 15:28:00,220000,220500
002263,2021-07-30 00:00:00,220505,2021-07-31 16:18:00,220000,220500
002264,2008-07-10 00:00:00,450102,2015-10-27 15:29:00,450000,450100
002264,2014-02-21 00:00:00,450302,2024-09-27 12:41:00,450000,450300
002264,2023-07-31 00:00:00,450603,2023-07-31 17:08:00,450000,450600
002264,2023-12-08 00:00:00,720501,2025-10-15 10:57:00,720000,720500
002265,2008-07-17 00:00:00,310201,2015-10-27 15:29:00,310000,310200
002265,2014-02-21 00:00:00,280201,2024-09-27 12:41:00,280000,280200
002265,2021-07-30 00:00:00,280203,2025-10-15 10:57:00,280000,280200
002266,2008-07-17 00:00:00,260403,2015-10-27 15:29:00,260000,260400
002266,2014-02-21 00:00:00,630306,2024-09-27 12:41:00,630000,630300
002266,2020-09-02 00:00:00,410401,2021-03-03 15:31:00,410000,410400
002266,2021-07-30 00:00:00,760103,2026-04-27 15:47:00,760000,760100
002267,2008-01-22 00:00:00,410301,2015-10-27 15:29:00,410000,410300
002268,2008-07-22 00:00:00,470203,2015-10-27 15:29:00,470000,470200
002268,2011-10-10 00:00:00,470303,2015-10-27 15:29:00,470000,470300
002268,2014-02-21 00:00:00,710201,2024-09-27 12:41:00,710000,710200
002268,2017-06-29 00:00:00,710101,2019-08-09 15:39:00,710000,710100
002268,2021-07-30 00:00:00,710103,2021-07-31 16:18:00,710000,710100
002269,2008-08-13 00:00:00,350201,2015-10-27 15:29:00,350000,350200
002269,2011-10-10 00:00:00,350204,2019-08-09 15:38:00,350000,350200
002269,2021-07-30 00:00:00,350209,2021-07-31 16:18:00,350000,350200
002270,2008-08-18 00:00:00,260101,2015-10-27 15:28:00,260000,260100
002270,2014-02-21 00:00:00,640101,2024-09-27 12:41:00,640000,640100
002270,2017-06-29 00:00:00,630404,2020-12-04 14:32:00,630000,630400
002270,2021-07-30 00:00:00,630801,2025-10-15 10:57:00,630000,630800
002271,2008-08-22 00:00:00,250104,2015-10-27 15:28:00,250000,250100
002271,2014-02-21 00:00:00,610303,2024-09-27 12:41:00,610000,610300
002271,2021-07-30 00:00:00,610304,2023-12-07 10:02:00,610000,610300
002272,2008-08-28 00:00:00,260102,2015-10-27 15:28:00,260000,260100
002272,2014-02-21 00:00:00,640102,2024-09-27 12:41:00,640000,640100
002272,2021-07-30 00:00:00,640602,2021-07-31 16:18:00,640000,640600
002272,2022-07-29 00:00:00,630602,2022-07-29 11:54:00,630000,630600
002272,2023-07-04 00:00:00,640106,2025-10-15 10:57:00,640000,640100
002273,2008-09-19 00:00:00,270201,2015-10-27 15:29:00,270000,270200
002273,2011-10-10 00:00:00,270303,2015-10-27 15:29:00,270000,270300
002274,2008-09-05 00:00:00,220301,2015-10-27 15:29:00,220000,220300
002274,2011-10-10 00:00:00,220310,2019-08-09 15:39:00,220000,220300
002274,2021-07-30 00:00:00,220805,2021-07-31 16:18:00,220000,220800
002274,2022-07-29 00:00:00,220205,2022-07-29 11:54:00,220000,220200
002275,2009-01-29 00:00:00,370201,2015-10-27 15:28:00,370000,370200
002276,2009-06-29 00:00:00,260404,2015-10-27 15:29:00,260000,260400
002276,2014-02-21 00:00:00,630404,2024-09-27 12:41:00,630000,630400
002276,2021-07-30 00:00:00,630805,2025-10-15 10:57:00,630000,630800
002277,2009-06-30 00:00:00,450101,2015-10-27 15:29:00,450000,450100
002277,2014-02-21 00:00:00,450301,2024-09-27 12:41:00,450000,450300
002278,2009-07-21 00:00:00,260205,2015-10-27 15:29:00,260000,260200
002278,2014-02-21 00:00:00,640203,2024-09-27 12:41:00,640000,640200
002279,2009-07-23 00:00:00,470302,2015-10-27 15:29:00,470000,470300
002279,2014-02-21 00:00:00,710201,2024-09-27 12:41:00,710000,710200
002279,2021-07-30 00:00:00,710402,2021-07-31 16:18:00,710000,710400
002280,2009-07-31 00:00:00,470302,2015-10-27 15:29:00,470000,470300
002280,2014-02-21 00:00:00,710202,2024-09-27 12:41:00,710000,710200
002280,2021-07-30 00:00:00,450602,2021-07-31 16:18:00,450000,450600
002281,2009-08-03 00:00:00,320103,2015-10-27 15:28:00,320000,320100
002281,2014-02-21 00:00:00,730202,2024-09-27 12:41:00,730000,730200
002281,2021-07-30 00:00:00,730204,2026-06-01 14:47:00,730000,730200
002282,2009-08-04 00:00:00,260106,2015-10-27 15:28:00,260000,260100
002282,2011-10-10 00:00:00,260103,2015-10-27 15:28:00,260000,260100
002282,2014-02-21 00:00:00,640103,2024-09-27 12:41:00,640000,640100
002283,2009-08-04 00:00:00,310201,2015-10-27 15:29:00,310000,310200
002283,2014-02-21 00:00:00,280201,2024-09-27 12:41:00,280000,280200
002283,2021-07-30 00:00:00,280203,2025-01-08 14:36:00,280000,280200
002284,2009-08-10 00:00:00,310201,2015-10-27 15:29:00,310000,310200
002284,2014-02-21 00:00:00,280201,2024-09-27 12:41:00,280000,280200
002284,2021-07-30 00:00:00,280203,2025-01-08 14:36:00,280000,280200
002285,2009-01-10 00:00:00,430101,2015-10-27 15:29:00,430000,430100
002285,2021-07-30 00:00:00,430302,2021-07-31 16:18:00,430000,430300
002286,2009-08-12 00:00:00,340201,2015-10-27 15:28:00,340000,340200
002286,2011-10-10 00:00:00,110504,2015-10-27 15:28:00,110000,110500
002287,2009-01-12 00:00:00,370201,2015-10-27 15:29:00,370000,370200
002288,2009-08-17 00:00:00,270201,2015-10-27 15:28:00,270000,270200
002288,2011-10-10 00:00:00,270202,2015-10-27 15:28:00,270000,270200
002289,2009-01-17 00:00:00,270301,2015-10-27 15:29:00,270000,270300
002290,2009-01-20 00:00:00,330105,2015-10-27 15:29:00,330000,330100
002290,2021-07-30 00:00:00,330601,2021-07-31 16:18:00,330000,330600
002291,2009-08-18 00:00:00,350201,2024-07-07 07:41:00,350000,350200
002291,2011-10-10 00:00:00,350205,2024-07-07 07:41:00,350000,350200
002291,2021-07-30 00:00:00,720501,2025-10-15 10:57:00,720000,720500
002292,2009-08-20 00:00:00,360301,2015-10-27 15:28:00,360000,360300
002292,2010-06-01 00:00:00,470402,2015-10-27 15:28:00,470000,470400
002292,2014-02-21 00:00:00,720102,2024-09-27 12:41:00,720000,720100
002292,2021-07-30 00:00:00,720601,2025-10-15 10:57:00,720000,720600
002293,2009-08-26 00:00:00,350201,2015-10-27 15:29:00,350000,350200
002293,2011-10-10 00:00:00,350206,2021-04-07 10:39:00,350000,350200
002294,2009-08-26 00:00:00,370101,2015-10-27 15:29:00,370000,370100
002294,2011-01-10 00:00:00,370102,2015-10-27 15:29:00,370000,370100
002295,2009-09-08 00:00:00,240103,2015-10-27 15:29:00,240000,240100
002295,2014-02-21 00:00:00,240302,2024-09-27 12:41:00,240000,240300
002296,2009-09-08 00:00:00,470303,2015-10-27 15:29:00,470000,470300
002296,2011-10-10 00:00:00,470302,2015-10-27 15:29:00,470000,470300
002296,2014-02-21 00:00:00,710202,2024-09-27 12:41:00,710000,710200
002296,2017-06-29 00:00:00,710101,2019-08-09 15:39:00,710000,710100
002296,2021-07-30 00:00:00,730204,2026-06-01 14:47:00,730000,730200
002297,2009-09-18 00:00:00,240201,2015-10-27 15:28:00,240000,240200
002297,2011-10-10 00:00:00,310304,2015-10-27 15:28:00,310000,310300
002297,2014-02-21 00:00:00,650201,2024-09-27 12:41:00,650000,650200
002298,2009-09-10 00:00:00,260402,2015-10-27 15:29:00,260000,260400
002298,2011-10-10 00:00:00,260404,2015-10-27 15:29:00,260000,260400
002298,2014-02-21 00:00:00,630402,2024-09-27 12:41:00,630000,630400
002298,2019-07-24 00:00:00,620404,2019-08-09 15:39:00,620000,620400
002298,2021-07-30 00:00:00,710401,2021-07-31 16:18:00,710000,710400
002299,2009-09-22 00:00:00,110601,2015-10-27 15:29:00,110000,110600
002299,2011-10-10 00:00:00,110701,2015-10-27 15:29:00,110000,110700
002299,2021-07-30 00:00:00,110703,2021-07-31 16:18:00,110000,110700
002300,2009-09-22 00:00:00,260404,2015-10-27 15:29:00,260000,260400
002300,2014-02-21 00:00:00,630404,2024-09-27 12:41:00,630000,630400
002300,2021-07-30 00:00:00,630805,2025-10-15 10:57:00,630000,630800
002301,2009-09-24 00:00:00,360303,2015-10-27 15:29:00,360000,360300
002301,2011-10-10 00:00:00,360305,2021-03-03 15:32:00,360000,360300
002301,2021-07-30 00:00:00,360501,2024-09-03 19:49:00,360000,360500
002302,2009-10-12 00:00:00,250104,2015-10-27 15:29:00,250000,250100
002302,2014-02-21 00:00:00,610303,2024-09-27 12:41:00,610000,610300
002302,2021-07-30 00:00:00,610102,2023-12-07 10:03:00,610000,610100
002303,2009-01-12 00:00:00,360201,2015-10-27 15:29:00,360000,360200
002303,2021-07-30 00:00:00,360205,2026-04-10 09:38:00,360000,360200
002304,2009-01-22 00:00:00,340301,2015-10-27 15:29:00,340000,340300
002304,2021-07-30 00:00:00,340501,2021-07-31 16:18:00,340000,340500
002305,2009-01-22 00:00:00,430101,2015-10-27 15:29:00,430000,430100
002305,2021-07-30 00:00:00,430102,2021-07-31 16:18:00,430000,430100
002306,2009-01-27 00:00:00,460401,2015-10-27 15:28:00,460000,460400
002306,2021-07-30 00:00:00,460902,2021-07-31 16:18:00,460000,460900
002306,2022-07-29 00:00:00,720401,2022-07-29 11:54:00,720000,720400
002306,2023-07-04 00:00:00,460902,2023-07-04 15:14:00,460000,460900
002307,2009-10-27 00:00:00,250201,2015-10-27 15:28:00,250000,250200
002307,2011-10-10 00:00:00,250204,2015-10-27 15:28:00,250000,250200
002307,2014-02-21 00:00:00,620302,2024-09-27 12:41:00,620000,620300
002307,2021-07-30 00:00:00,620306,2021-07-31 16:18:00,620000,620300
002308,2009-11-09 00:00:00,470303,2015-10-27 15:29:00,470000,470300
002308,2013-07-01 00:00:00,320201,2015-10-27 15:29:00,320000,320200
002308,2014-02-21 00:00:00,710101,2024-09-27 12:41:00,710000,710100
002308,2021-07-30 00:00:00,710103,2022-10-11 14:51:00,710000,710100
002309,2009-11-09 00:00:00,260404,2015-10-27 15:29:00,260000,260400
002309,2014-02-21 00:00:00,630303,2024-09-27 12:41:00,630000,630300
002309,2021-07-30 00:00:00,630502,2022-07-11 13:29:00,630000,630500
002309,2022-07-29 00:00:00,630805,2025-10-15 10:57:00,630000,630800
002310,2009-11-27 00:00:00,250201,2015-10-27 15:28:00,250000,250200
002310,2011-10-10 00:00:00,250202,2015-10-27 15:28:00,250000,250200
002310,2014-02-21 00:00:00,620501,2024-09-27 12:41:00,620000,620500
002310,2016-05-25 00:00:00,620402,2016-06-16 08:29:00,620000,620400
002310,2017-05-26 09:59:00,620501,2021-03-03 15:16:00,620000,620500
002310,2021-07-30 00:00:00,620307,2021-08-02 13:20:00,620000,620300
002310,2026-07-01 10:24:00,410106,2026-07-01 10:24:00,410000,410100
002311,2009-01-11 00:00:00,110401,2015-10-27 15:28:00,110000,110400
002311,2021-07-30 00:00:00,110403,2021-07-31 16:18:00,110000,110400
002312,2009-11-16 00:00:00,470303,2015-10-27 15:29:00,470000,470300
002312,2011-10-10 00:00:00,320201,2015-10-27 15:29:00,320000,320200
002312,2014-02-21 00:00:00,710101,2024-09-27 12:41:00,710000,710100
002312,2019-07-24 00:00:00,710202,2019-08-09 15:39:00,710000,710200
002312,2021-07-30 00:00:00,220802,2024-04-01 15:28:00,220000,220800
002313,2009-11-16 00:00:00,320103,2015-10-27 15:29:00,320000,320100
002313,2014-02-21 00:00:00,730202,2024-09-27 12:41:00,730000,730200
002313,2021-07-30 00:00:00,730206,2026-06-01 14:47:00,730000,730200
002314,2009-11-16 00:00:00,250104,2015-10-27 15:29:00,250000,250100
002314,2014-02-21 00:00:00,610303,2024-09-27 12:41:00,610000,610300
002314,2018-07-13 00:00:00,430101,2021-03-03 15:31:00,430000,430100
002315,2009-11-23 00:00:00,470303,2015-10-27 15:29:00,470000,470300
002315,2011-10-10 00:00:00,470201,2015-10-27 15:29:00,470000,470200
002315,2014-02-21 00:00:00,720301,2024-09-27 12:41:00,720000,720300
002315,2021-07-30 00:00:00,450602,2025-10-15 10:57:00,450000,450600
002316,2009-11-23 00:00:00,470303,2015-10-27 15:29:00,470000,470300
002316,2011-10-10 00:00:00,470203,2015-10-27 15:29:00,470000,470200
002316,2013-07-01 00:00:00,320104,2015-10-27 15:29:00,320000,320100
002316,2014-02-21 00:00:00,730203,2024-09-27 12:41:00,730000,730200
002316,2019-07-24 00:00:00,710202,2019-08-09 15:39:00,710000,710200
002316,2021-07-30 00:00:00,490306,2021-07-31 16:18:00,490000,490300
002316,2026-07-01 10:24:00,510101,2026-07-01 10:24:00,510000,510100
002317,2009-01-23 00:00:00,370201,2015-10-27 15:29:00,370000,370200
002318,2009-01-23 00:00:00,230102,2015-10-27 15:29:00,230000,230100
002318,2021-07-30 00:00:00,230501,2025-01-24 16:29:00,230000,230500
002319,2009-01-23 00:00:00,220305,2015-10-27 15:29:00,220000,220300
002320,2009-01-30 00:00:00,420601,2015-10-27 15:28:00,420000,420600
002320,2021-07-30 00:00:00,421101,2025-10-15 10:57:00,420000,421100
002321,2009-11-30 00:00:00,110503,2015-10-27 15:29:00,110000,110500
002321,2011-10-10 00:00:00,110701,2015-10-27 15:29:00,110000,110700
002321,2021-07-30 00:00:00,110704,2024-05-27 10:52:00,110000,110700
002322,2009-12-04 00:00:00,260402,2015-10-27 15:29:00,260000,260400
002322,2014-02-21 00:00:00,630201,2024-09-27 12:41:00,630000,630200
002322,2021-07-30 00:00:00,710401,2023-04-03 11:22:00,710000,710400
002323,2009-12-04 00:00:00,260404,2015-10-27 15:29:00,260000,260400
002323,2014-02-21 00:00:00,630402,2024-09-27 12:41:00,630000,630400
002323,2016-05-25 00:00:00,610303,2019-08-09 15:39:00,610000,610300
002323,2022-07-01 00:00:00,620404,2022-07-01 17:22:00,620000,620400
002324,2009-12-04 00:00:00,220501,2015-10-27 15:29:00,220000,220500
002324,2011-10-10 00:00:00,220503,2019-08-09 15:39:00,220000,220500
002325,2009-12-04 00:00:00,250201,2015-10-27 15:29:00,250000,250200
002325,2011-10-10 00:00:00,250202,2015-10-27 15:29:00,250000,250200
002325,2014-02-21 00:00:00,620201,2024-09-27 12:41:00,620000,620200
002326,2009-12-04 00:00:00,220304,2015-10-27 15:29:00,220000,220300
002326,2011-10-10 00:00:00,220311,2019-08-09 15:39:00,220000,220300
002327,2009-12-10 00:00:00,350201,2015-10-27 15:28:00,350000,350200
002327,2011-10-10 00:00:00,350206,2021-04-07 10:39:00,350000,350200
002328,2009-12-10 00:00:00,310201,2015-10-27 15:29:00,310000,310200
002328,2014-02-21 00:00:00,280201,2024-09-27 12:41:00,280000,280200
002328,2021-07-30 00:00:00,280205,2025-01-08 14:36:00,280000,280200
002329,2009-12-16 00:00:00,340202,2015-10-27 15:29:00,340000,340200
002329,2011-10-10 00:00:00,340403,2019-08-09 15:40:00,340000,340400
002329,2021-07-30 00:00:00,340702,2021-07-31 16:18:00,340000,340700
002330,2009-12-16 00:00:00,340101,2015-10-27 15:28:00,340000,340100
002330,2011-10-10 00:00:00,340401,2019-08-09 15:40:00,340000,340400
002331,2009-12-16 00:00:00,470303,2015-10-27 15:29:00,470000,470300
002331,2014-02-21 00:00:00,710202,2024-09-27 12:41:00,710000,710200
002331,2021-07-30 00:00:00,710301,2021-07-31 16:18:00,710000,710300
002332,2009-12-20 00:00:00,370101,2015-10-27 15:29:00,370000,370100
002332,2011-01-10 00:00:00,370102,2015-10-27 15:29:00,370000,370100
002332,2022-07-29 00:00:00,370101,2022-07-29 11:54:00,370000,370100
002333,2009-12-20 00:00:00,250104,2015-10-27 15:29:00,250000,250100
002333,2014-02-21 00:00:00,610303,2024-09-27 12:41:00,610000,610300
002334,2009-12-24 00:00:00,260402,2015-10-27 15:29:00,260000,260400
002334,2014-02-21 00:00:00,630202,2024-09-27 12:41:00,630000,630200
002334,2021-07-30 00:00:00,640702,2025-10-15 10:57:00,640000,640700
002335,2009-12-24 00:00:00,260402,2015-10-27 15:29:00,260000,260400
002335,2014-02-21 00:00:00,630305,2024-09-27 12:41:00,630000,630300
002335,2021-07-30 00:00:00,630306,2025-10-15 10:57:00,630000,630300
002336,2009-12-24 00:00:00,450102,2015-10-27 15:29:00,450000,450100
002336,2014-02-21 00:00:00,450302,2024-09-27 12:41:00,450000,450300
002337,2009-12-31 00:00:00,260106,2015-10-27 15:29:00,260000,260100
002337,2011-10-10 00:00:00,260207,2015-10-27 15:29:00,260000,260200
002337,2014-02-21 00:00:00,640209,2024-09-27 12:41:00,640000,640200
002338,2009-12-31 00:00:00,260301,2015-10-27 15:28:00,260000,260300
002338,2014-02-21 00:00:00,640301,2024-09-27 12:41:00,640000,640300
002338,2021-07-30 00:00:00,650501,2025-10-15 10:57:00,650000,650500
002339,2010-01-04 00:00:00,260402,2015-10-27 15:29:00,260000,260400
002339,2014-02-21 00:00:00,630201,2024-09-27 12:41:00,630000,630200
002339,2021-07-30 00:00:00,630803,2025-10-15 10:57:00,630000,630800
002340,2010-01-04 00:00:00,240201,2015-10-27 15:28:00,240000,240200
002340,2021-07-30 00:00:00,630702,2025-01-24 16:29:00,630000,630700
002341,2010-01-05 00:00:00,270401,2015-10-27 15:29:00,270000,270400
002341,2014-01-01 00:00:00,410401,2015-10-27 15:29:00,410000,410400
002341,2019-07-24 00:00:00,220309,2020-05-14 10:07:00,220000,220300
002341,2021-07-30 00:00:00,220505,2021-07-31 16:18:00,220000,220500
002342,2010-01-06 00:00:00,260501,2015-10-27 15:29:00,260000,260500
002342,2014-02-21 00:00:00,640401,2024-09-27 12:41:00,640000,640400
002342,2021-07-30 00:00:00,640108,2025-10-15 10:57:00,640000,640100
002343,2010-01-06 00:00:00,220501,2015-10-27 15:29:00,220000,220500
002343,2011-10-10 00:00:00,220502,2015-10-27 15:29:00,220000,220500
002343,2018-06-19 16:11:00,720102,2020-03-06 13:55:00,720000,720100
002343,2021-07-30 00:00:00,720601,2025-10-15 10:57:00,720000,720600
002344,2010-01-06 00:00:00,450103,2015-10-27 15:28:00,450000,450100
002344,2014-02-21 00:00:00,450502,2024-09-27 12:41:00,450000,450500
002344,2021-07-30 00:00:00,450304,2021-07-31 16:18:00,450000,450300
002345,2010-01-12 00:00:00,360303,2015-10-27 15:28:00,360000,360300
002345,2011-10-10 00:00:00,360304,2015-10-27 15:28:00,360000,360300
002345,2021-07-30 00:00:00,350301,2023-06-28 18:51:00,350000,350300
002346,2010-01-12 00:00:00,250104,2015-10-27 15:29:00,250000,250100
002346,2014-02-21 00:00:00,610303,2024-09-27 12:41:00,610000,610300
002346,2019-07-24 00:00:00,630402,2020-12-04 14:32:00,630000,630400
002346,2021-07-30 00:00:00,630801,2021-11-30 13:17:00,630000,630800
002346,2022-07-29 00:00:00,630802,2025-10-15 10:57:00,630000,630800
002347,2010-01-12 00:00:00,260102,2015-10-27 15:29:00,260000,260100
002347,2014-02-21 00:00:00,640102,2024-09-27 12:41:00,640000,640100
002347,2021-07-30 00:00:00,640108,2025-10-15 10:57:00,640000,640100
002348,2010-01-14 00:00:00,360303,2015-10-27 15:28:00,360000,360300
002348,2011-10-10 00:00:00,360305,2019-08-09 15:40:00,360000,360300
002348,2021-07-30 00:00:00,360502,2021-07-31 16:18:00,360000,360500
002349,2010-01-14 00:00:00,370201,2015-10-27 15:29:00,370000,370200
002350,2010-01-14 00:00:00,260404,2015-10-27 15:28:00,260000,260400
002350,2011-10-10 00:00:00,260402,2015-10-27 15:28:00,260000,260400
002350,2014-02-21 00:00:00,630402,2024-09-27 12:41:00,630000,630400
002350,2021-07-30 00:00:00,630802,2025-10-15 10:57:00,630000,630800
002351,2010-01-18 00:00:00,270401,2015-10-27 15:29:00,270000,270400
002351,2011-10-10 00:00:00,270501,2015-10-27 15:29:00,270000,270500
002351,2021-07-30 00:00:00,270503,2023-04-25 09:31:00,270000,270500
002352,2010-01-18 00:00:00,260501,2015-10-27 15:28:00,260000,260500
002352,2014-02-21 00:00:00,640401,2024-09-27 12:41:00,640000,640400
002352,2017-03-01 00:00:00,420801,2021-03-03 15:31:00,420000,420800
002352,2021-07-30 00:00:00,420804,2025-10-15 10:57:00,420000,420800
002353,2010-01-18 00:00:00,260205,2015-10-27 15:29:00,260000,260200
002353,2014-02-21 00:00:00,640203,2024-09-27 12:41:00,640000,640200
002354,2010-01-21 00:00:00,360302,2015-10-27 15:29:00,360000,360300
002354,2014-02-21 00:00:00,720302,2024-09-27 12:41:00,720000,720300
002354,2021-07-30 00:00:00,720401,2021-07-31 16:18:00,720000,720400
002354,2023-07-04 00:00:00,720501,2025-10-15 10:57:00,720000,720500
002355,2010-01-18 00:00:00,310201,2015-10-27 15:29:00,310000,310200
002355,2014-02-21 00:00:00,280201,2024-09-27 12:41:00,280000,280200
002355,2021-07-30 00:00:00,280204,2025-01-08 14:36:00,280000,280200
002356,2010-01-21 00:00:00,260402,2015-10-27 15:29:00,260000,260400
002356,2014-02-21 00:00:00,630203,2024-09-27 12:41:00,630000,630200
002356,2017-06-29 00:00:00,360304,2019-08-09 15:40:00,360000,360300
002356,2021-07-30 00:00:00,450303,2021-07-31 16:18:00,450000,450300
002357,2010-01-25 00:00:00,420301,2015-10-27 15:28:00,420000,420300
002357,2021-07-30 00:00:00,420902,2025-09-23 13:43:00,420000,420900
002358,2010-01-25 00:00:00,260404,2015-10-27 15:29:00,260000,260400
002358,2014-02-21 00:00:00,630402,2024-09-27 12:41:00,630000,630400
002358,2021-07-30 00:00:00,630801,2025-10-15 10:57:00,630000,630800
002359,2010-01-25 00:00:00,260404,2015-10-27 15:29:00,260000,260400
002359,2014-02-21 00:00:00,630404,2024-09-27 12:41:00,630000,630400
002359,2018-07-13 00:00:00,730203,2019-08-09 15:40:00,730000,730200
002359,2021-07-30 00:00:00,730102,2021-07-31 16:18:00,730000,730100
002360,2010-01-03 00:00:00,220307,2015-10-27 15:29:00,220000,220300
002361,2010-01-03 00:00:00,220305,2015-10-27 15:29:00,220000,220300
002361,2021-07-30 00:00:00,220504,2023-12-07 10:03:00,220000,220500
002362,2010-02-03 00:00:00,470303,2015-10-27 15:29:00,470000,470300
002362,2011-10-10 00:00:00,320201,2015-10-27 15:29:00,320000,320200
002362,2013-07-01 00:00:00,470302,2015-10-27 15:29:00,470000,470300
002362,2014-02-21 00:00:00,710201,2024-09-27 12:41:00,710000,710200
002362,2021-07-30 00:00:00,710401,2021-07-31 16:18:00,710000,710400
002363,2010-02-08 00:00:00,310201,2015-10-27 15:29:00,310000,310200
002363,2014-02-21 00:00:00,280201,2024-09-27 12:41:00,280000,280200
002363,2021-07-30 00:00:00,280203,2025-01-08 14:36:00,280000,280200
002364,2010-02-10 00:00:00,260402,2015-10-27 15:29:00,260000,260400
002364,2014-02-21 00:00:00,630305,2024-09-27 12:41:00,630000,630300
002364,2021-07-30 00:00:00,630306,2025-10-15 10:57:00,630000,630300
002365,2010-01-09 00:00:00,370101,2015-10-27 15:29:00,370000,370100
002366,2010-02-21 00:00:00,330101,2015-10-27 15:28:00,330000,330100
002366,2011-01-10 00:00:00,330105,2015-10-27 15:28:00,330000,330100
002366,2015-10-26 00:00:00,640209,2020-05-22 09:33:00,640000,640200
002366,2021-07-30 00:00:00,630306,2025-10-15 10:57:00,630000,630300
002367,2010-02-21 00:00:00,260202,2015-10-27 15:29:00,260000,260200
002367,2011-10-10 00:00:00,260208,2015-10-27 15:29:00,260000,260200
002367,2014-02-21 00:00:00,640204,2024-09-27 12:41:00,640000,640200
002368,2010-02-21 00:00:00,470303,2015-10-27 15:29:00,470000,470300
002368,2014-02-21 00:00:00,710202,2024-09-27 12:41:00,710000,710200
002368,2021-07-30 00:00:00,710301,2024-01-24 12:31:00,710000,710300
002369,2010-02-23 00:00:00,270401,2015-10-27 15:29:00,270000,270400
002369,2011-10-10 00:00:00,270501,2019-08-09 15:38:00,270000,270500
002369,2021-07-30 00:00:00,270504,2023-04-25 09:31:00,270000,270500
002370,2010-01-23 00:00:00,370102,2015-10-27 15:29:00,370000,370100
002371,2010-01-23 00:00:00,270103,2015-10-27 15:29:00,270000,270100
002371,2021-07-30 00:00:00,270108,2025-10-28 10:25:00,270000,270100
002372,2010-03-01 00:00:00,250104,2015-10-27 15:29:00,250000,250100
002372,2011-10-10 00:00:00,250106,2015-10-27 15:29:00,250000,250100
002372,2014-02-21 00:00:00,610302,2024-09-27 12:41:00,610000,610300
002373,2010-03-01 00:00:00,470302,2015-10-27 15:29:00,470000,470300
002373,2011-10-10 00:00:00,470303,2015-10-27 15:29:00,470000,470300
002373,2014-02-21 00:00:00,710202,2024-09-27 12:41:00,710000,710200
002373,2021-07-30 00:00:00,710301,2023-04-03 14:29:00,710000,710300
002374,2010-01-01 00:00:00,360201,2015-10-27 15:29:00,360000,360200
002374,2017-06-29 00:00:00,620501,2019-08-09 15:39:00,620000,620500
002374,2021-07-30 00:00:00,360203,2021-07-31 16:18:00,360000,360200
002375,2010-03-05 00:00:00,250202,2015-10-27 15:29:00,250000,250200
002375,2014-02-21 00:00:00,620201,2024-09-27 12:41:00,620000,620200
002376,2010-03-05 00:00:00,320201,2015-10-27 15:29:00,320000,320200
002376,2014-02-21 00:00:00,710101,2024-09-27 12:41:00,710000,710100
002376,2021-07-30 00:00:00,710103,2021-07-31 16:18:00,710000,710100
002377,2010-01-05 00:00:00,220101,2015-10-27 15:28:00,220000,220100
002377,2018-07-13 00:00:00,460501,2018-07-13 11:07:00,460000,460500
002377,2019-07-24 00:00:00,430101,2020-12-16 15:10:00,430000,430100
002377,2021-07-30 00:00:00,430302,2021-07-31 16:18:00,430000,430300
002377,2024-07-30 12:45:00,750303,2025-01-08 14:36:00,750000,750300
002378,2010-03-12 00:00:00,240106,2015-10-27 15:29:00,240000,240100
002378,2014-02-21 00:00:00,240502,2024-09-27 12:41:00,240000,240500
002379,2010-03-12 00:00:00,240102,2015-10-27 15:29:00,240000,240100
002379,2014-02-21 00:00:00,240301,2024-09-27 12:41:00,240000,240300
002380,2010-03-12 00:00:00,470303,2015-10-27 15:29:00,470000,470300
002380,2011-10-10 00:00:00,470302,2015-10-27 15:29:00,470000,470300
002380,2014-02-21 00:00:00,710202,2024-09-27 12:41:00,710000,710200
002380,2021-07-30 00:00:00,710301,2024-01-15 10:32:00,710000,710300
002381,2010-01-17 00:00:00,220602,2015-10-27 15:29:00,220000,220600
002382,2010-01-17 00:00:00,220501,2015-10-27 15:29:00,220000,220500
002382,2019-01-21 00:00:00,370501,2020-12-04 14:32:00,370000,370500
002382,2021-07-30 00:00:00,370503,2021-07-31 16:18:00,370000,370500
002383,2010-03-17 00:00:00,320201,2015-10-27 15:29:00,320000,320200
002383,2014-02-21 00:00:00,710101,2024-09-27 12:41:00,710000,710100
002383,2021-07-30 00:00:00,650501,2025-10-15 10:57:00,650000,650500
002384,2010-03-22 00:00:00,260102,2015-10-27 15:28:00,260000,260100
002384,2011-10-10 00:00:00,270502,2015-10-27 15:28:00,270000,270500
002384,2019-07-24 00:00:00,270202,2021-03-03 15:32:00,270000,270200
002385,2010-01-29 00:00:00,110401,2015-10-27 15:28:00,110000,110400
002385,2021-07-30 00:00:00,110402,2022-10-26 17:13:00,110000,110400
002386,2010-01-22 00:00:00,220202,2015-10-27 15:29:00,220000,220200
002387,2010-01-23 00:00:00,340304,2015-10-27 15:29:00,340000,340300
002387,2018-07-13 00:00:00,710202,2018-07-13 11:07:00,710000,710200
002387,2019-07-24 00:00:00,270301,2019-08-09 15:38:00,270000,270300
002388,2010-01-23 00:00:00,270401,2015-10-27 15:29:00,270000,270400
002389,2010-03-23 00:00:00,270201,2015-10-27 15:29:00,270000,270200
002389,2011-10-10 00:00:00,270203,2015-10-27 15:29:00,270000,270200
002389,2019-07-24 00:00:00,650201,2021-06-24 09:36:00,650000,650200
002390,2010-03-29 00:00:00,370201,2015-10-27 15:29:00,370000,370200
002390,2014-01-01 00:00:00,370601,2015-10-27 15:29:00,370000,370600
002390,2015-07-01 00:00:00,370201,2015-10-27 15:29:00,370000,370200
002391,2010-01-29 00:00:00,220303,2015-10-27 15:28:00,220000,220300
002391,2021-07-30 00:00:00,220803,2022-07-01 14:04:00,220000,220800
002392,2010-04-07 00:00:00,250104,2015-10-27 15:28:00,250000,250100
002392,2011-10-10 00:00:00,250105,2015-10-27 15:28:00,250000,250100
002392,2014-02-21 00:00:00,610301,2024-09-27 12:41:00,610000,610300
002393,2010-01-06 00:00:00,370102,2015-10-27 15:29:00,370000,370100
002394,2010-01-06 00:00:00,350102,2015-10-27 15:29:00,350000,350100
002395,2010-04-12 00:00:00,220501,2015-10-27 15:29:00,220000,220500
002395,2011-10-10 00:00:00,220502,2015-10-27 15:29:00,220000,220500
002395,2017-06-29 00:00:00,220501,2019-08-09 15:39:00,220000,220500
002395,2021-07-30 00:00:00,220504,2021-07-31 16:18:00,220000,220500
002396,2010-04-12 00:00:00,470302,2015-10-27 15:29:00,470000,470300
002396,2011-10-10 00:00:00,470303,2015-10-27 15:29:00,470000,470300
002396,2013-07-01 00:00:00,320104,2015-10-27 15:29:00,320000,320100
002396,2014-02-21 00:00:00,730203,2024-09-27 12:41:00,730000,730200
002396,2021-07-30 00:00:00,730204,2026-06-01 14:47:00,730000,730200
002397,2010-04-12 00:00:00,350201,2015-10-27 15:29:00,350000,350200
002397,2011-10-10 00:00:00,350206,2015-10-27 15:29:00,350000,350200
002398,2010-04-22 00:00:00,250104,2015-10-27 15:29:00,250000,250100
002398,2014-02-21 00:00:00,610303,2024-09-27 12:41:00,610000,610300
002399,2010-04-21 00:00:00,370301,2015-10-27 15:28:00,370000,370300
002399,2012-01-02 00:00:00,370101,2015-10-27 15:28:00,370000,370100
002399,2024-07-30 12:45:00,370102,2024-07-30 12:45:00,370000,370100
002400,2010-04-26 00:00:00,470402,2015-10-27 15:29:00,470000,470400
002400,2011-10-10 00:00:00,470403,2015-10-27 15:29:00,470000,470400
002400,2014-02-21 00:00:00,720201,2024-09-27 12:41:00,720000,720200
002400,2021-07-30 00:00:00,720501,2025-10-15 10:57:00,720000,720500
002401,2010-05-05 00:00:00,470303,2015-10-27 15:29:00,470000,470300
002401,2014-02-21 00:00:00,710202,2024-09-27 12:41:00,710000,710200
002401,2021-07-30 00:00:00,710301,2021-07-31 16:18:00,710000,710300
002402,2010-05-11 00:00:00,270201,2015-10-27 15:29:00,270000,270200
002402,2011-10-10 00:00:00,270502,2015-10-27 15:29:00,270000,270500
002402,2021-07-30 00:00:00,270504,2021-07-31 16:18:00,270000,270500
002402,2024-07-30 12:45:00,330601,2024-07-30 12:45:00,330000,330600
002402,2025-08-11 17:30:00,270504,2025-10-15 10:57:00,270000,270500
002403,2010-01-10 00:00:00,330104,2015-10-27 15:28:00,330000,330100
002403,2021-07-30 00:00:00,330301,2021-07-31 16:18:00,330000,330300
002404,2010-01-10 00:00:00,350103,2015-10-27 15:29:00,350000,350100
002404,2021-07-30 00:00:00,350106,2021-07-31 16:18:00,350000,350100
002404,2024-07-30 12:45:00,350209,2024-07-30 12:45:00,350000,350200
002405,2010-05-12 00:00:00,470303,2015-10-27 15:29:00,470000,470300
002405,2011-10-10 00:00:00,470302,2015-10-27 15:29:00,470000,470300
002405,2014-02-21 00:00:00,710201,2024-09-27 12:41:00,710000,710200
002405,2021-07-30 00:00:00,710401,2025-01-24 16:29:00,710000,710400
002406,2010-05-18 00:00:00,310201,2015-10-27 15:29:00,310000,310200
002406,2014-02-21 00:00:00,280201,2024-09-27 12:41:00,280000,280200
002406,2021-07-30 00:00:00,280203,2025-01-08 14:36:00,280000,280200
002407,2010-05-12 00:00:00,220309,2015-10-27 15:28:00,220000,220300
002407,2011-10-10 00:00:00,220311,2019-08-09 15:39:00,220000,220300
002408,2010-05-12 00:00:00,220101,2015-10-27 15:29:00,220000,220100
002408,2011-10-10 00:00:00,220702,2015-10-27 15:29:00,220000,220700
002408,2014-02-21 00:00:00,220313,2024-09-27 12:41:00,220000,220300
002408,2021-07-30 00:00:00,750303,2021-07-31 16:18:00,750000,750300
002409,2010-01-12 00:00:00,220309,2015-10-27 15:29:00,220000,220300
002409,2020-06-08 00:00:00,270103,2021-03-03 15:31:00,270000,270100
002410,2010-05-12 00:00:00,470303,2015-10-27 15:28:00,470000,470300
002410,2011-10-10 00:00:00,470302,2015-10-27 15:28:00,470000,470300
002410,2014-02-21 00:00:00,710201,2024-09-27 12:41:00,710000,710200
002410,2021-07-30 00:00:00,710401,2021-07-31 16:18:00,710000,710400
002411,2010-01-12 00:00:00,220303,2015-10-27 15:29:00,220000,220300
002411,2016-04-14 00:00:00,370102,2020-12-04 14:32:00,370000,370100
002411,2021-07-30 00:00:00,370402,2021-07-31 16:18:00,370000,370400
002411,2023-07-04 00:00:00,630702,2023-07-04 15:14:00,630000,630700
002412,2010-01-12 00:00:00,370201,2015-10-27 15:29:00,370000,370200
002413,2010-05-12 00:00:00,330102,2015-10-27 15:28:00,330000,330100
002413,2011-01-10 00:00:00,330105,2015-10-27 15:28:00,330000,330100
002413,2017-06-29 00:00:00,650201,2020-05-14 10:03:00,650000,650200
002413,2021-07-30 00:00:00,650501,2025-10-15 10:57:00,650000,650500
002414,2010-01-28 00:00:00,270401,2015-10-27 15:28:00,270000,270400
002414,2021-07-30 00:00:00,650501,2025-10-15 10:57:00,650000,650500
002415,2010-05-12 00:00:00,320201,2015-10-27 15:28:00,320000,320200
002415,2014-02-21 00:00:00,710101,2024-09-27 12:41:00,710000,710100
002415,2017-06-29 00:00:00,270501,2021-03-03 15:32:00,270000,270500
002415,2021-07-30 00:00:00,710102,2025-02-19 17:18:00,710000,710100
002416,2010-05-10 00:00:00,450102,2015-10-27 15:28:00,450000,450100
002416,2014-02-21 00:00:00,450401,2024-09-27 12:41:00,450000,450400
002417,2010-05-28 00:00:00,320103,2015-10-27 15:28:00,320000,320100
002417,2011-10-10 00:00:00,320104,2015-10-27 15:28:00,320000,320100
002417,2014-02-21 00:00:00,730203,2024-09-27 12:41:00,730000,730200
002417,2019-07-24 00:00:00,710202,2019-08-09 15:39:00,710000,710200
002417,2021-07-30 00:00:00,710301,2021-07-31 16:18:00,710000,710300
002418,2010-05-12 00:00:00,330102,2015-10-27 15:29:00,330000,330100
002418,2011-01-10 00:00:00,330105,2017-05-26 10:00:00,330000,330100
002418,2021-07-30 00:00:00,330601,2021-07-31 16:18:00,330000,330600
002419,2010-05-12 00:00:00,450101,2015-10-27 15:29:00,450000,450100
002419,2014-02-21 00:00:00,450303,2024-09-27 12:41:00,450000,450300
002419,2017-06-29 00:00:00,450301,2021-03-03 15:31:00,450000,450300
002420,2010-01-12 00:00:00,330201,2015-10-27 15:29:00,330000,330200
002420,2021-07-30 00:00:00,330601,2021-07-31 16:18:00,330000,330600
002420,2026-07-01 10:24:00,510101,2026-07-01 10:24:00,510000,510100
002421,2010-05-20 00:00:00,470303,2015-10-27 15:28:00,470000,470300
002421,2014-02-21 00:00:00,710202,2024-09-27 12:41:00,710000,710200
002421,2021-07-30 00:00:00,710301,2021-07-31 16:18:00,710000,710300
002422,2010-01-20 00:00:00,370102,2015-10-27 15:29:00,370000,370100
002423,2010-05-20 00:00:00,260205,2015-10-27 15:29:00,260000,260200
002423,2011-10-10 00:00:00,260102,2015-10-27 15:29:00,260000,260100
002423,2014-02-21 00:00:00,640102,2024-09-27 12:41:00,640000,640100
002423,2019-07-24 00:00:00,490301,2021-03-03 15:36:00,490000,490300
002423,2021-07-30 00:00:00,490302,2021-07-31 16:18:00,490000,490300
002424,2010-01-20 00:00:00,370201,2015-10-27 15:28:00,370000,370200
002425,2010-06-07 00:00:00,350201,2015-10-27 15:29:00,350000,350200
002425,2011-10-10 00:00:00,350203,2015-10-27 15:29:00,350000,350200
002425,2017-06-29 00:00:00,720302,2019-08-09 15:38:00,720000,720300
002425,2021-07-30 00:00:00,720401,2025-10-15 10:57:00,720000,720400
002426,2010-05-20 00:00:00,260102,2015-10-27 15:29:00,260000,260100
002426,2014-02-21 00:00:00,640102,2024-09-27 12:41:00,640000,640100
002426,2021-07-30 00:00:00,640108,2021-08-02 13:24:00,640000,640100
002426,2022-07-29 00:00:00,270504,2022-07-29 11:54:00,270000,270500
002427,2010-01-07 00:00:00,220401,2015-10-27 15:29:00,220000,220400
002428,2010-06-01 00:00:00,240106,2015-10-27 15:29:00,240000,240100
002428,2014-02-21 00:00:00,240504,2024-09-27 12:41:00,240000,240500
002429,2010-06-09 00:00:00,320201,2015-10-27 15:29:00,320000,320200
002429,2011-01-10 00:00:00,330201,2017-05-26 10:00:00,330000,330200
002430,2010-05-25 00:00:00,260106,2015-10-27 15:29:00,260000,260100
002430,2011-10-10 00:00:00,260207,2015-10-27 15:29:00,260000,260200
002430,2014-02-21 00:00:00,640209,2024-09-27 12:41:00,640000,640200
002430,2024-07-30 12:45:00,220309,2025-10-15 10:57:00,220000,220300
002431,2010-05-24 00:00:00,250201,2015-10-27 15:29:00,250000,250200
002431,2011-10-10 00:00:00,250202,2015-10-27 15:29:00,250000,250200
002431,2014-02-21 00:00:00,620501,2024-09-27 12:41:00,620000,620500
002431,2021-07-30 00:00:00,620307,2021-08-02 13:20:00,620000,620300
002432,2010-01-25 00:00:00,370501,2015-10-27 15:29:00,370000,370500
002432,2021-07-30 00:00:00,370502,2021-07-31 16:18:00,370000,370500
002432,2022-07-29 00:00:00,370504,2022-07-29 11:54:00,370000,370500
002433,2010-01-28 00:00:00,370201,2015-10-27 15:29:00,370000,370200
002434,2010-05-28 00:00:00,310201,2015-10-27 15:29:00,310000,310200
002434,2014-02-21 00:00:00,280201,2024-09-27 12:41:00,280000,280200
002434,2021-07-30 00:00:00,280203,2025-01-08 14:36:00,280000,280200
002435,2010-06-10 00:00:00,260202,2015-10-27 15:28:00,260000,260200
002435,2011-10-10 00:00:00,260208,2015-10-27 15:28:00,260000,260200
002435,2014-02-21 00:00:00,640204,2024-09-27 12:41:00,640000,640200
002435,2018-07-13 00:00:00,370102,2020-12-04 14:32:00,370000,370100
002436,2010-06-10 00:00:00,270401,2015-10-27 15:29:00,270000,270400
002436,2011-10-10 00:00:00,270202,2015-10-27 15:29:00,270000,270200
002437,2010-01-01 00:00:00,370102,2015-10-27 15:29:00,370000,370100
002438,2010-06-01 00:00:00,260501,2015-10-27 15:29:00,260000,260500
002438,2011-10-10 00:00:00,260102,2015-10-27 15:29:00,260000,260100
002438,2014-02-21 00:00:00,640102,2024-09-27 12:41:00,640000,640100
002438,2021-07-30 00:00:00,640108,2025-10-15 10:57:00,640000,640100
002439,2010-06-02 00:00:00,470303,2015-10-27 15:29:00,470000,470300
002439,2011-10-10 00:00:00,470302,2015-10-27 15:29:00,470000,470300
002439,2014-02-21 00:00:00,710201,2024-09-27 12:41:00,710000,710200
002439,2021-07-30 00:00:00,710402,2023-06-01 14:03:00,710000,710400
002440,2010-01-10 00:00:00,220308,2015-10-27 15:29:00,220000,220300
002441,2010-06-18 00:00:00,260405,2015-10-27 15:29:00,260000,260400
002441,2014-02-21 00:00:00,630403,2024-09-27 12:41:00,630000,630400
002441,2021-07-30 00:00:00,630802,2025-10-15 10:57:00,630000,630800
002442,2010-06-10 00:00:00,220601,2015-10-27 15:29:00,220000,220600
002442,2011-10-10 00:00:00,220603,2019-08-09 15:39:00,220000,220600
002443,2010-06-18 00:00:00,260501,2015-10-27 15:29:00,260000,260500
002443,2012-01-08 00:00:00,230102,2017-05-26 10:00:00,230000,230100
002443,2021-07-30 00:00:00,230501,2025-01-08 14:36:00,230000,230500
002444,2010-07-12 00:00:00,260102,2015-10-27 15:29:00,260000,260100
002444,2011-10-10 00:00:00,260106,2015-10-27 15:29:00,260000,260100
002444,2014-02-21 00:00:00,640106,2024-09-27 12:41:00,640000,640100
002445,2010-06-29 00:00:00,260501,2015-10-27 15:29:00,260000,260500
002445,2014-02-21 00:00:00,640401,2024-09-27 12:41:00,640000,640400
002445,2018-06-19 16:10:00,720102,2019-08-09 15:38:00,720000,720100
002445,2021-07-30 00:00:00,720401,2021-07-31 16:18:00,720000,720400
002445,2022-07-29 00:00:00,640108,2025-10-15 10:57:00,640000,640100
002446,2010-07-12 00:00:00,320103,2024-07-01 19:23:00,320000,320100
002446,2014-02-21 00:00:00,730202,2024-09-27 12:41:00,730000,730200
002446,2021-07-30 00:00:00,650501,2025-10-15 10:57:00,650000,650500
002447,2010-01-29 00:00:00,110202,2015-10-27 15:29:00,110000,110200
002447,2018-07-13 00:00:00,720302,2019-08-09 15:38:00,720000,720300
002447,2021-07-30 00:00:00,720401,2021-07-31 16:18:00,720000,720400
002448,2010-07-12 00:00:00,310201,2015-10-27 15:29:00,310000,310200
002448,2014-02-21 00:00:00,280201,2024-09-27 12:41:00,280000,280200
002448,2021-07-30 00:00:00,280203,2025-01-08 14:36:00,280000,280200
002449,2010-07-12 00:00:00,270102,2015-10-27 15:28:00,270000,270100
002449,2011-10-10 00:00:00,270302,2015-10-27 15:28:00,270000,270300
002450,2010-01-29 00:00:00,220501,2015-10-27 15:29:00,220000,220500
002450,2021-07-30 00:00:00,220505,2021-07-31 16:18:00,220000,220500
002451,2010-07-12 00:00:00,260404,2015-10-27 15:29:00,260000,260400
002451,2014-02-21 00:00:00,630404,2024-09-27 12:41:00,630000,630400
002451,2021-07-30 00:00:00,630805,2025-10-15 10:57:00,630000,630800
002452,2010-07-12 00:00:00,260404,2015-10-27 15:28:00,260000,260400
002452,2014-02-21 00:00:00,630401,2024-09-27 12:41:00,630000,630400
002452,2021-07-30 00:00:00,630801,2025-10-15 10:57:00,630000,630800
002453,2010-01-16 00:00:00,220309,2015-10-27 15:29:00,220000,220300
002454,2010-07-12 00:00:00,310201,2015-10-27 15:29:00,310000,310200
002454,2014-02-21 00:00:00,280201,2024-09-27 12:41:00,280000,280200
002454,2021-07-30 00:00:00,280206,2025-01-08 14:36:00,280000,280200
002455,2010-01-02 00:00:00,220309,2015-10-27 15:28:00,220000,220300
002456,2010-08-02 00:00:00,270301,2015-10-27 15:29:00,270000,270300
002456,2011-10-10 00:00:00,270303,2015-10-27 15:29:00,270000,270300
002457,2010-07-16 00:00:00,260501,2015-10-27 15:29:00,260000,260500
002457,2011-10-10 00:00:00,250106,2015-10-27 15:29:00,250000,250100
002457,2014-02-21 00:00:00,610302,2024-09-27 12:41:00,610000,610300
002458,2010-07-29 00:00:00,110601,2015-10-27 15:29:00,110000,110600
002458,2011-10-10 00:00:00,110701,2015-10-27 15:29:00,110000,110700
002458,2021-07-30 00:00:00,110703,2022-11-17 08:30:00,110000,110700
002459,2010-08-09 00:00:00,260202,2015-10-27 15:29:00,260000,260200
002459,2014-02-21 00:00:00,640201,2024-09-27 12:41:00,640000,640200
002459,2020-08-14 00:00:00,630303,2021-03-03 15:31:00,630000,630300
002459,2021-07-30 00:00:00,630502,2025-10-15 10:57:00,630000,630500
002460,2010-07-28 00:00:00,240106,2015-10-27 15:28:00,240000,240100
002460,2014-02-21 00:00:00,240503,2024-09-27 12:41:00,240000,240500
002460,2021-07-30 00:00:00,240603,2022-01-11 15:15:00,240000,240600
002461,2010-01-29 00:00:00,340302,2015-10-27 15:29:00,340000,340300
002461,2021-07-30 00:00:00,340601,2025-09-11 10:52:00,340000,340600
002462,2010-01-05 00:00:00,370401,2015-10-27 15:29:00,370000,370400
002462,2021-07-30 00:00:00,370402,2021-07-31 16:18:00,370000,370400
002463,2010-08-09 00:00:00,270201,2015-10-27 15:29:00,270000,270200
002463,2011-10-10 00:00:00,270202,2015-10-27 15:29:00,270000,270200
002464,2010-01-30 00:00:00,220501,2015-10-27 15:29:00,220000,220500
002464,2017-06-29 00:00:00,720301,2019-08-09 15:38:00,720000,720300
002464,2021-07-30 00:00:00,720401,2021-07-31 16:18:00,720000,720400
002465,2010-08-12 00:00:00,320103,2015-10-27 15:28:00,320000,320100
002465,2014-02-21 00:00:00,730202,2024-09-27 12:41:00,730000,730200
002465,2019-07-24 00:00:00,650301,2021-03-03 15:32:00,650000,650300
002465,2021-07-30 00:00:00,650501,2025-10-15 10:57:00,650000,650500
002466,2010-08-12 00:00:00,240106,2015-10-27 15:29:00,240000,240100
002466,2014-02-21 00:00:00,240503,2024-09-27 12:41:00,240000,240500
002466,2021-07-30 00:00:00,240603,2026-02-26 16:27:00,240000,240600
002467,2010-08-18 00:00:00,470101,2015-10-27 15:28:00,470000,470100
002467,2014-02-21 00:00:00,730101,2024-09-27 12:41:00,730000,730100
002467,2021-07-30 00:00:00,730104,2026-06-01 14:47:00,730000,730100
002468,2010-09-08 00:00:00,250104,2015-10-27 15:28:00,250000,250100
002468,2014-01-01 00:01:00,420801,2021-03-03 15:31:00,420000,420800
002468,2014-02-21 00:00:00,610303,2024-09-27 12:41:00,610000,610300
002468,2021-07-30 00:00:00,420804,2025-10-15 10:57:00,420000,420800
002469,2010-08-30 00:00:00,250201,2015-10-27 15:29:00,250000,250200
002469,2011-10-10 00:00:00,250205,2015-10-27 15:29:00,250000,250200
002469,2014-02-21 00:00:00,620402,2024-09-27 12:41:00,620000,620400
002470,2010-09-08 00:00:00,220301,2015-10-27 15:29:00,220000,220300
002470,2011-10-10 00:00:00,220310,2015-10-27 15:29:00,220000,220300
002470,2021-07-30 00:00:00,220805,2021-07-31 16:18:00,220000,220800
002471,2010-09-01 00:00:00,260404,2015-10-27 15:29:00,260000,260400
002471,2014-02-21 00:00:00,630404,2024-09-27 12:41:00,630000,630400
002471,2021-07-30 00:00:00,630805,2025-10-15 10:57:00,630000,630800
002472,2010-08-20 00:00:00,310201,2015-10-27 15:29:00,310000,310200
002472,2014-02-21 00:00:00,280201,2024-09-27 12:41:00,280000,280200
002472,2021-07-30 00:00:00,280203,2023-07-24 13:01:00,280000,280200
002473,2010-01-30 00:00:00,330104,2015-10-27 15:29:00,330000,330100
002473,2021-07-30 00:00:00,330301,2021-07-31 16:18:00,330000,330300
002474,2010-09-06 00:00:00,470302,2015-10-27 15:29:00,470000,470300
002474,2014-02-21 00:00:00,710202,2024-09-27 12:41:00,710000,710200
002474,2021-07-30 00:00:00,710301,2021-07-31 16:18:00,710000,710300
002475,2010-09-14 00:00:00,270201,2015-10-27 15:29:00,270000,270200
002475,2011-10-10 00:00:00,270502,2015-10-27 15:29:00,270000,270500
002475,2021-07-30 00:00:00,270504,2023-04-25 09:31:00,270000,270500
002476,2010-01-14 00:00:00,220309,2015-10-27 15:28:00,220000,220300
002476,2021-07-30 00:00:00,750303,2021-07-31 16:18:00,750000,750300
002477,2010-09-06 00:00:00,110601,2015-10-27 15:28:00,110000,110600
002477,2011-10-10 00:00:00,110701,2015-10-27 15:28:00,110000,110700
002478,2010-09-10 00:00:00,260501,2015-10-27 15:28:00,260000,260500
002478,2012-01-08 00:00:00,230102,2017-05-26 10:00:00,230000,230100
002478,2021-07-30 00:00:00,230501,2025-01-08 14:36:00,230000,230500
002479,2010-01-20 00:00:00,410401,2015-10-27 15:28:00,410000,410400
002479,2021-07-30 00:00:00,410104,2025-10-15 10:57:00,410000,410100
002480,2010-09-01 00:00:00,260102,2015-10-27 15:29:00,260000,260100
002480,2014-02-21 00:00:00,640102,2024-09-27 12:41:00,640000,640100
002480,2021-07-30 00:00:00,640108,2021-08-02 13:24:00,640000,640100
002480,2023-07-04 00:00:00,410106,2025-10-15 10:57:00,410000,410100
002481,2010-09-20 00:00:00,340103,2015-10-27 15:29:00,340000,340100
002481,2011-10-10 00:00:00,340404,2015-10-27 15:29:00,340000,340400
002481,2021-07-30 00:00:00,110504,2023-07-04 13:39:00,110000,110500
002482,2010-09-08 00:00:00,250202,2015-10-27 15:28:00,250000,250200
002482,2014-02-21 00:00:00,620201,2024-09-27 12:41:00,620000,620200
002483,2010-09-17 00:00:00,260204,2015-10-27 15:29:00,260000,260200
002483,2014-02-21 00:00:00,640202,2024-09-27 12:41:00,640000,640200
002483,2021-07-30 00:00:00,640203,2025-10-15 10:57:00,640000,640200
002484,2010-09-25 00:00:00,270201,2015-10-27 15:29:00,270000,270200
002484,2011-10-10 00:00:00,270203,2015-10-27 15:29:00,270000,270200
002485,2010-09-17 00:00:00,350201,2015-10-27 15:29:00,350000,350200
002485,2011-10-10 00:00:00,350202,2019-08-09 15:38:00,350000,350200
002485,2021-07-30 00:00:00,350209,2021-07-31 16:18:00,350000,350200
002485,2025-08-11 17:30:00,420802,2025-08-11 17:30:00,420000,420800
002486,2010-09-27 00:00:00,350201,2015-10-27 15:29:00,350000,350200
002486,2011-10-10 00:00:00,350207,2019-08-09 15:38:00,350000,350200
002486,2021-07-30 00:00:00,350106,2021-07-31 16:18:00,350000,350100
002486,2024-07-30 12:45:00,350208,2024-07-30 12:45:00,350000,350200
002487,2010-09-17 00:00:00,260501,2015-10-27 15:28:00,260000,260500
002487,2014-02-21 00:00:00,640401,2024-09-27 12:41:00,640000,640400
002487,2021-07-30 00:00:00,630602,2025-10-15 10:57:00,630000,630600
002488,2010-10-12 00:00:00,310201,2015-10-27 15:29:00,310000,310200
002488,2014-02-21 00:00:00,280201,2024-09-27 12:41:00,280000,280200
002488,2021-07-30 00:00:00,280204,2025-01-08 14:36:00,280000,280200
002489,2010-01-11 00:00:00,360302,2015-10-27 15:29:00,360000,360300
002489,2021-07-30 00:00:00,360307,2021-07-31 16:18:00,360000,360300
002490,2010-10-11 00:00:00,260205,2015-10-27 15:29:00,260000,260200
002490,2014-02-21 00:00:00,640203,2024-09-27 12:41:00,640000,640200
002491,2010-10-08 00:00:00,320103,2015-10-27 15:29:00,320000,320100
002491,2014-02-21 00:00:00,730202,2024-09-27 12:41:00,730000,730200
002491,2021-07-30 00:00:00,730205,2026-06-01 14:47:00,730000,730200
002492,2010-01-20 00:00:00,420801,2015-10-27 15:29:00,420000,420800
002492,2021-07-30 00:00:00,420806,2025-10-15 10:57:00,420000,420800
002493,2010-10-20 00:00:00,220101,2015-10-27 15:29:00,220000,220100
002493,2011-01-10 00:00:00,220401,2015-10-27 15:29:00,220000,220400
002493,2021-07-30 00:00:00,750301,2026-02-26 16:27:00,750000,750300
002494,2010-10-20 00:00:00,350201,2015-10-27 15:29:00,350000,350200
002494,2011-10-10 00:00:00,350207,2015-10-27 15:29:00,350000,350200
002494,2021-07-30 00:00:00,350209,2021-07-31 16:18:00,350000,350200
002495,2010-10-20 00:00:00,340201,2015-10-27 15:29:00,340000,340200
002495,2011-10-10 00:00:00,340402,2019-08-09 15:40:00,340000,340400
002495,2021-07-30 00:00:00,340901,2021-07-31 16:18:00,340000,340900
002496,2010-01-27 00:00:00,220303,2015-10-27 15:29:00,220000,220300
002496,2021-07-30 00:00:00,220803,2021-07-31 16:18:00,220000,220800
002497,2010-01-27 00:00:00,220307,2015-10-27 15:29:00,220000,220300
002497,2022-07-29 00:00:00,240603,2022-07-29 11:54:00,240000,240600
002497,2024-07-30 12:45:00,220307,2025-09-09 10:17:00,220000,220300
002498,2010-10-27 00:00:00,260404,2015-10-27 15:28:00,260000,260400
002498,2014-02-21 00:00:00,630404,2024-09-27 12:41:00,630000,630400
002498,2021-07-30 00:00:00,630805,2025-10-15 10:57:00,630000,630800
002499,2010-10-27 00:00:00,410401,2015-10-27 15:29:00,410000,410400
002499,2011-10-10 00:00:00,260209,2015-10-27 15:29:00,260000,260200
002499,2014-02-21 00:00:00,640205,2024-09-27 12:41:00,640000,640200
002499,2019-07-24 00:00:00,410105,2019-08-09 15:38:00,410000,410100
002499,2021-07-30 00:00:00,410106,2021-07-31 16:18:00,410000,410100
002499,2022-07-29 00:00:00,450603,2022-10-11 14:52:00,450000,450600
002500,2010-11-01 00:00:00,440301,2015-10-27 15:29:00,440000,440300
002500,2014-02-21 00:00:00,490101,2024-09-27 12:41:00,490000,490100
002501,2010-11-03 00:00:00,240102,2015-10-27 15:29:00,240000,240100
002501,2014-02-21 00:00:00,240301,2024-09-27 12:41:00,240000,240300
002502,2010-11-03 00:00:00,360303,2015-10-27 15:29:00,360000,360300
002502,2017-05-26 10:00:00,720102,2017-05-26 10:00:00,720000,720100
002502,2017-06-29 00:00:00,720302,2019-08-09 15:38:00,720000,720300
002502,2021-07-30 00:00:00,720601,2021-07-31 16:18:00,720000,720600
002502,2022-07-29 00:00:00,720401,2022-07-29 11:54:00,720000,720400
002502,2023-07-04 00:00:00,240504,2023-07-04 15:14:00,240000,240500
002503,2010-11-03 00:00:00,350201,2015-10-27 15:29:00,350000,350200
002503,2011-10-10 00:00:00,350204,2015-10-27 15:29:00,350000,350200
002503,2021-07-30 00:00:00,350209,2021-07-31 16:18:00,350000,350200
002504,2010-01-08 00:00:00,270102,2015-10-27 15:29:00,270000,270100
002504,2015-07-01 00:00:00,620201,2015-10-27 15:29:00,620000,620200
002505,2010-11-08 00:00:00,110601,2015-10-27 15:28:00,110000,110600
002505,2011-10-10 00:00:00,110701,2018-06-20 15:07:00,110000,110700
002505,2019-07-24 00:00:00,450201,2020-03-06 13:55:00,450000,450200
002505,2021-07-30 00:00:00,110704,2021-07-31 16:18:00,110000,110700
002506,2010-11-08 00:00:00,270103,2015-10-27 15:29:00,270000,270100
002506,2011-10-10 00:00:00,260403,2015-10-27 15:29:00,260000,260400
002506,2014-02-21 00:00:00,630303,2024-09-27 12:41:00,630000,630300
002506,2021-07-30 00:00:00,630502,2025-10-15 10:57:00,630000,630500
002507,2010-11-10 00:00:00,340103,2015-10-27 15:28:00,340000,340100
002507,2011-10-10 00:00:00,340404,2021-03-03 15:31:00,340000,340400
002507,2021-07-30 00:00:00,340901,2026-07-03 16:36:00,340000,340900
002508,2010-01-10 00:00:00,330104,2015-10-27 15:29:00,330000,330100
002508,2021-07-30 00:00:00,330401,2023-01-09 15:15:00,330000,330400
002509,2010-11-10 00:00:00,260207,2015-10-27 15:29:00,260000,260200
002509,2011-10-10 00:00:00,260208,2015-10-27 15:29:00,260000,260200
002509,2014-02-21 00:00:00,640204,2024-09-27 12:41:00,640000,640200
002510,2010-11-15 00:00:00,260106,2015-10-27 15:29:00,260000,260100
002510,2011-10-10 00:00:00,260103,2015-10-27 15:29:00,260000,260100
002510,2014-02-21 00:00:00,640103,2024-09-27 12:41:00,640000,640100
002510,2017-06-29 00:00:00,280201,2019-08-09 15:39:00,280000,280200
002510,2021-07-30 00:00:00,280205,2025-01-08 14:36:00,280000,280200
002511,2010-01-15 00:00:00,360101,2015-10-27 15:29:00,360000,360100
002511,2021-07-30 00:00:00,770101,2024-02-08 18:50:00,770000,770100
002512,2010-01-22 00:00:00,270401,2015-10-27 15:28:00,270000,270400
002512,2018-06-19 16:12:00,710101,2019-08-09 15:39:00,710000,710100
002512,2021-07-30 00:00:00,710103,2021-07-31 16:18:00,710000,710100
002513,2010-01-22 00:00:00,220303,2015-10-27 15:29:00,220000,220300
002513,2021-07-30 00:00:00,220803,2021-07-31 16:18:00,220000,220800
002514,2010-11-22 00:00:00,260501,2015-10-27 15:28:00,260000,260500
002514,2011-10-10 00:00:00,260102,2015-10-27 15:28:00,260000,260100
002514,2014-02-21 00:00:00,640102,2024-09-27 12:41:00,640000,640100
002514,2021-07-30 00:00:00,640108,2025-10-15 10:57:00,640000,640100
002515,2010-11-22 00:00:00,340101,2015-10-27 15:29:00,340000,340100
002515,2011-10-10 00:00:00,340401,2019-08-09 15:40:00,340000,340400
002516,2010-11-24 00:00:00,350102,2015-10-27 15:29:00,350000,350100
002516,2011-10-10 00:00:00,350106,2019-03-05 15:25:00,350000,350100
002516,2019-07-24 00:00:00,280201,2019-08-09 15:39:00,280000,280200
002516,2021-07-30 00:00:00,280202,2025-01-08 14:36:00,280000,280200
002517,2010-11-24 00:00:00,350201,2015-10-27 15:29:00,350000,350200
002517,2011-10-10 00:00:00,470202,2023-09-26 15:06:00,470000,470200
002517,2014-02-21 00:00:00,720302,2024-09-27 12:41:00,720000,720300
002517,2021-07-30 00:00:00,720401,2025-10-15 10:57:00,720000,720400
002518,2010-11-24 00:00:00,260403,2015-10-27 15:29:00,260000,260400
002518,2011-10-10 00:00:00,260402,2015-10-27 15:29:00,260000,260400
002518,2014-02-21 00:00:00,630305,2024-09-27 12:41:00,630000,630300
002518,2021-07-30 00:00:00,630306,2026-06-17 14:33:00,630000,630300
002519,2010-01-24 00:00:00,330202,2024-07-04 08:54:00,330000,330200
002519,2023-08-21 00:00:00,650301,2025-10-15 10:57:00,650000,650300
002520,2010-12-01 00:00:00,260101,2015-10-27 15:29:00,260000,260100
002520,2014-02-21 00:00:00,640101,2024-09-27 12:41:00,640000,640100
002521,2010-01-01 00:00:00,360101,2015-10-27 15:29:00,360000,360100
002521,2021-07-30 00:00:00,360103,2021-10-08 10:30:00,360000,360100
002522,2010-01-01 00:00:00,360201,2015-10-27 15:29:00,360000,360200
002522,2021-07-30 00:00:00,220505,2021-07-31 16:18:00,220000,220500
002523,2010-12-01 00:00:00,260204,2015-10-27 15:29:00,260000,260200
002523,2014-02-21 00:00:00,640202,2024-09-27 12:41:00,640000,640200
002523,2021-07-30 00:00:00,640203,2025-10-15 10:57:00,640000,640200
002524,2010-12-08 00:00:00,250201,2015-10-27 15:28:00,250000,250200
002524,2011-10-10 00:00:00,250205,2015-10-27 15:28:00,250000,250200
002524,2014-02-21 00:00:00,620401,2024-09-27 12:41:00,620000,620400
002524,2017-06-29 00:00:00,410301,2018-06-20 15:07:00,410000,410300
002524,2019-07-24 00:00:00,370601,2020-12-04 14:32:00,370000,370600
002524,2021-07-30 00:00:00,370604,2021-07-31 16:18:00,370000,370600
002525,2010-01-08 00:00:00,340303,2015-10-27 15:29:00,340000,340300
002526,2010-12-08 00:00:00,260205,2015-10-27 15:29:00,260000,260200
002526,2014-02-21 00:00:00,640203,2024-09-27 12:41:00,640000,640200
002527,2010-12-15 00:00:00,260402,2015-10-27 15:29:00,260000,260400
002527,2014-02-21 00:00:00,630202,2024-09-27 12:41:00,630000,630200
002527,2021-07-30 00:00:00,640701,2024-01-02 14:12:00,640000,640700
002527,2024-07-30 12:45:00,640204,2025-10-15 10:57:00,640000,640200
002528,2010-12-15 00:00:00,470303,2015-10-27 15:29:00,470000,470300
002528,2011-10-10 00:00:00,320201,2015-10-27 15:29:00,320000,320200
002528,2014-02-21 00:00:00,710101,2024-09-27 12:41:00,710000,710100
002528,2021-07-30 00:00:00,710102,2021-07-31 16:18:00,710000,710100
002529,2010-12-15 00:00:00,260207,2015-10-27 15:28:00,260000,260200
002529,2014-02-21 00:00:00,640209,2024-09-27 12:41:00,640000,640200
002530,2010-12-22 00:00:00,260106,2015-10-27 15:28:00,260000,260100
002530,2014-02-21 00:00:00,640106,2024-09-27 12:41:00,640000,640100
002530,2018-07-13 00:00:00,710202,2019-08-09 15:39:00,710000,710200
002530,2021-07-30 00:00:00,710301,2021-07-31 16:18:00,710000,710300
002530,2024-07-30 12:45:00,640209,2025-10-15 10:57:00,640000,640200
002531,2010-12-22 00:00:00,260403,2015-10-27 15:29:00,260000,260400
002531,2014-02-21 00:00:00,630302,2024-09-27 12:41:00,630000,630300
002531,2021-07-30 00:00:00,630602,2025-10-15 10:57:00,630000,630600
002532,2010-12-22 00:00:00,260106,2015-10-27 15:29:00,260000,260100
002532,2014-02-21 00:00:00,640106,2024-09-27 12:41:00,640000,640100
002532,2021-07-30 00:00:00,240301,2024-09-12 09:21:00,240000,240300
002533,2010-12-22 00:00:00,260404,2015-10-27 15:29:00,260000,260400
002533,2014-02-21 00:00:00,630404,2024-09-27 12:41:00,630000,630400
002533,2021-07-30 00:00:00,630805,2025-10-15 10:57:00,630000,630800
002534,2010-12-29 00:00:00,260403,2015-10-27 15:29:00,260000,260400
002534,2014-02-21 00:00:00,630306,2024-09-27 12:41:00,630000,630300
002534,2021-07-30 00:00:00,630304,2025-12-12 14:50:00,630000,630300
002535,2010-12-29 00:00:00,260205,2015-10-27 15:29:00,260000,260200
002535,2014-02-21 00:00:00,640203,2024-09-27 12:41:00,640000,640200
002536,2010-12-29 00:00:00,310201,2015-10-27 15:29:00,310000,310200
002536,2014-02-21 00:00:00,280201,2024-09-27 12:41:00,280000,280200
002536,2021-07-30 00:00:00,280203,2025-01-08 14:36:00,280000,280200
002537,2010-12-29 00:00:00,260102,2015-10-27 15:28:00,260000,260100
002537,2014-02-21 00:00:00,640102,2024-09-27 12:41:00,640000,640100
002537,2019-07-24 00:00:00,710202,2019-08-09 15:39:00,710000,710200
002537,2021-07-30 00:00:00,280202,2025-01-08 14:36:00,280000,280200
002538,2011-01-06 00:00:00,220302,2015-10-27 15:29:00,220000,220300
002538,2011-10-10 00:00:00,220310,2019-08-09 15:39:00,220000,220300
002538,2021-07-30 00:00:00,220805,2021-07-31 16:18:00,220000,220800
002539,2011-01-06 00:00:00,220301,2015-10-27 15:29:00,220000,220300
002539,2011-10-10 00:00:00,220310,2015-10-27 15:29:00,220000,220300
002539,2021-07-30 00:00:00,220805,2022-05-19 11:18:00,220000,220800
002540,2011-01-06 00:00:00,240102,2015-10-27 15:29:00,240000,240100
002540,2014-02-21 00:00:00,240301,2024-09-27 12:41:00,240000,240300
002541,2011-01-06 00:00:00,250201,2015-10-27 15:29:00,250000,250200
002541,2011-10-10 00:00:00,250205,2015-10-27 15:29:00,250000,250200
002541,2014-02-21 00:00:00,620401,2024-09-27 12:41:00,620000,620400
002542,2011-01-19 00:00:00,250201,2015-10-27 15:29:00,250000,250200
002542,2011-10-10 00:00:00,250205,2015-10-27 15:29:00,250000,250200
002542,2014-02-21 00:00:00,620404,2024-09-27 12:41:00,620000,620400
002543,2011-01-19 00:00:00,330104,2015-10-27 15:29:00,330000,330100
002543,2021-07-30 00:00:00,330402,2025-01-24 16:29:00,330000,330400
002544,2011-01-19 00:00:00,320104,2015-10-27 15:29:00,320000,320100
002544,2014-02-21 00:00:00,730203,2024-09-27 12:41:00,730000,730200
002544,2021-07-30 00:00:00,730103,2025-10-15 10:57:00,730000,730100
002545,2011-01-25 00:00:00,260404,2015-10-27 15:28:00,260000,260400
002545,2014-02-21 00:00:00,630404,2024-09-27 12:41:00,630000,630400
002545,2015-07-01 00:00:00,620401,2018-12-13 16:10:00,620000,620400
002545,2019-07-24 00:00:00,220306,2019-08-09 15:39:00,220000,220300
002545,2021-07-30 00:00:00,620401,2021-07-31 16:18:00,620000,620400
002545,2022-07-29 00:00:00,220804,2022-07-29 11:54:00,220000,220800
002546,2011-01-25 00:00:00,260402,2015-10-27 15:29:00,260000,260400
002546,2014-02-21 00:00:00,630203,2024-09-27 12:41:00,630000,630200
002546,2021-07-30 00:00:00,630804,2025-10-15 10:57:00,630000,630800
002547,2011-02-09 00:00:00,260102,2015-10-27 15:28:00,260000,260100
002547,2011-10-10 00:00:00,270502,2015-10-27 15:28:00,270000,270500
002547,2021-07-30 00:00:00,270504,2021-07-31 16:18:00,270000,270500
002547,2022-07-29 00:00:00,280205,2025-01-08 14:36:00,280000,280200
002548,2011-01-09 00:00:00,110401,2015-10-27 15:29:00,110000,110400
002548,2021-07-30 00:00:00,110402,2024-05-27 10:52:00,110000,110400
002549,2011-01-10 00:00:00,220309,2015-10-27 15:29:00,220000,220300
002549,2011-02-09 00:00:00,510101,2015-10-27 15:29:00,510000,510100
002549,2011-10-10 00:00:00,220309,2019-08-09 15:39:00,220000,220300
002550,2011-02-09 00:00:00,370301,2015-10-27 15:29:00,370000,370300
002550,2012-01-02 00:00:00,370101,2015-10-27 15:29:00,370000,370100
002550,2019-07-24 00:00:00,370102,2020-12-04 14:32:00,370000,370100
002551,2011-01-16 00:00:00,370501,2015-10-27 15:29:00,370000,370500
002551,2021-07-30 00:00:00,370503,2021-07-31 16:18:00,370000,370500
002552,2011-02-16 00:00:00,260102,2015-10-27 15:28:00,260000,260100
002552,2014-02-21 00:00:00,640102,2024-09-27 12:41:00,640000,640100
002552,2021-07-30 00:00:00,640108,2025-10-15 10:57:00,640000,640100
002552,2026-07-01 10:24:00,270202,2026-07-01 10:24:00,270000,270200
002553,2011-02-16 00:00:00,310201,2015-10-27 15:29:00,310000,310200
002553,2014-02-21 00:00:00,280201,2024-09-27 12:41:00,280000,280200
002553,2021-07-30 00:00:00,280203,2025-01-08 14:36:00,280000,280200
002554,2011-02-16 00:00:00,260205,2015-10-27 15:29:00,260000,260200
002554,2011-10-10 00:00:00,210401,2015-10-27 15:29:00,210000,210400
002554,2021-07-30 00:00:00,750202,2022-08-01 16:29:00,750000,750200
002555,2011-02-21 00:00:00,310201,2015-10-27 15:29:00,310000,310200
002555,2014-02-21 00:00:00,280201,2024-09-27 12:41:00,280000,280200
002555,2014-07-01 00:00:00,720302,2015-10-27 15:29:00,720000,720300
002555,2017-06-29 00:00:00,720301,2021-03-03 15:32:00,720000,720300
002555,2021-07-30 00:00:00,720401,2025-10-15 10:57:00,720000,720400
002556,2011-01-10 00:00:00,220301,2015-10-27 15:29:00,220000,220300
002556,2011-02-21 00:00:00,450102,2015-10-27 15:29:00,450000,450100
002556,2011-10-10 00:00:00,220301,2015-10-27 15:29:00,220000,220300
002556,2021-07-30 00:00:00,110901,2021-07-31 16:18:00,110000,110900
002557,2011-02-21 00:00:00,340103,2015-10-27 15:29:00,340000,340100
002557,2011-10-10 00:00:00,340404,2015-10-27 15:29:00,340000,340400
002557,2021-07-30 00:00:00,340801,2025-09-11 10:52:00,340000,340800
002558,2011-01-21 00:00:00,460301,2015-10-27 15:29:00,460000,460300
002558,2017-05-22 00:00:00,720302,2021-03-03 15:32:00,720000,720300
002558,2021-07-30 00:00:00,720401,2025-10-15 10:57:00,720000,720400
002559,2011-02-23 00:00:00,260101,2015-10-27 15:29:00,260000,260100
002559,2014-02-21 00:00:00,640101,2024-09-27 12:41:00,640000,640100
002560,2011-02-23 00:00:00,260404,2015-10-27 15:29:00,260000,260400
002560,2014-02-21 00:00:00,630404,2024-09-27 12:41:00,630000,630400
002560,2021-07-30 00:00:00,630805,2025-10-15 10:57:00,630000,630800
002561,2011-02-23 00:00:00,450101,2015-10-27 15:29:00,450000,450100
002561,2014-02-21 00:00:00,450301,2024-09-27 12:41:00,450000,450300
002562,2011-01-02 00:00:00,220309,2015-10-27 15:29:00,220000,220300
002562,2021-07-30 00:00:00,220315,2021-07-31 16:18:00,220000,220300
002563,2011-03-02 00:00:00,350201,2015-10-27 15:29:00,350000,350200
002563,2011-10-10 00:00:00,350204,2021-04-07 10:39:00,350000,350200
002563,2021-07-30 00:00:00,350209,2025-01-24 16:29:00,350000,350200
002564,2011-03-02 00:00:00,260205,2015-10-27 15:29:00,260000,260200
002564,2014-02-21 00:00:00,640203,2024-09-27 12:41:00,640000,640200
002564,2022-07-29 00:00:00,620404,2022-07-29 11:54:00,620000,620400
002564,2026-07-01 10:24:00,640203,2026-07-01 10:24:00,640000,640200
002565,2011-01-09 00:00:00,360201,2015-10-27 15:29:00,360000,360200
002565,2021-07-30 00:00:00,360205,2021-07-31 16:18:00,360000,360200
002566,2011-01-09 00:00:00,370201,2015-10-27 15:29:00,370000,370200
002567,2011-01-16 00:00:00,110401,2015-10-27 15:29:00,110000,110400
002567,2021-07-30 00:00:00,110402,2024-05-27 10:52:00,110000,110400
002568,2011-03-16 00:00:00,340103,2015-10-27 15:28:00,340000,340100
002568,2011-10-10 00:00:00,340404,2015-10-27 15:28:00,340000,340400
002568,2015-10-26 00:00:00,340303,2021-07-13 14:10:00,340000,340300
002568,2021-07-30 00:00:00,340602,2022-05-09 13:59:00,340000,340600
002569,2011-03-30 00:00:00,350201,2015-10-27 15:28:00,350000,350200
002569,2011-10-10 00:00:00,350202,2020-12-04 13:47:00,350000,350200
002569,2021-07-30 00:00:00,350209,2022-06-02 10:30:00,350000,350200
002570,2011-03-30 00:00:00,340202,2015-10-27 15:28:00,340000,340200
002570,2011-10-10 00:00:00,340403,2015-10-27 15:28:00,340000,340400
002570,2021-07-30 00:00:00,340702,2021-07-31 16:18:00,340000,340700
002571,2011-01-30 00:00:00,360303,2015-10-27 15:28:00,360000,360300
002571,2021-07-30 00:00:00,360311,2021-07-31 16:18:00,360000,360300
002572,2011-01-30 00:00:00,360302,2015-10-27 15:29:00,360000,360300
002572,2021-07-30 00:00:00,360308,2024-03-14 10:16:00,360000,360300
002573,2011-01-11 00:00:00,410401,2015-10-27 15:29:00,410000,410400
002573,2021-07-30 00:00:00,760101,2021-07-31 16:18:00,760000,760100
002573,2023-07-04 00:00:00,760102,2025-10-15 10:57:00,760000,760100
002574,2011-04-14 00:00:00,360303,2015-10-27 15:29:00,360000,360300
002574,2011-10-10 00:00:00,360304,2015-10-27 15:29:00,360000,360300
002574,2021-07-30 00:00:00,350301,2021-07-31 16:18:00,350000,350300
002575,2011-04-14 00:00:00,360301,2015-10-27 15:29:00,360000,360300
002575,2011-10-10 00:00:00,360305,2019-08-09 15:40:00,360000,360300
002575,2021-07-30 00:00:00,360502,2021-07-31 16:18:00,360000,360500
002575,2026-07-01 10:24:00,510101,2026-07-01 10:24:00,510000,510100
002576,2011-04-20 00:00:00,260401,2015-10-27 15:29:00,260000,260400
002576,2014-02-21 00:00:00,630101,2024-09-27 12:41:00,630000,630100
002577,2011-04-20 00:00:00,320201,2015-10-27 15:29:00,320000,320200
002577,2014-02-21 00:00:00,710101,2024-09-27 12:41:00,710000,710100
002577,2021-07-30 00:00:00,710103,2021-07-31 16:18:00,710000,710100
002578,2011-04-20 00:00:00,240102,2015-10-27 15:29:00,240000,240100
002578,2014-02-21 00:00:00,240301,2024-09-27 12:41:00,240000,240300
002579,2011-04-26 00:00:00,270201,2015-10-27 15:29:00,270000,270200
002579,2011-10-10 00:00:00,270202,2015-10-27 15:29:00,270000,270200
002580,2011-04-26 00:00:00,260405,2015-10-27 15:29:00,260000,260400
002580,2014-02-21 00:00:00,630305,2024-09-27 12:41:00,630000,630300
002580,2021-07-30 00:00:00,630705,2025-10-15 10:57:00,630000,630700
002581,2011-01-05 00:00:00,220309,2015-10-27 15:29:00,220000,220300
002581,2017-05-26 09:59:00,370301,2020-12-04 14:32:00,370000,370300
002581,2021-07-30 00:00:00,370304,2021-07-31 16:18:00,370000,370300
002582,2011-05-12 00:00:00,340103,2015-10-27 15:29:00,340000,340100
002582,2011-10-10 00:00:00,340404,2015-10-27 15:29:00,340000,340400
002582,2021-07-30 00:00:00,340801,2021-07-31 16:18:00,340000,340800
002583,2011-05-18 00:00:00,320102,2015-10-27 15:28:00,320000,320100
002583,2014-02-21 00:00:00,730201,2024-09-27 12:41:00,730000,730200
002583,2021-07-30 00:00:00,730204,2025-10-15 10:57:00,730000,730200
002584,2011-01-25 00:00:00,220309,2015-10-27 15:29:00,220000,220300
002584,2021-07-30 00:00:00,270601,2021-07-31 16:18:00,270000,270600
002585,2011-01-25 00:00:00,360201,2015-10-27 15:29:00,360000,360200
002585,2021-07-30 00:00:00,220505,2021-07-31 16:18:00,220000,220500
002586,2011-05-25 00:00:00,250201,2015-10-27 15:29:00,250000,250200
002586,2011-10-10 00:00:00,250204,2015-10-27 15:29:00,250000,250200
002586,2014-02-21 00:00:00,620303,2024-09-27 12:41:00,620000,620300
002586,2021-07-30 00:00:00,620306,2021-07-31 16:18:00,620000,620300
002587,2011-06-01 00:00:00,270102,2015-10-27 15:28:00,270000,270100
002587,2011-10-10 00:00:00,270302,2015-10-27 15:28:00,270000,270300
002588,2011-06-01 00:00:00,220301,2015-10-27 15:29:00,220000,220300
002588,2011-10-10 00:00:00,220310,2015-10-27 15:29:00,220000,220300
002588,2021-07-30 00:00:00,220805,2024-04-01 15:29:00,220000,220800
002589,2011-01-01 00:00:00,370401,2015-10-27 15:29:00,370000,370400
002589,2021-07-30 00:00:00,370402,2021-07-31 16:18:00,370000,370400
002590,2011-06-01 00:00:00,310201,2015-10-27 15:29:00,310000,310200
002590,2014-02-21 00:00:00,280201,2024-09-27 12:41:00,280000,280200
002590,2021-07-30 00:00:00,280203,2025-01-08 14:36:00,280000,280200
002591,2011-06-09 00:00:00,220701,2015-10-27 15:29:00,220000,220700
002591,2014-01-01 00:00:00,220309,2018-06-20 15:07:00,220000,220300
002591,2018-07-13 00:00:00,720201,2019-08-09 15:38:00,720000,720200
002591,2021-07-30 00:00:00,720501,2021-07-31 16:18:00,720000,720500
002591,2022-07-29 00:00:00,220309,2022-07-29 11:54:00,220000,220300
002592,2011-06-09 00:00:00,310201,2015-10-27 15:28:00,310000,310200
002592,2014-02-21 00:00:00,280201,2024-09-27 12:41:00,280000,280200
002592,2021-07-30 00:00:00,280203,2025-01-08 14:36:00,280000,280200
002593,2011-06-16 00:00:00,310201,2015-10-27 15:29:00,310000,310200
002593,2014-02-21 00:00:00,280201,2024-09-27 12:41:00,280000,280200
002593,2019-07-24 00:00:00,620401,2019-08-09 15:39:00,620000,620400
002594,2011-06-21 00:00:00,310101,2015-10-27 15:28:00,310000,310100
002594,2014-02-21 00:00:00,280101,2024-09-27 12:41:00,280000,280100
002594,2021-07-30 00:00:00,280501,2021-07-31 16:18:00,280000,280500
002595,2011-06-16 00:00:00,260106,2015-10-27 15:29:00,260000,260100
002595,2011-10-10 00:00:00,260103,2015-10-27 15:29:00,260000,260100
002595,2014-02-21 00:00:00,640103,2024-09-27 12:41:00,640000,640100
002595,2017-06-29 00:00:00,640209,2021-05-07 09:10:00,640000,640200
002596,2011-06-22 00:00:00,250104,2015-10-27 15:28:00,250000,250100
002596,2014-02-21 00:00:00,610303,2024-09-27 12:41:00,610000,610300
002596,2021-07-30 00:00:00,610102,2024-01-14 08:47:00,610000,610100
002597,2011-01-29 00:00:00,220309,2015-10-27 15:29:00,220000,220300
002597,2020-11-15 00:00:00,340404,2021-03-03 15:31:00,340000,340400
002597,2021-07-30 00:00:00,220315,2024-01-19 10:58:00,220000,220300
002598,2011-06-29 00:00:00,260106,2015-10-27 15:29:00,260000,260100
002598,2014-02-21 00:00:00,640106,2024-09-27 12:41:00,640000,640100
002599,2011-01-06 00:00:00,360201,2015-10-27 15:29:00,360000,360200
002599,2021-07-30 00:00:00,360202,2021-07-31 16:18:00,360000,360200
002600,2011-01-06 00:00:00,240202,2015-10-27 15:29:00,240000,240200
002600,2018-07-13 00:00:00,270502,2021-03-03 15:32:00,270000,270500
002600,2021-07-30 00:00:00,270504,2025-03-17 07:48:00,270000,270500
002601,2011-01-06 00:00:00,220309,2015-10-27 15:28:00,220000,220300
002601,2021-07-30 00:00:00,220206,2022-03-21 19:17:00,220000,220200
002602,2011-07-13 00:00:00,310201,2015-10-27 15:29:00,310000,310200
002602,2014-02-21 00:00:00,280201,2024-09-27 12:41:00,280000,280200
002602,2017-06-29 00:00:00,720301,2021-03-03 15:32:00,720000,720300
002602,2021-07-30 00:00:00,720401,2026-02-26 16:27:00,720000,720400
002603,2011-01-19 00:00:00,370201,2015-10-27 15:29:00,370000,370200
002604,2011-07-20 00:00:00,340201,2015-10-27 15:29:00,340000,340200
002604,2011-10-10 00:00:00,110504,2019-08-09 15:39:00,110000,110500
002605,2011-07-26 00:00:00,360301,2015-10-27 15:29:00,360000,360300
002605,2011-10-10 00:00:00,360305,2019-08-09 15:40:00,360000,360300
002605,2021-07-30 00:00:00,360502,2021-07-31 16:18:00,360000,360500
002605,2021-09-17 00:00:00,720401,2025-10-15 10:57:00,720000,720400
002606,2011-07-28 00:00:00,260404,2015-10-27 15:28:00,260000,260400
002606,2014-02-21 00:00:00,630404,2024-09-27 12:41:00,630000,630400
002606,2021-07-30 00:00:00,630805,2025-10-15 10:57:00,630000,630800
002607,2011-07-29 00:00:00,310401,2015-10-27 15:29:00,310000,310400
002607,2014-02-21 00:00:00,280301,2024-09-27 12:41:00,280000,280300
002607,2019-05-13 00:00:00,720104,2020-11-25 09:18:00,720000,720100
002607,2021-07-30 00:00:00,461102,2025-10-15 10:57:00,460000,461100
002608,2011-08-02 00:00:00,310305,2015-10-27 15:28:00,310000,310300
002608,2014-02-21 00:00:00,650401,2024-09-27 12:41:00,650000,650400
002608,2018-07-13 00:00:00,410101,2021-03-03 15:51:00,410000,410100
002609,2011-08-03 00:00:00,470303,2015-10-27 15:29:00,470000,470300
002609,2014-02-21 00:00:00,710202,2024-09-27 12:41:00,710000,710200
002609,2021-07-30 00:00:00,710301,2021-07-31 16:18:00,710000,710300
002610,2011-08-03 00:00:00,260405,2024-06-26 13:11:00,260000,260400
002610,2014-02-21 00:00:00,630303,2024-09-27 12:41:00,630000,630300
002610,2019-07-24 00:00:00,410105,2024-06-26 13:11:00,410000,410100
002610,2021-07-30 00:00:00,630504,2024-06-26 13:11:00,630000,630500
002611,2011-08-17 00:00:00,260206,2015-10-27 15:28:00,260000,260200
002611,2014-02-21 00:00:00,640208,2024-09-27 12:41:00,640000,640200
002611,2018-07-13 00:00:00,280201,2019-08-09 15:39:00,280000,280200
002611,2020-06-17 00:00:00,640208,2020-06-17 18:34:00,640000,640200
002612,2011-08-19 00:00:00,350201,2015-10-27 15:29:00,350000,350200
002612,2011-10-10 00:00:00,350203,2015-10-27 15:29:00,350000,350200
002612,2021-07-30 00:00:00,350209,2026-01-26 16:15:00,350000,350200
002613,2011-08-23 00:00:00,260207,2015-10-27 15:28:00,260000,260200
002613,2014-02-21 00:00:00,640209,2024-09-27 12:41:00,640000,640200
002613,2021-07-30 00:00:00,610201,2021-08-04 10:42:00,610000,610200
002614,2011-01-31 00:00:00,330104,2015-10-27 15:29:00,330000,330100
002614,2017-09-21 00:00:00,640209,2017-09-21 13:22:00,640000,640200
002614,2017-09-22 00:00:00,370501,2017-11-03 14:32:00,370000,370500
002614,2017-12-26 00:00:00,330104,2021-03-03 15:32:00,330000,330100
002614,2021-07-30 00:00:00,330701,2023-01-09 16:27:00,330000,330700
002615,2011-01-02 00:00:00,360303,2015-10-27 15:28:00,360000,360300
002615,2021-07-30 00:00:00,360311,2021-07-31 16:18:00,360000,360300
002616,2011-01-09 00:00:00,330104,2015-10-27 15:28:00,330000,330100
002616,2019-07-24 00:00:00,410105,2019-08-09 15:38:00,410000,410100
002616,2021-07-30 00:00:00,410109,2025-10-15 10:57:00,410000,410100
002617,2011-09-08 00:00:00,260405,2015-10-27 15:29:00,260000,260400
002617,2014-02-21 00:00:00,630404,2024-09-27 12:41:00,630000,630400
002617,2019-07-24 00:00:00,630303,2020-12-04 14:32:00,630000,630300
002617,2021-07-30 00:00:00,410106,2025-10-15 10:57:00,410000,410100
002618,2011-09-07 00:00:00,270201,2015-10-27 15:28:00,270000,270200
002618,2011-10-10 00:00:00,270202,2020-12-04 14:41:00,270000,270200
002619,2011-09-21 00:00:00,250104,2015-10-27 15:29:00,250000,250100
002619,2011-10-10 00:00:00,250106,2015-10-27 15:29:00,250000,250100
002619,2014-02-21 00:00:00,610302,2024-09-27 12:41:00,610000,610300
002619,2021-07-30 00:00:00,720401,2021-07-31 16:18:00,720000,720400
002620,2011-09-20 00:00:00,250202,2015-10-27 15:29:00,250000,250200
002620,2014-02-21 00:00:00,620201,2024-09-27 12:41:00,620000,620200
002621,2011-09-20 00:00:00,260207,2015-10-27 15:29:00,260000,260200
002621,2014-02-21 00:00:00,640209,2024-09-27 12:41:00,640000,640200
002621,2019-07-24 00:00:00,720104,2020-11-25 09:18:00,720000,720100
002621,2021-07-30 00:00:00,461102,2022-05-10 15:09:00,460000,461100
002622,2011-10-10 00:00:00,260404,2015-10-27 15:29:00,260000,260400
002622,2014-02-21 00:00:00,630402,2024-09-27 12:41:00,630000,630400
002622,2021-07-30 00:00:00,630801,2022-10-11 14:52:00,630000,630800
002622,2023-07-04 00:00:00,370604,2023-07-04 15:14:00,370000,370600
002623,2011-09-26 00:00:00,250101,2015-10-27 15:29:00,250000,250100
002623,2014-02-21 00:00:00,610201,2024-09-27 12:41:00,610000,610200
002623,2021-07-30 00:00:00,630504,2025-10-15 10:57:00,630000,630500
002624,2011-10-17 00:00:00,250105,2015-10-27 15:29:00,250000,250100
002624,2014-02-21 00:00:00,610301,2024-09-27 12:41:00,610000,610300
002624,2015-07-01 00:00:00,720102,2015-10-27 15:29:00,720000,720100
002624,2017-06-29 00:00:00,720302,2021-03-03 15:32:00,720000,720300
002624,2021-07-30 00:00:00,720401,2026-04-02 13:26:00,720000,720400
002625,2011-10-26 00:00:00,310201,2024-07-01 19:23:00,310000,310200
002625,2014-02-21 00:00:00,280201,2024-09-27 12:41:00,280000,280200
002625,2021-07-30 00:00:00,650201,2025-10-15 10:57:00,650000,650200
002626,2011-01-19 00:00:00,370101,2015-10-27 15:29:00,370000,370100
002626,2021-07-30 00:00:00,340407,2021-07-31 16:18:00,340000,340400
002627,2011-01-21 00:00:00,420301,2015-10-27 15:29:00,420000,420300
002627,2021-07-30 00:00:00,420902,2025-09-18 17:27:00,420000,420900
002627,2025-09-26 12:13:00,461004,2025-10-17 14:23:00,460000,461000
002628,2011-10-25 00:00:00,250204,2015-10-27 15:28:00,250000,250200
002628,2014-02-21 00:00:00,620302,2024-09-27 12:41:00,620000,620300
002628,2021-07-30 00:00:00,620306,2021-07-31 16:18:00,620000,620300
002629,2011-10-26 00:00:00,210401,2019-08-09 15:38:00,210000,210400
002629,2021-07-30 00:00:00,750201,2023-10-23 16:18:00,750000,750200
002630,2011-11-04 00:00:00,260403,2015-10-27 15:29:00,260000,260400
002630,2014-02-21 00:00:00,630304,2024-09-27 12:41:00,630000,630300
002631,2011-01-02 00:00:00,360302,2015-10-27 15:28:00,360000,360300
002631,2021-07-30 00:00:00,360308,2021-07-31 16:18:00,360000,360300
002631,2025-08-11 17:30:00,360306,2025-08-11 17:30:00,360000,360300
002632,2011-11-08 00:00:00,220701,2015-10-27 15:28:00,220000,220700
002632,2014-01-01 00:00:00,220309,2015-10-27 15:28:00,220000,220300
002632,2021-07-30 00:00:00,220505,2022-01-01 15:33:00,220000,220500
002633,2011-11-11 00:00:00,260102,2015-10-27 15:28:00,260000,260100
002633,2014-02-21 00:00:00,640102,2024-09-27 12:41:00,640000,640100
002633,2021-07-30 00:00:00,640108,2025-10-15 10:57:00,640000,640100
002634,2011-11-25 00:00:00,350207,2019-08-09 15:38:00,350000,350200
002634,2021-07-30 00:00:00,350205,2021-07-31 16:18:00,350000,350200
002634,2024-07-30 12:45:00,350209,2024-07-30 12:45:00,350000,350200
002635,2011-11-16 00:00:00,270502,2015-10-27 15:28:00,270000,270500
002635,2021-07-30 00:00:00,270504,2023-04-25 09:31:00,270000,270500
002636,2011-11-16 00:00:00,270202,2015-10-27 15:29:00,270000,270200
002637,2011-01-16 00:00:00,220304,2015-10-27 15:29:00,220000,220300
002637,2021-07-30 00:00:00,220309,2025-09-26 17:00:00,220000,220300
002638,2011-11-16 00:00:00,270302,2015-10-27 15:29:00,270000,270300
002638,2018-07-13 00:00:00,720104,2020-09-30 09:59:00,720000,720100
002638,2021-07-30 00:00:00,461102,2022-10-11 14:52:00,460000,461100
002638,2024-07-30 12:45:00,330501,2025-01-08 14:36:00,330000,330500
002639,2011-11-18 00:00:00,260105,2015-10-27 15:29:00,260000,260100
002639,2014-02-21 00:00:00,640105,2024-09-27 12:41:00,640000,640100
002640,2011-11-30 00:00:00,350204,2015-10-27 15:29:00,350000,350200
002640,2015-07-01 00:00:00,720303,2015-10-27 15:29:00,720000,720300
002640,2015-11-02 00:00:00,350204,2015-11-05 14:03:00,350000,350200
002640,2017-06-29 00:00:00,450303,2020-02-24 23:03:00,450000,450300
002640,2021-07-30 00:00:00,450602,2021-07-31 16:18:00,450000,450600
002641,2011-11-30 00:00:00,250106,2015-10-27 15:29:00,250000,250100
002641,2014-02-21 00:00:00,610302,2024-09-27 12:41:00,610000,610300
002642,2011-12-08 00:00:00,470303,2015-10-27 15:29:00,470000,470300
002642,2014-02-21 00:00:00,710202,2024-09-27 12:41:00,710000,710200
002642,2021-07-30 00:00:00,710301,2021-07-31 16:18:00,710000,710300
002643,2011-12-12 00:00:00,220701,2015-10-27 15:29:00,220000,220700
002643,2014-01-01 00:00:00,220309,2015-10-27 15:29:00,220000,220300
002643,2021-07-30 00:00:00,270601,2025-12-31 11:32:00,270000,270600
002644,2011-01-13 00:00:00,370201,2015-10-27 15:28:00,370000,370200
002645,2011-12-12 00:00:00,260207,2015-10-27 15:29:00,260000,260200
002645,2014-02-21 00:00:00,640209,2024-09-27 12:41:00,640000,640200
002645,2017-06-29 00:00:00,640204,2021-06-01 09:26:00,640000,640200
002645,2021-07-30 00:00:00,760201,2025-10-15 10:57:00,760000,760200
002646,2011-01-13 00:00:00,340303,2015-10-27 15:29:00,340000,340300
002646,2021-07-30 00:00:00,340501,2021-07-31 16:18:00,340000,340500
002647,2011-12-19 00:00:00,260501,2015-10-27 15:29:00,260000,260500
002647,2014-02-21 00:00:00,640401,2024-09-27 12:41:00,640000,640400
002647,2018-07-13 00:00:00,490301,2021-03-03 15:36:00,490000,490300
002647,2021-07-30 00:00:00,490306,2021-07-31 16:18:00,490000,490300
002648,2011-12-16 00:00:00,220101,2015-10-27 15:29:00,220000,220100
002648,2012-01-08 00:00:00,220204,2015-10-27 15:29:00,220000,220200
002648,2021-07-30 00:00:00,750303,2021-07-31 16:18:00,750000,750300
002648,2021-12-03 00:00:00,220309,2022-07-16 10:18:00,220000,220300
002648,2022-07-29 00:00:00,220204,2025-09-11 15:39:00,220000,220200
002649,2011-12-26 00:00:00,470302,2015-10-27 15:28:00,470000,470300
002649,2014-02-21 00:00:00,710202,2024-09-27 12:41:00,710000,710200
002649,2021-07-30 00:00:00,710301,2021-07-31 16:18:00,710000,710300
002650,2011-12-26 00:00:00,340402,2015-10-27 15:29:00,340000,340400
002650,2021-07-30 00:00:00,340901,2021-07-31 16:18:00,340000,340900
002651,2011-12-26 00:00:00,260205,2015-10-27 15:29:00,260000,260200
002651,2014-02-21 00:00:00,640203,2024-09-27 12:41:00,640000,640200
002651,2022-07-29 00:00:00,650201,2025-10-15 10:57:00,650000,650200
002652,2012-01-11 00:00:00,250104,2015-10-27 15:29:00,250000,250100
002652,2014-02-21 00:00:00,610303,2024-09-27 12:41:00,610000,610300
002653,2012-01-09 00:00:00,370102,2015-10-27 15:28:00,370000,370100
002654,2012-01-06 00:00:00,270302,2015-10-27 15:29:00,270000,270300
002654,2017-06-29 00:00:00,720201,2019-08-09 15:38:00,720000,720200
002654,2021-07-30 00:00:00,270302,2021-07-31 16:18:00,270000,270300
002655,2012-01-09 00:00:00,270501,2015-10-27 15:28:00,270000,270500
002655,2021-07-30 00:00:00,270504,2023-04-25 09:31:00,270000,270500
002656,2012-01-17 00:00:00,350202,2015-10-27 15:29:00,350000,350200
002656,2021-07-30 00:00:00,350209,2021-07-31 16:18:00,350000,350200
002657,2012-02-20 00:00:00,470303,2015-10-27 15:29:00,470000,470300
002657,2014-02-21 00:00:00,710202,2024-09-27 12:41:00,710000,710200
002657,2021-07-30 00:00:00,710301,2021-07-31 16:18:00,710000,710300
002658,2012-02-29 00:00:00,260301,2015-10-27 15:29:00,260000,260300
002658,2014-02-21 00:00:00,640301,2024-09-27 12:41:00,640000,640300
002658,2015-10-12 00:00:00,410401,2021-04-01 14:11:00,410000,410400
002658,2021-07-30 00:00:00,760201,2026-04-02 13:26:00,760000,760200
002659,2012-03-02 00:00:00,250205,2015-10-27 15:29:00,250000,250200
002659,2014-02-21 00:00:00,620401,2024-09-27 12:41:00,620000,620400
002659,2018-07-13 00:00:00,720104,2020-09-30 09:59:00,720000,720100
002659,2021-07-30 00:00:00,461101,2022-10-11 14:52:00,460000,461100
002660,2012-01-07 00:00:00,270502,2015-10-27 15:29:00,270000,270500
002660,2021-07-30 00:00:00,270504,2023-04-25 09:31:00,270000,270500
002661,2012-01-05 00:00:00,340404,2015-10-27 15:29:00,340000,340400
002661,2021-07-30 00:00:00,110504,2021-12-01 08:56:00,110000,110500
002661,2023-03-31 00:00:00,340406,2023-04-03 11:04:00,340000,340400
002662,2012-02-29 00:00:00,310201,2015-10-27 15:29:00,310000,310200
002662,2014-02-21 00:00:00,280201,2024-09-27 12:41:00,280000,280200
002662,2021-07-30 00:00:00,280202,2025-01-08 14:36:00,280000,280200
002663,2012-03-06 00:00:00,250202,2015-10-27 15:29:00,250000,250200
002663,2014-02-21 00:00:00,620501,2024-09-27 12:41:00,620000,620500
002663,2021-07-30 00:00:00,620307,2021-08-02 13:20:00,620000,620300
002664,2012-03-05 00:00:00,260401,2015-10-27 15:29:00,260000,260400
002664,2014-02-21 00:00:00,630101,2024-09-27 12:41:00,630000,630100
002664,2014-07-01 00:00:00,280201,2015-10-27 15:29:00,280000,280200
002664,2019-07-24 00:00:00,650201,2021-06-24 09:36:00,650000,650200
002664,2021-07-30 00:00:00,280206,2025-01-08 14:36:00,280000,280200
002665,2012-03-15 00:00:00,260403,2015-10-27 15:29:00,260000,260400
002665,2014-02-21 00:00:00,630304,2024-09-27 12:41:00,630000,630300
002665,2021-07-30 00:00:00,630306,2022-10-11 14:52:00,630000,630300
002666,2012-01-14 00:00:00,220309,2015-10-27 15:28:00,220000,220300
002667,2012-03-21 00:00:00,260205,2015-10-27 15:28:00,260000,260200
002667,2014-02-21 00:00:00,640203,2024-09-27 12:41:00,640000,640200
002668,2012-01-28 00:00:00,330101,2015-10-27 15:28:00,330000,330100
002668,2021-07-30 00:00:00,330106,2021-07-31 16:18:00,330000,330100
002669,2012-04-05 00:00:00,220701,2015-10-27 15:29:00,220000,220700
002669,2014-01-01 00:00:00,220309,2019-08-09 15:39:00,220000,220300
002669,2021-07-30 00:00:00,220317,2021-07-31 16:18:00,220000,220300
002670,2012-01-06 00:00:00,330105,2015-10-27 15:29:00,330000,330100
002670,2017-06-29 00:00:00,490101,2021-03-03 15:36:00,490000,490100
002671,2012-04-18 00:00:00,250106,2015-10-27 15:29:00,250000,250100
002671,2014-02-21 00:00:00,610302,2024-09-27 12:41:00,610000,610300
002671,2021-07-30 00:00:00,610102,2023-12-07 10:03:00,610000,610100
002672,2012-01-17 00:00:00,410401,2015-10-27 15:28:00,410000,410400
002672,2021-07-30 00:00:00,760103,2025-10-15 10:57:00,760000,760100
002673,2012-04-23 00:00:00,440301,2015-10-27 15:29:00,440000,440300
002673,2014-02-21 00:00:00,490101,2024-09-27 12:41:00,490000,490100
002674,2012-01-02 00:00:00,350105,2015-10-27 15:29:00,350000,350100
002674,2012-04-25 00:00:00,350205,2015-10-27 15:29:00,350000,350200
002674,2012-07-02 00:00:00,350105,2019-08-09 15:38:00,350000,350100
002675,2012-01-15 00:00:00,370101,2015-10-27 15:28:00,370000,370100
002675,2017-06-29 00:00:00,370102,2020-12-04 14:32:00,370000,370100
002676,2012-01-15 00:00:00,330105,2015-10-27 15:29:00,330000,330100
002676,2021-07-30 00:00:00,330601,2021-07-31 16:18:00,330000,330600
002677,2012-01-14 00:00:00,330104,2015-10-27 15:29:00,330000,330100
002677,2021-07-30 00:00:00,330401,2023-01-09 15:15:00,330000,330400
002678,2012-01-21 00:00:00,360305,2015-10-27 15:29:00,360000,360300
002678,2021-07-30 00:00:00,360502,2025-01-24 16:29:00,360000,360500
002679,2012-01-23 00:00:00,110301,2015-10-27 15:28:00,110000,110300
002680,2012-05-25 00:00:00,260205,2015-10-27 15:29:00,260000,260200
002680,2014-02-21 00:00:00,640203,2024-09-27 12:41:00,640000,640200
002680,2017-05-20 01:32:00,370301,2019-08-09 15:40:00,370000,370300
002681,2012-01-25 00:00:00,330104,2015-10-27 15:28:00,330000,330100
002681,2019-07-24 00:00:00,270502,2019-08-09 15:38:00,270000,270500
002681,2021-07-30 00:00:00,270504,2023-04-25 09:31:00,270000,270500
002682,2012-01-01 00:00:00,420301,2015-10-27 15:29:00,420000,420300
002682,2015-07-01 00:00:00,280301,2015-11-05 16:45:00,280000,280300
002682,2018-07-13 00:00:00,420801,2019-08-09 15:39:00,420000,420800
002682,2021-07-30 00:00:00,420807,2025-10-15 10:57:00,420000,420800
002683,2012-01-30 00:00:00,220307,2015-10-27 15:29:00,220000,220300
002684,2012-06-01 00:00:00,310201,2015-10-27 15:29:00,310000,310200
002684,2014-02-21 00:00:00,280201,2024-09-27 12:41:00,280000,280200
002684,2017-06-29 00:00:00,270401,2018-06-20 15:07:00,270000,270400
002684,2018-07-13 00:00:00,280201,2019-08-09 15:39:00,280000,280200
002684,2021-07-30 00:00:00,280303,2021-07-31 16:18:00,280000,280300
002685,2012-05-30 00:00:00,260204,2015-10-27 15:29:00,260000,260200
002685,2014-02-21 00:00:00,640202,2024-09-27 12:41:00,640000,640200
002685,2019-07-24 00:00:00,640101,2019-08-09 15:39:00,640000,640100
002685,2024-07-30 12:45:00,640601,2025-10-15 10:57:00,640000,640600
002686,2012-06-21 00:00:00,260106,2015-10-27 15:29:00,260000,260100
002686,2014-02-21 00:00:00,640106,2024-09-27 12:41:00,640000,640100
002686,2021-07-30 00:00:00,640105,2025-10-15 10:57:00,640000,640100
002687,2012-01-04 00:00:00,350202,2015-10-27 15:29:00,350000,350200
002687,2021-07-30 00:00:00,350209,2021-07-31 16:18:00,350000,350200
002688,2012-01-05 00:00:00,110801,2015-10-27 15:29:00,110000,110800
002689,2012-07-09 00:00:00,260208,2015-10-27 15:28:00,260000,260200
002689,2014-02-21 00:00:00,640204,2024-09-27 12:41:00,640000,640200
002690,2012-07-20 00:00:00,260207,2015-10-27 15:29:00,260000,260200
002690,2014-02-21 00:00:00,640209,2024-09-27 12:41:00,640000,640200
002691,2012-07-23 00:00:00,260205,2015-10-27 15:29:00,260000,260200
002691,2014-02-21 00:00:00,640203,2024-09-27 12:41:00,640000,640200
002692,2012-07-30 00:00:00,260404,2015-10-27 15:29:00,260000,260400
002692,2014-02-21 00:00:00,630404,2024-09-27 12:41:00,630000,630400
002692,2021-07-30 00:00:00,630805,2025-10-15 10:57:00,630000,630800
002693,2012-01-31 00:00:00,370102,2015-10-27 15:29:00,370000,370100
002693,2017-06-29 00:00:00,370301,2020-12-04 14:32:00,370000,370300
002693,2021-07-30 00:00:00,370304,2021-07-31 16:18:00,370000,370300
002693,2022-07-29 00:00:00,370102,2022-07-29 11:54:00,370000,370100
002694,2012-08-08 00:00:00,250106,2015-10-27 15:28:00,250000,250100
002694,2014-02-21 00:00:00,610302,2024-09-27 12:41:00,610000,610300
002695,2012-01-28 00:00:00,340401,2015-10-27 15:29:00,340000,340400
002695,2021-07-30 00:00:00,340803,2021-12-01 08:56:00,340000,340800
002696,2012-01-27 00:00:00,110202,2015-10-27 15:28:00,110000,110200
002696,2022-07-29 00:00:00,110403,2024-05-27 10:52:00,110000,110400
002697,2012-08-28 00:00:00,450102,2015-10-27 15:29:00,450000,450100
002697,2014-02-21 00:00:00,450302,2024-09-27 12:41:00,450000,450300
002698,2012-09-03 00:00:00,260205,2015-10-27 15:28:00,260000,260200
002698,2014-02-21 00:00:00,640203,2024-09-27 12:41:00,640000,640200
002698,2021-07-30 00:00:00,640701,2025-10-15 10:57:00,640000,640700
002699,2012-01-03 00:00:00,350204,2015-10-27 15:29:00,350000,350200
002699,2015-11-02 00:00:00,350207,2016-06-23 19:49:00,350000,350200
002699,2018-07-13 00:00:00,720102,2020-03-06 13:55:00,720000,720100
002699,2021-07-30 00:00:00,720601,2021-07-31 16:18:00,720000,720600
002700,2012-01-11 00:00:00,410301,2015-10-27 15:29:00,410000,410300
002701,2012-01-25 00:00:00,360201,2015-10-27 15:28:00,360000,360200
002701,2021-07-30 00:00:00,360203,2024-03-14 10:17:00,360000,360200
002702,2012-01-26 00:00:00,340404,2015-10-27 15:28:00,340000,340400
002702,2021-07-30 00:00:00,340406,2021-07-31 16:18:00,340000,340400
002703,2012-10-26 00:00:00,310201,2015-10-27 15:29:00,310000,310200
002703,2014-02-21 00:00:00,280201,2024-09-27 12:41:00,280000,280200
002703,2021-07-30 00:00:00,280203,2025-01-08 14:36:00,280000,280200
002705,2014-01-08 00:00:00,330104,2021-03-03 15:32:00,330000,330100
002705,2021-07-30 00:00:00,330301,2023-01-09 16:21:00,330000,330300
002706,2014-02-21 00:00:00,630403,2024-10-08 14:18:00,630000,630400
002706,2021-07-30 00:00:00,630802,2025-10-15 10:57:00,630000,630800
002707,2014-01-08 00:00:00,460301,2015-10-27 15:29:00,460000,460300
002707,2021-07-30 00:00:00,461004,2024-04-01 15:29:00,460000,461000
002708,2014-02-21 00:00:00,280201,2024-10-08 14:19:00,280000,280200
002708,2021-07-30 00:00:00,280203,2025-01-08 14:36:00,280000,280200
002709,2014-01-08 00:00:00,220309,2015-10-27 15:29:00,220000,220300
002709,2021-07-30 00:00:00,630702,2025-12-03 14:34:00,630000,630700
002710,2014-01-08 00:00:00,370601,2015-10-27 15:28:00,370000,370600
002711,2014-01-08 00:00:00,420801,2019-08-09 15:39:00,420000,420800
002711,2021-07-30 00:00:00,420802,2021-07-31 16:18:00,420000,420800
002712,2014-02-21 00:00:00,720201,2024-10-08 14:19:00,720000,720200
002712,2021-07-30 00:00:00,720501,2025-10-15 10:57:00,720000,720500
002713,2014-02-21 00:00:00,620201,2024-10-08 14:20:00,620000,620200
002714,2014-01-22 00:00:00,110701,2015-10-27 15:29:00,110000,110700
002714,2021-07-30 00:00:00,110702,2021-07-31 16:18:00,110000,110700
002715,2014-02-21 00:00:00,280201,2024-10-08 14:20:00,280000,280200
002715,2021-07-30 00:00:00,280203,2025-01-08 14:36:00,280000,280200
002716,2014-02-21 00:00:00,240303,2024-10-08 14:20:00,240000,240300
002716,2018-06-19 16:13:00,240504,2021-01-25 13:35:00,240000,240500
002716,2021-07-30 00:00:00,240402,2025-01-08 14:36:00,240000,240400
002717,2014-02-21 00:00:00,620501,2024-10-08 14:21:00,620000,620500
002717,2021-07-30 00:00:00,620307,2021-08-02 13:20:00,620000,620300
002718,2014-02-21 00:00:00,610303,2024-10-08 14:21:00,610000,610300
002719,2014-01-22 00:00:00,340403,2015-10-27 15:29:00,340000,340400
002719,2019-07-24 00:00:00,340404,2019-08-09 15:40:00,340000,340400
002719,2021-07-30 00:00:00,340702,2021-07-31 16:18:00,340000,340700
002719,2024-07-30 12:45:00,340802,2024-07-30 12:45:00,340000,340800
002720,2014-01-22 00:00:00,350105,2015-10-27 15:29:00,350000,350100
002721,2014-01-22 00:00:00,360304,2015-10-27 15:29:00,360000,360300
002721,2021-07-30 00:00:00,350301,2026-01-26 16:15:00,350000,350300
002722,2014-02-21 00:00:00,640206,2024-10-08 14:21:00,640000,640200
002722,2021-07-30 00:00:00,350106,2021-07-31 16:18:00,350000,350100
002722,2024-07-30 12:45:00,640206,2025-10-15 10:57:00,640000,640200
002723,2014-01-22 00:00:00,330104,2019-08-09 15:39:00,330000,330100
002723,2021-07-30 00:00:00,330501,2021-07-31 16:18:00,330000,330500
002724,2014-01-24 00:00:00,270401,2015-10-27 15:28:00,270000,270400
002724,2024-07-30 12:45:00,330501,2025-01-08 14:36:00,330000,330500
002725,2014-02-21 00:00:00,280201,2024-10-08 14:22:00,280000,280200
002725,2021-07-30 00:00:00,280204,2025-01-08 14:36:00,280000,280200
002726,2014-01-20 00:00:00,340401,2015-10-27 15:29:00,340000,340400
002727,2014-01-20 00:00:00,370401,2015-10-27 15:29:00,370000,370400
002727,2021-07-30 00:00:00,370403,2021-07-31 16:18:00,370000,370400
002728,2014-01-31 00:00:00,370201,2015-10-27 15:29:00,370000,370200
002728,2014-07-31 00:00:00,370102,2019-03-05 15:09:00,370000,370100
002728,2019-07-24 00:00:00,370201,2020-12-04 14:32:00,370000,370200
002729,2014-01-16 00:00:00,270401,2015-10-27 15:29:00,270000,270400
002730,2014-02-21 00:00:00,640203,2024-10-08 14:22:00,640000,640200
002731,2014-01-24 00:00:00,360304,2015-10-27 15:28:00,360000,360300
002731,2021-07-30 00:00:00,350301,2021-07-31 16:18:00,350000,350300
002732,2014-01-25 00:00:00,340403,2015-10-27 15:29:00,340000,340400
002732,2021-07-30 00:00:00,340702,2021-07-31 16:18:00,340000,340700
002733,2014-02-21 00:00:00,630305,2024-10-08 14:23:00,630000,630300
002733,2021-07-30 00:00:00,630705,2025-10-15 10:57:00,630000,630700
002734,2015-01-15 00:00:00,220303,2015-10-27 15:29:00,220000,220300
002734,2021-07-30 00:00:00,220803,2024-03-19 09:07:00,220000,220800
002735,2014-01-25 00:00:00,360201,2015-10-27 15:29:00,360000,360200
002735,2021-07-30 00:00:00,360204,2021-07-31 16:18:00,360000,360200
002736,2014-02-21 00:00:00,490101,2024-10-08 14:23:00,490000,490100
002737,2014-01-19 00:00:00,370201,2015-10-27 15:29:00,370000,370200
002738,2014-01-19 00:00:00,210402,2015-10-27 15:29:00,210000,210400
002738,2020-08-03 00:00:00,240503,2020-08-03 15:52:00,240000,240500
002738,2021-07-30 00:00:00,240504,2025-12-03 14:34:00,240000,240500
002739,2015-01-15 00:00:00,720102,2015-10-27 15:29:00,720000,720100
002739,2021-07-30 00:00:00,720602,2025-10-15 10:57:00,720000,720600
002740,2015-01-15 00:00:00,360304,2019-08-09 15:40:00,360000,360300
002740,2021-07-30 00:00:00,350301,2021-07-31 16:18:00,350000,350300
002741,2015-02-15 00:00:00,220309,2015-10-27 15:28:00,220000,220300
002741,2021-07-30 00:00:00,270601,2024-01-19 11:02:00,270000,270600
002742,2015-01-15 00:02:00,610303,2015-11-05 14:02:00,610000,610300
002742,2021-07-30 00:00:00,610102,2021-08-04 10:41:00,610000,610100
002742,2022-07-29 00:00:00,370102,2023-12-07 10:03:00,370000,370100
002743,2015-01-15 00:02:00,620401,2015-11-05 14:02:00,620000,620400
002745,2015-01-15 00:02:00,270302,2015-11-05 14:02:00,270000,270300
002746,2015-01-15 00:02:00,110701,2015-10-28 09:05:00,110000,110700
002746,2021-07-30 00:00:00,110703,2023-02-07 11:50:00,110000,110700
002747,2015-03-09 00:00:00,640101,2015-10-27 15:28:00,640000,640100
002747,2018-01-01 00:00:00,630202,2018-01-02 18:15:00,630000,630200
002747,2018-06-07 00:00:00,640106,2021-07-01 13:11:00,640000,640100
002747,2021-07-30 00:00:00,640701,2025-10-15 10:57:00,640000,640700
002748,2015-01-09 00:03:00,220309,2015-11-05 14:02:00,220000,220300
002748,2021-07-30 00:00:00,220202,2021-07-31 16:18:00,220000,220200
002749,2015-01-16 00:03:00,220303,2015-11-05 14:02:00,220000,220300
002749,2021-07-30 00:00:00,220803,2021-07-31 16:18:00,220000,220800
002750,2015-01-16 00:03:00,370201,2015-11-05 14:02:00,370000,370200
002751,2015-01-13 00:04:00,360401,2019-08-09 15:40:00,360000,360400
002751,2021-07-30 00:00:00,460803,2021-07-31 16:18:00,460000,460800
002752,2015-01-13 00:04:00,360201,2019-08-09 15:39:00,360000,360200
002752,2021-07-30 00:00:00,360203,2021-07-31 16:18:00,360000,360200
002753,2015-01-06 00:05:00,220603,2015-11-05 14:02:00,220000,220600
002755,2015-01-06 00:05:00,620402,2024-07-19 08:52:00,620000,620400
002755,2019-07-24 00:00:00,370102,2024-07-19 08:52:00,370000,370100
002756,2015-05-06 00:00:00,230102,2021-05-13 09:13:00,230000,230100
002756,2021-07-30 00:00:00,230501,2022-07-05 09:16:00,230000,230500
002756,2022-07-29 00:00:00,240603,2022-07-29 11:54:00,240000,240600
002757,2015-01-25 00:05:00,640209,2015-11-05 14:02:00,640000,640200
002758,2015-01-25 00:05:00,370401,2024-07-29 11:30:00,370000,370400
002758,2021-07-30 00:00:00,370402,2024-07-29 11:30:00,370000,370400
002758,2022-07-29 00:00:00,280302,2024-07-29 11:30:00,280000,280300
002758,2023-07-04 00:00:00,510101,2024-07-29 11:30:00,510000,510100
002758,2025-12-01 14:00:00,220805,2025-12-01 14:00:00,220000,220800
002759,2015-05-25 00:00:00,330104,2019-08-09 15:39:00,330000,330100
002759,2021-07-30 00:00:00,630702,2025-10-15 10:57:00,630000,630700
002760,2015-01-15 00:06:00,640102,2015-11-05 14:02:00,640000,640100
002760,2017-06-29 00:00:00,640103,2019-08-09 15:39:00,640000,640100
002761,2015-01-15 00:06:00,350206,2019-08-09 15:38:00,350000,350200
002761,2020-09-03 00:00:00,620101,2020-09-03 08:55:00,620000,620100
002762,2015-01-15 00:06:00,350207,2019-08-09 15:38:00,350000,350200
002762,2021-07-30 00:00:00,350209,2021-07-31 16:18:00,350000,350200
002763,2015-01-15 00:06:00,350207,2019-08-09 15:38:00,350000,350200
002763,2021-07-30 00:00:00,350205,2021-07-31 16:18:00,350000,350200
002763,2024-07-30 12:45:00,350209,2024-07-30 12:45:00,350000,350200
002765,2015-01-15 00:06:00,280201,2015-11-05 14:02:00,280000,280200
002765,2021-07-30 00:00:00,270301,2024-01-02 17:01:00,270000,270300
002765,2025-08-11 17:30:00,280205,2025-08-11 17:30:00,280000,280200
002766,2015-01-15 00:06:00,710202,2015-10-28 09:05:00,710000,710200
002766,2021-07-30 00:00:00,280206,2025-01-08 14:36:00,280000,280200
002767,2015-01-15 00:06:00,630203,2020-12-04 14:32:00,630000,630200
002767,2021-07-30 00:00:00,640107,2025-10-15 10:57:00,640000,640100
002768,2015-01-18 00:06:00,220503,2020-04-20 20:16:00,220000,220500
002769,2015-06-18 00:00:00,420801,2019-08-09 15:39:00,420000,420800
002769,2021-07-30 00:00:00,420803,2025-10-15 10:57:00,420000,420800
002770,2015-01-18 00:06:00,340403,2015-11-05 14:02:00,340000,340400
002770,2021-07-30 00:00:00,340702,2021-07-31 16:18:00,340000,340700
002771,2015-01-18 00:06:00,710202,2019-08-09 15:39:00,710000,710200
002771,2021-07-30 00:00:00,710301,2021-07-31 16:18:00,710000,710300
002772,2015-01-18 00:06:00,110102,2015-10-28 09:05:00,110000,110100
002772,2021-07-30 00:00:00,110104,2024-05-27 10:52:00,110000,110100
002773,2015-06-18 00:00:00,370102,2015-10-27 15:29:00,370000,370100
002773,2024-07-30 12:45:00,370304,2024-07-30 12:45:00,370000,370300
002774,2017-03-10 17:03:00,640204,2019-08-09 15:39:00,640000,640200
002775,2015-01-18 00:06:00,620501,2015-11-05 14:02:00,620000,620500
002775,2021-07-30 00:00:00,620307,2021-08-02 13:20:00,620000,620300
002776,2015-01-18 00:06:00,350204,2019-08-09 15:38:00,350000,350200
002776,2021-07-30 00:00:00,350209,2021-07-31 16:18:00,350000,350200
002777,2016-01-07 00:00:00,710202,2019-09-05 11:28:00,710000,710200
002777,2021-07-30 00:00:00,710301,2023-01-03 10:31:00,710000,710300
002778,2015-12-28 00:00:00,220101,2019-08-09 15:39:00,220000,220100
002778,2021-07-30 00:00:00,750303,2021-07-31 16:18:00,750000,750300
002778,2022-07-29 00:00:00,760104,2022-07-29 11:54:00,760000,760100
002778,2024-07-30 12:45:00,760102,2025-10-15 10:57:00,760000,760100
002779,2015-12-23 00:00:00,640106,2015-12-23 09:35:00,640000,640100
002779,2017-06-29 00:00:00,640209,2019-08-09 15:39:00,640000,640200
002780,2015-11-23 00:00:00,350207,2015-11-25 23:04:00,350000,350200
002780,2021-07-30 00:00:00,350208,2021-11-01 14:27:00,350000,350200
002781,2015-11-05 00:00:00,620201,2019-08-09 15:39:00,620000,620200
002782,2015-12-24 00:00:00,270502,2019-08-09 15:38:00,270000,270500
002782,2021-07-30 00:00:00,270504,2021-07-31 16:18:00,270000,270500
002782,2022-07-29 00:00:00,270401,2023-04-25 09:31:00,270000,270400
002783,2015-12-15 00:00:00,220307,2015-12-22 17:10:00,220000,220300
002785,2015-12-24 00:00:00,610303,2019-08-09 15:39:00,610000,610300
002786,2015-12-24 00:00:00,640103,2015-12-24 10:58:00,640000,640100
002786,2017-06-29 00:00:00,640209,2019-08-09 15:39:00,640000,640200
002787,2016-01-07 00:00:00,360201,2019-08-09 15:39:00,360000,360200
002787,2021-07-30 00:00:00,360203,2021-07-31 16:18:00,360000,360200
002788,2016-01-25 00:00:00,370401,2020-12-04 14:32:00,370000,370400
002788,2021-07-30 00:00:00,370402,2021-07-31 16:18:00,370000,370400
002789,2016-03-23 00:00:00,620201,2020-12-04 14:41:00,620000,620200
002790,2016-03-04 00:00:00,360303,2019-08-09 15:39:00,360000,360300
002790,2021-07-30 00:00:00,360309,2026-02-26 16:27:00,360000,360300
002791,2016-04-18 00:00:00,610303,2021-03-03 15:31:00,610000,610300
002792,2016-04-18 00:00:00,730202,2016-04-18 16:54:00,730000,730200
002792,2021-07-30 00:00:00,730204,2026-06-01 14:47:00,730000,730200
002793,2016-04-18 00:00:00,640106,2019-08-09 15:39:00,640000,640100
002793,2020-06-01 00:00:00,370102,2020-06-01 15:39:00,370000,370100
002795,2016-04-18 00:00:00,610303,2018-06-26 11:13:00,610000,610300
002795,2019-07-24 00:00:00,640102,2019-08-09 15:39:00,640000,640100
002795,2021-07-30 00:00:00,640108,2025-10-15 10:57:00,640000,640100
002796,2016-04-26 00:00:00,640102,2019-03-01 14:01:00,640000,640100
002796,2019-07-24 00:00:00,640204,2019-08-09 15:39:00,640000,640200
002796,2022-07-29 00:00:00,730204,2026-06-01 14:47:00,730000,730200
002797,2016-04-26 00:00:00,490101,2021-03-03 15:36:00,490000,490100
002798,2016-05-09 00:00:00,360303,2020-02-24 23:08:00,360000,360300
002798,2020-09-23 00:00:00,610303,2021-03-03 15:31:00,610000,610300
002798,2021-07-30 00:00:00,360306,2024-04-01 15:29:00,360000,360300
002799,2016-05-25 00:00:00,360201,2019-08-09 15:39:00,360000,360200
002799,2021-07-30 00:00:00,360205,2021-07-31 16:18:00,360000,360200
002800,2016-05-25 00:00:00,420801,2019-08-09 15:39:00,420000,420800
002800,2021-07-30 00:00:00,420807,2025-10-15 10:57:00,420000,420800
002800,2026-07-01 10:24:00,420805,2026-07-01 10:24:00,420000,420800
002801,2016-06-24 00:00:00,630101,2020-12-04 14:32:00,630000,630100
002802,2016-06-24 00:00:00,220309,2019-08-09 15:39:00,220000,220300
002803,2016-06-24 00:00:00,360201,2021-03-03 15:31:00,360000,360200
002803,2021-07-30 00:00:00,450602,2024-04-01 15:29:00,450000,450600
002805,2016-06-24 00:00:00,220204,2019-08-09 15:39:00,220000,220200
002805,2022-07-29 00:00:00,630702,2025-10-15 10:57:00,630000,630700
002806,2016-07-18 00:00:00,240301,2021-01-25 13:35:00,240000,240300
002806,2023-07-04 00:00:00,280203,2025-01-08 14:36:00,280000,280200
002807,2016-08-04 00:00:00,480101,2021-03-03 15:35:00,480000,480100
002807,2021-07-30 00:00:00,480501,2022-03-08 13:05:00,480000,480500
002808,2016-08-04 00:00:00,270301,2016-08-04 11:23:00,270000,270300
002808,2017-06-29 00:00:00,270303,2021-04-12 13:47:00,270000,270300
002809,2016-08-23 00:00:00,220309,2019-08-09 15:39:00,220000,220300
002810,2016-08-23 00:00:00,220309,2021-07-01 09:35:00,220000,220300
002811,2016-08-23 00:00:00,620201,2020-12-04 14:41:00,620000,620200
002812,2016-09-07 00:00:00,360201,2019-02-27 10:21:00,360000,360200
002812,2019-03-07 00:00:00,220309,2021-03-03 15:31:00,220000,220300
002812,2021-07-30 00:00:00,630702,2025-10-15 10:57:00,630000,630700
002813,2016-10-12 00:00:00,730203,2016-10-12 23:41:00,730000,730200
002813,2017-06-29 00:00:00,730201,2018-10-12 09:54:00,730000,730200
002813,2019-07-24 00:00:00,280201,2019-08-09 15:39:00,280000,280200
002813,2021-07-30 00:00:00,280206,2025-01-08 14:36:00,280000,280200
002815,2016-10-12 00:00:00,270202,2018-06-20 15:07:00,270000,270200
002816,2016-10-17 00:00:00,640209,2019-08-09 15:39:00,640000,640200
002817,2016-10-17 00:00:00,370201,2020-12-04 14:32:00,370000,370200
002817,2021-07-30 00:00:00,370503,2021-07-31 16:18:00,370000,370500
002817,2022-07-29 00:00:00,370101,2022-07-29 11:54:00,370000,370100
002818,2016-11-06 18:26:00,450502,2020-11-06 09:05:00,450000,450500
002818,2021-07-30 00:00:00,450304,2022-05-10 15:09:00,450000,450300
002819,2016-10-28 21:37:00,640301,2019-08-09 15:39:00,640000,640300
002819,2021-07-30 00:00:00,640107,2025-10-15 10:57:00,640000,640100
002820,2016-11-06 18:25:00,340404,2016-11-06 18:25:00,340000,340400
002820,2021-07-30 00:00:00,340802,2021-07-31 16:18:00,340000,340800
002821,2016-11-06 18:25:00,370101,2021-06-29 13:43:00,370000,370100
002821,2021-07-30 00:00:00,370603,2025-09-09 10:17:00,370000,370600
002822,2016-12-01 17:59:00,620201,2020-12-04 14:41:00,620000,620200
002823,2016-12-01 18:00:00,630101,2020-12-04 14:32:00,630000,630100
002824,2016-12-25 12:06:00,240301,2020-08-10 09:17:00,240000,240300
002825,2016-12-19 00:00:00,220501,2019-08-09 15:39:00,220000,220500
002826,2016-12-01 18:00:00,370101,2016-12-01 18:00:00,370000,370100
002826,2017-06-29 00:00:00,370201,2020-12-04 14:32:00,370000,370200
002826,2021-07-30 00:00:00,370102,2021-07-31 16:18:00,370000,370100
002827,2016-12-01 18:00:00,220307,2019-08-09 15:39:00,220000,220300
002828,2016-12-01 18:00:00,210401,2016-12-01 18:00:00,210000,210400
002828,2021-07-30 00:00:00,750201,2023-10-23 16:18:00,750000,750200
002829,2016-12-11 16:14:00,650101,2024-07-22 08:20:00,650000,650100
002830,2016-12-11 16:15:00,620201,2019-08-09 15:39:00,620000,620200
002831,2016-12-01 18:01:00,360201,2021-03-03 15:32:00,360000,360200
002831,2021-07-30 00:00:00,360205,2024-03-14 10:16:00,360000,360200
002832,2016-12-11 16:15:00,350207,2021-04-07 10:40:00,350000,350200
002832,2021-07-30 00:00:00,350209,2025-01-24 16:29:00,350000,350200
002833,2016-12-11 16:15:00,640209,2021-03-20 11:14:00,640000,640200
002835,2016-12-11 16:15:00,710101,2019-08-09 15:39:00,710000,710100
002835,2021-07-30 00:00:00,710102,2021-07-31 16:18:00,710000,710100
002836,2016-12-25 12:06:00,360201,2019-08-09 15:39:00,360000,360200
002836,2021-07-30 00:00:00,360205,2021-07-31 16:18:00,360000,360200
002837,2016-12-19 12:05:00,640209,2019-08-09 15:39:00,640000,640200
002838,2016-12-19 12:05:00,220503,2019-08-09 15:39:00,220000,220500
002839,2016-12-19 12:05:00,480101,2020-03-06 13:55:00,480000,480100
002839,2021-07-30 00:00:00,480501,2021-09-17 09:09:00,480000,480500
002840,2016-12-19 12:06:00,340401,2019-08-09 15:40:00,340000,340400
002841,2017-01-05 21:37:00,270301,2021-04-23 10:08:00,270000,270300
002841,2021-07-30 00:00:00,461103,2022-02-17 10:14:00,460000,461100
002841,2022-07-29 00:00:00,270503,2025-10-15 10:57:00,270000,270500
002842,2016-12-28 15:57:00,240502,2021-01-25 13:35:00,240000,240500
002843,2017-01-05 21:38:00,640401,2019-08-09 15:39:00,640000,640400
002843,2021-07-30 00:00:00,640108,2023-09-09 16:24:00,640000,640100
002845,2017-01-14 18:14:00,270301,2019-08-09 15:38:00,270000,270300
002846,2017-01-14 18:16:00,360201,2019-08-09 15:39:00,360000,360200
002846,2021-07-30 00:00:00,360203,2021-07-31 16:18:00,360000,360200
002847,2017-01-14 18:17:00,340404,2020-06-15 15:26:00,340000,340400
002847,2021-07-30 00:00:00,340801,2026-08-18 08:03:00,340000,340800
002848,2017-01-19 17:13:00,330202,2019-08-09 15:39:00,330000,330200
002848,2024-07-30 12:45:00,330201,2024-07-30 12:45:00,330000,330200
002849,2017-01-24 10:40:00,640301,2019-08-09 15:39:00,640000,640300
002849,2021-07-30 00:00:00,640107,2025-10-15 10:57:00,640000,640100
002850,2017-02-14 16:59:00,270502,2017-02-14 16:59:00,270000,270500
002850,2021-02-03 00:00:00,630305,2021-05-31 10:19:00,630000,630300
002850,2021-07-30 00:00:00,630701,2025-10-15 10:57:00,630000,630700
002851,2017-02-24 13:38:00,630306,2020-03-10 10:45:00,630000,630300
002852,2017-02-24 13:08:00,110502,2019-08-09 15:39:00,110000,110500
002853,2017-02-24 13:08:00,360302,2019-08-09 15:39:00,360000,360300
002853,2021-07-30 00:00:00,360308,2021-07-31 16:18:00,360000,360300
002855,2017-03-01 14:30:00,270502,2019-08-09 15:38:00,270000,270500
002855,2021-07-30 00:00:00,270504,2023-04-25 09:31:00,270000,270500
002856,2017-03-01 14:30:00,620201,2020-12-04 14:41:00,620000,620200
002857,2017-03-10 17:03:00,640301,2019-08-09 15:39:00,640000,640300
002857,2021-07-30 00:00:00,630804,2025-10-15 10:57:00,630000,630800
002858,2017-03-18 14:35:00,720104,2019-08-09 15:38:00,720000,720100
002858,2021-07-30 00:00:00,460601,2021-07-31 16:18:00,460000,460600
002859,2017-03-18 14:35:00,270101,2017-06-29 16:05:00,270000,270100
002859,2017-06-29 00:00:00,270203,2018-06-20 15:07:00,270000,270200
002859,2018-07-13 00:00:00,270502,2018-07-13 11:07:00,270000,270500
002859,2021-07-30 00:00:00,270401,2022-08-09 09:00:00,270000,270400
002860,2017-03-30 17:20:00,330105,2020-12-04 14:41:00,330000,330100
002860,2021-07-30 00:00:00,330601,2021-07-31 16:18:00,330000,330600
002861,2017-03-30 17:20:00,270502,2019-08-09 15:38:00,270000,270500
002861,2021-07-30 00:00:00,270504,2023-04-25 09:31:00,270000,270500
002862,2017-03-30 17:21:00,360305,2019-08-09 15:40:00,360000,360300
002862,2021-07-30 00:00:00,360502,2021-07-31 16:18:00,360000,360500
002863,2017-03-30 17:22:00,280201,2019-08-09 15:39:00,280000,280200
002863,2021-07-30 00:00:00,280204,2025-01-08 14:36:00,280000,280200
002864,2017-11-08 14:10:00,370201,2020-12-04 14:32:00,370000,370200
002865,2017-04-19 16:40:00,280401,2017-04-19 16:40:00,280000,280400
002865,2017-06-29 00:00:00,280201,2019-08-09 15:39:00,280000,280200
002865,2021-07-30 00:00:00,280202,2021-07-31 16:18:00,280000,280200
002865,2022-07-29 00:00:00,630502,2025-12-10 10:17:00,630000,630500
002866,2017-04-19 00:00:00,270202,2017-04-19 16:46:00,270000,270200
002866,2021-07-30 00:00:00,270504,2023-04-25 09:31:00,270000,270500
002867,2017-04-19 16:42:00,360304,2021-03-03 15:31:00,360000,360300
002867,2021-07-30 00:00:00,350301,2024-12-04 10:24:00,350000,350300
002868,2017-04-19 16:42:00,110801,2019-08-09 15:39:00,110000,110800
002869,2017-05-04 09:55:00,710201,2018-06-20 15:07:00,710000,710200
002869,2019-07-24 00:00:00,270401,2019-08-09 15:38:00,270000,270400
002869,2024-07-30 12:45:00,710103,2025-01-08 14:36:00,710000,710100
002870,2017-05-04 09:55:00,640301,2019-08-09 15:39:00,640000,640300
002870,2021-04-29 00:00:00,280201,2021-04-29 14:51:00,280000,280200
002870,2021-07-30 00:00:00,640107,2021-08-02 13:23:00,640000,640100
002870,2022-07-29 00:00:00,280206,2025-01-08 14:36:00,280000,280200
002871,2017-05-04 09:56:00,640102,2019-08-09 15:39:00,640000,640100
002871,2021-07-30 00:00:00,640108,2025-10-15 10:57:00,640000,640100
002872,2017-05-04 09:57:00,370401,2020-12-04 14:32:00,370000,370400
002872,2021-07-30 00:00:00,370402,2021-07-31 16:18:00,370000,370400
002872,2022-07-29 00:00:00,370102,2022-07-29 11:54:00,370000,370100
002873,2017-05-11 13:40:00,370201,2020-12-04 14:32:00,370000,370200
002875,2017-05-11 13:41:00,350207,2021-01-04 09:43:00,350000,350200
002875,2021-07-30 00:00:00,350209,2022-07-01 14:06:00,350000,350200
002876,2017-05-22 13:45:00,270301,2018-06-20 15:07:00,270000,270300
002877,2017-05-22 13:46:00,640102,2019-08-09 15:39:00,640000,640100
002877,2021-07-30 00:00:00,640108,2025-10-15 10:57:00,640000,640100
002878,2017-05-22 13:46:00,720201,2019-08-09 15:38:00,720000,720200
002878,2021-07-30 00:00:00,460803,2021-07-31 16:18:00,460000,460800
002878,2022-07-29 00:00:00,720501,2025-10-15 10:57:00,720000,720500
002879,2017-06-05 14:06:00,630404,2020-08-10 09:22:00,630000,630400
002879,2021-07-30 00:00:00,630805,2025-10-15 10:57:00,630000,630800
002880,2017-06-05 14:06:00,370301,2020-12-04 14:32:00,370000,370300
002880,2021-07-30 00:00:00,370302,2021-07-31 16:18:00,370000,370300
002881,2017-06-05 14:07:00,270502,2019-08-09 15:38:00,270000,270500
002881,2021-07-30 00:00:00,270504,2024-05-08 14:16:00,270000,270500
002881,2024-07-30 12:45:00,730206,2026-06-01 14:47:00,730000,730200
002882,2017-06-05 14:07:00,630404,2020-12-04 14:32:00,630000,630400
002882,2021-07-30 00:00:00,630805,2025-10-15 10:57:00,630000,630800
002883,2017-06-19 15:06:00,620302,2020-12-04 14:41:00,620000,620300
002883,2021-07-30 00:00:00,620601,2021-07-31 16:18:00,620000,620600
002884,2017-07-12 01:47:00,640106,2024-06-27 21:29:00,640000,640100
002885,2017-06-20 00:00:00,270401,2017-06-20 12:53:00,270000,270400
002885,2021-07-30 00:00:00,270504,2021-07-31 16:18:00,270000,270500
002885,2022-07-29 00:00:00,270401,2023-04-25 09:31:00,270000,270400
002886,2017-06-20 10:05:00,220503,2019-08-09 15:39:00,220000,220500
002887,2017-07-12 01:49:00,620501,2019-03-05 15:23:00,620000,620500
002887,2019-07-24 00:00:00,410401,2020-12-04 14:41:00,410000,410400
002887,2021-07-30 00:00:00,760104,2025-10-15 10:57:00,760000,760100
002888,2017-07-12 01:51:00,270501,2019-08-09 15:38:00,270000,270500
002888,2021-07-30 00:00:00,270503,2023-04-25 09:31:00,270000,270500
002889,2017-07-12 01:52:00,420801,2021-05-06 09:05:00,420000,420800
002889,2021-07-30 00:00:00,420803,2025-10-15 10:57:00,420000,420800
002890,2017-07-26 21:06:00,640207,2019-08-09 15:39:00,640000,640200
002891,2017-08-07 22:18:00,340404,2017-08-22 13:18:00,340000,340400
002891,2017-08-26 00:00:00,110401,2021-03-03 15:31:00,110000,110400
002891,2021-07-30 00:00:00,110404,2023-01-17 13:05:00,110000,110400
002892,2017-08-07 22:19:00,630101,2020-12-04 14:32:00,630000,630100
002893,2017-08-15 17:50:00,410104,2019-08-09 15:38:00,410000,410100
002895,2017-08-15 17:51:00,220312,2019-08-09 15:39:00,220000,220300
002895,2021-07-30 00:00:00,220802,2024-01-19 10:59:00,220000,220800
002896,2017-08-26 09:15:00,640102,2020-04-07 08:45:00,640000,640100
002896,2021-07-30 00:00:00,640108,2025-10-15 10:57:00,640000,640100
002897,2017-08-26 09:15:00,730202,2019-08-09 15:40:00,730000,730200
002897,2021-07-30 00:00:00,730204,2026-06-01 14:47:00,730000,730200
002898,2017-08-26 09:16:00,370102,2020-12-04 14:32:00,370000,370100
002898,2026-07-01 10:24:00,710103,2026-07-01 10:24:00,710000,710100
002899,2017-09-07 14:53:00,360305,2019-08-09 15:40:00,360000,360300
002899,2021-07-30 00:00:00,360502,2021-11-01 14:28:00,360000,360500
002900,2017-09-07 14:54:00,370102,2020-12-04 14:32:00,370000,370100
002901,2017-09-07 14:54:00,370501,2020-12-04 14:32:00,370000,370500
002901,2021-07-30 00:00:00,370503,2021-07-31 16:18:00,370000,370500
002902,2017-09-21 17:20:00,270502,2018-06-26 11:13:00,270000,270500
002902,2019-07-24 00:00:00,730202,2019-08-09 15:40:00,730000,730200
002902,2021-07-30 00:00:00,730204,2026-06-01 14:47:00,730000,730200
002903,2017-09-25 10:46:00,640101,2019-08-09 15:39:00,640000,640100
002905,2017-09-21 17:24:00,720102,2019-08-09 15:38:00,720000,720100
002905,2021-07-30 00:00:00,720602,2025-10-15 10:57:00,720000,720600
002906,2017-09-25 10:46:00,280201,2020-08-03 11:06:00,280000,280200
002906,2021-07-30 00:00:00,280206,2026-04-14 11:02:00,280000,280200
002907,2017-10-10 13:31:00,370201,2020-12-04 14:32:00,370000,370200
002908,2017-10-10 13:31:00,730201,2019-08-09 15:40:00,730000,730200
002908,2021-07-30 00:00:00,730206,2021-07-31 16:18:00,730000,730200
002908,2023-05-22 00:00:00,710301,2023-06-20 18:08:00,710000,710300
002909,2017-10-10 13:31:00,220309,2019-08-09 15:39:00,220000,220300
002909,2021-07-30 00:00:00,220316,2021-07-31 16:18:00,220000,220300
002910,2017-10-30 14:44:00,340403,2019-08-09 15:40:00,340000,340400
002910,2021-07-30 00:00:00,340702,2021-07-31 16:18:00,340000,340700
002911,2017-11-08 14:10:00,410301,2019-08-09 15:39:00,410000,410300
002912,2017-11-21 13:46:00,710101,2021-03-03 15:32:00,710000,710100
002912,2021-07-30 00:00:00,710103,2026-06-01 14:47:00,710000,710100
002913,2017-11-21 13:27:00,270202,2019-08-09 15:38:00,270000,270200
002915,2017-11-21 13:41:00,220311,2019-08-09 15:39:00,220000,220300
002916,2017-12-08 15:01:00,270202,2021-03-03 15:32:00,270000,270200
002917,2017-12-08 15:01:00,220307,2019-08-09 15:39:00,220000,220300
002918,2017-12-08 15:01:00,610303,2021-03-03 15:18:00,610000,610300
002918,2021-07-30 00:00:00,360306,2025-01-24 16:29:00,360000,360300
002919,2017-12-08 15:02:00,220304,2019-08-09 15:39:00,220000,220300
002919,2021-07-30 00:00:00,770102,2021-07-31 16:18:00,770000,770100
002919,2023-09-15 00:00:00,720401,2025-10-15 10:57:00,720000,720400
002920,2017-12-08 15:02:00,710201,2021-03-03 15:32:00,710000,710200
002920,2021-07-30 00:00:00,710401,2023-04-03 14:29:00,710000,710400
002921,2017-12-20 21:54:00,280201,2019-08-09 15:39:00,280000,280200
002921,2021-07-30 00:00:00,280205,2025-01-08 14:36:00,280000,280200
002922,2017-12-20 21:54:00,270502,2019-08-09 15:38:00,270000,270500
002922,2021-07-30 00:00:00,270401,2023-04-25 09:31:00,270000,270400
002923,2017-12-20 21:55:00,370102,2020-12-04 14:32:00,370000,370100
002925,2018-01-07 22:48:00,270502,2021-07-01 13:12:00,270000,270500
002925,2021-07-30 00:00:00,270504,2023-04-25 09:31:00,270000,270500
002926,2018-01-29 19:37:00,490101,2021-03-03 15:36:00,490000,490100
002927,2018-02-12 10:10:00,630403,2020-12-04 14:32:00,630000,630400
002927,2021-07-30 00:00:00,630802,2025-10-15 10:57:00,630000,630800
002928,2018-02-12 10:10:00,420401,2019-08-09 15:39:00,420000,420400
002928,2021-07-30 00:00:00,421001,2025-10-15 10:57:00,420000,421000
002929,2018-02-12 10:10:00,730203,2019-08-09 15:40:00,730000,730200
002929,2021-07-30 00:00:00,730103,2026-06-01 14:47:00,730000,730100
002930,2018-04-03 09:43:00,420801,2019-08-09 15:39:00,420000,420800
002930,2021-07-30 00:00:00,420806,2025-10-15 10:57:00,420000,420800
002931,2018-04-03 13:27:00,280201,2018-06-26 11:13:00,280000,280200
002931,2019-07-24 00:00:00,640102,2019-08-09 15:39:00,640000,640100
002931,2021-07-30 00:00:00,640108,2025-10-15 10:57:00,640000,640100
002932,2018-07-06 15:58:00,370501,2020-12-04 14:32:00,370000,370500
002932,2021-07-30 00:00:00,370504,2021-07-31 16:18:00,370000,370500
002933,2018-08-09 16:43:00,650201,2019-08-09 15:39:00,650000,650200
002935,2018-08-31 16:16:00,650101,2021-03-03 15:18:00,650000,650100
002935,2021-07-30 00:00:00,650501,2025-10-15 10:57:00,650000,650500
002936,2018-08-31 16:18:00,480101,2021-03-03 15:35:00,480000,480100
002936,2021-07-30 00:00:00,480401,2021-07-31 16:18:00,480000,480400
002937,2018-09-18 14:53:00,270502,2019-08-09 15:38:00,270000,270500
002937,2021-07-30 00:00:00,270504,2023-04-25 09:31:00,270000,270500
002937,2024-07-30 12:45:00,280206,2025-01-08 14:36:00,280000,280200
002938,2018-09-18 14:51:00,270202,2021-03-03 15:32:00,270000,270200
002939,2018-09-18 14:53:00,490101,2021-03-03 15:36:00,490000,490100
002940,2018-10-12 15:48:00,370102,2020-12-04 14:32:00,370000,370100
002941,2018-10-30 14:01:00,620302,2019-08-09 15:39:00,620000,620300
002941,2021-07-30 00:00:00,620306,2021-07-31 16:18:00,620000,620300
002942,2018-10-30 14:02:00,220303,2019-08-09 15:39:00,220000,220300
002942,2021-07-30 00:00:00,220803,2021-07-31 16:18:00,220000,220800
002943,2018-11-28 11:33:00,640101,2019-08-09 15:39:00,640000,640100
002945,2018-12-11 15:40:00,490101,2021-03-03 15:36:00,490000,490100
002946,2019-01-24 08:51:00,340403,2020-06-15 15:26:00,340000,340400
002946,2021-07-30 00:00:00,340702,2026-07-03 16:36:00,340000,340700
002947,2019-01-24 08:53:00,270502,2019-08-09 15:38:00,270000,270500
002947,2021-07-30 00:00:00,270504,2023-04-25 09:31:00,270000,270500
002948,2018-12-11 15:40:00,480101,2021-03-03 15:35:00,480000,480100
002948,2021-07-30 00:00:00,480401,2021-07-31 16:18:00,480000,480400
002949,2019-02-18 14:07:00,620101,2020-07-12 17:01:00,620000,620100
002949,2021-07-30 00:00:00,620601,2023-05-29 14:32:00,620000,620600
002950,2019-03-06 14:50:00,370501,2020-12-04 14:32:00,370000,370500
002950,2021-07-30 00:00:00,370503,2021-07-31 16:18:00,370000,370500
002951,2019-03-06 14:50:00,360201,2019-08-09 15:39:00,360000,360200
002951,2021-07-30 00:00:00,360205,2021-07-31 16:18:00,360000,360200
002951,2025-08-11 17:30:00,630306,2025-08-11 17:30:00,630000,630300
002952,2019-03-18 08:56:00,270301,2019-08-09 15:38:00,270000,270300
002953,2019-05-06 14:46:00,630404,2020-12-04 14:32:00,630000,630400
002953,2021-07-30 00:00:00,630805,2025-10-15 10:57:00,630000,630800
002955,2019-05-06 14:46:00,270301,2020-09-30 09:59:00,270000,270300
002956,2019-06-04 09:18:00,340404,2019-08-09 15:40:00,340000,340400
002956,2021-07-30 00:00:00,340802,2021-07-31 16:18:00,340000,340800
002957,2019-07-11 13:41:00,640209,2019-08-09 15:39:00,640000,640200
002957,2021-07-30 00:00:00,640702,2025-10-15 10:57:00,640000,640700
002958,2019-02-18 10:43:00,480101,2021-03-03 15:35:00,480000,480100
002958,2021-07-30 00:00:00,480501,2021-07-31 16:18:00,480000,480500
002959,2019-07-18 11:05:00,330104,2021-06-01 16:08:00,330000,330100
002959,2021-07-30 00:00:00,330301,2023-01-09 16:22:00,330000,330300
002960,2019-07-24 14:07:00,640204,2019-08-02 14:22:00,640000,640200
002961,2019-08-22 15:00:00,490301,2021-03-03 15:36:00,490000,490300
002961,2021-07-30 00:00:00,490303,2021-07-31 16:18:00,490000,490300
002962,2019-09-02 09:38:00,270303,2019-09-06 14:57:00,270000,270300
002963,2019-09-19 09:23:00,620201,2019-10-17 14:29:00,620000,620200
002965,2019-10-11 08:38:00,640401,2019-10-17 14:31:00,640000,640400
002965,2021-07-30 00:00:00,640108,2022-07-21 08:34:00,640000,640100
002965,2022-07-29 00:00:00,280205,2025-01-08 14:36:00,280000,280200
002966,2019-06-18 10:08:00,480101,2021-06-01 16:07:00,480000,480100
002966,2021-07-30 00:00:00,480401,2024-01-23 13:19:00,480000,480400
002967,2019-10-28 13:10:00,510101,2024-08-12 08:34:00,510000,510100
002967,2021-07-30 00:00:00,460802,2025-10-15 10:57:00,460000,460800
002968,2019-11-01 13:32:00,430101,2021-03-03 15:31:00,430000,430100
002968,2021-07-30 00:00:00,430301,2025-01-24 16:29:00,430000,430300
002969,2019-11-14 08:58:00,360201,2019-11-20 10:44:00,360000,360200
002969,2021-07-30 00:00:00,360203,2021-07-31 16:18:00,360000,360200
002970,2019-11-29 09:37:00,270501,2021-02-02 10:24:00,270000,270500
002970,2021-02-03 00:00:00,710101,2021-02-03 11:27:00,710000,710100
002970,2021-07-30 00:00:00,710103,2026-02-24 11:45:00,710000,710100
002971,2019-12-05 11:38:00,220309,2020-01-09 09:25:00,220000,220300
002972,2019-12-12 13:30:00,640501,2020-01-09 09:26:00,640000,640500
002973,2019-12-23 09:12:00,410401,2020-01-09 09:27:00,410000,410400
002973,2021-07-30 00:00:00,760103,2025-10-15 10:57:00,760000,760100
002975,2020-01-22 17:02:00,640209,2020-04-09 13:53:00,640000,640200
002975,2021-07-30 00:00:00,640702,2025-10-15 10:57:00,640000,640700
002976,2020-02-26 11:29:00,270502,2020-04-09 13:54:00,270000,270500
002976,2021-07-30 00:00:00,270504,2021-07-31 16:18:00,270000,270500
002976,2022-07-01 00:00:00,280205,2022-07-01 17:22:00,280000,280200
002977,2020-03-10 08:52:00,650101,2020-08-10 09:20:00,650000,650100
002977,2021-07-30 00:00:00,650501,2025-10-15 10:57:00,650000,650500
002978,2020-03-15 20:43:00,210301,2020-04-09 13:56:00,210000,210300
002978,2021-07-30 00:00:00,240504,2025-01-08 14:36:00,240000,240500
002979,2020-03-25 08:45:00,630202,2021-07-05 09:27:00,630000,630200
002979,2021-07-30 00:00:00,640701,2025-10-15 10:57:00,640000,640700
002980,2020-03-30 08:43:00,640301,2020-04-09 13:53:00,640000,640300
002980,2021-07-30 00:00:00,630804,2025-10-15 10:57:00,630000,630800
002981,2020-04-02 14:32:00,270502,2020-04-09 13:54:00,270000,270500
002981,2021-07-30 00:00:00,270504,2023-04-25 09:31:00,270000,270500
002982,2020-04-08 09:07:00,110701,2020-07-02 11:38:00,110000,110700
002982,2021-07-30 00:00:00,110703,2025-01-24 16:29:00,110000,110700
002983,2020-04-13 08:53:00,270302,2020-05-18 11:01:00,270000,270300
002984,2020-08-29 11:05:00,220601,2021-04-23 15:21:00,220000,220600
002984,2021-07-30 00:00:00,280204,2025-09-26 17:00:00,280000,280200
002985,2020-04-13 08:53:00,650201,2020-05-18 10:58:00,650000,650200
002986,2020-04-27 08:38:00,220101,2020-05-18 11:01:00,220000,220100
002986,2021-07-30 00:00:00,750303,2023-09-01 11:13:00,750000,750300
002987,2020-04-16 16:23:00,710201,2020-05-18 10:58:00,710000,710200
002987,2021-07-30 00:00:00,710401,2021-07-31 16:18:00,710000,710400
002988,2020-05-05 19:51:00,240301,2020-05-18 11:00:00,240000,240300
002989,2020-05-05 19:51:00,620201,2020-05-18 11:02:00,620000,620200
002990,2020-05-13 18:44:00,710101,2020-05-18 10:58:00,710000,710100
002990,2021-07-30 00:00:00,710103,2021-07-31 16:18:00,710000,710100
002991,2020-07-21 08:25:00,340404,2020-12-24 13:32:00,340000,340400
002991,2021-07-30 00:00:00,340801,2025-09-11 10:52:00,340000,340800
002992,2020-07-21 08:25:00,270301,2020-08-17 10:48:00,270000,270300
002992,2022-07-29 00:00:00,270302,2023-04-25 09:31:00,270000,270300
002993,2020-07-27 08:35:00,270502,2020-08-17 10:48:00,270000,270500
002993,2021-07-30 00:00:00,270504,2023-11-18 22:01:00,270000,270500
002995,2020-07-22 13:43:00,720201,2020-08-17 11:02:00,720000,720200
002995,2021-07-30 00:00:00,720501,2025-10-15 10:57:00,720000,720500
002996,2020-08-14 14:55:00,240301,2020-08-17 10:59:00,240000,240300
002997,2020-08-21 23:01:00,280201,2020-09-08 13:09:00,280000,280200
002997,2021-07-30 00:00:00,280205,2025-01-08 14:36:00,280000,280200
002998,2020-08-21 23:01:00,220401,2020-09-08 13:05:00,220000,220400
002999,2020-08-21 23:01:00,220310,2020-09-08 13:05:00,220000,220300
002999,2021-07-30 00:00:00,220805,2021-07-31 16:18:00,220000,220800
003000,2020-08-31 09:43:00,340404,2020-09-08 13:07:00,340000,340400
003000,2021-07-30 00:00:00,340801,2025-01-06 17:44:00,340000,340800
003001,2020-08-31 09:43:00,620404,2020-09-08 13:11:00,620000,620400
003002,2020-09-04 10:01:00,220307,2020-09-08 13:05:00,220000,220300
003003,2020-09-04 10:04:00,360201,2020-09-08 13:07:00,360000,360200
003003,2021-07-30 00:00:00,360206,2021-07-31 16:18:00,360000,360200
003004,2020-11-21 09:37:00,710101,2020-12-31 09:52:00,710000,710100
003004,2021-07-30 00:00:00,710102,2021-07-31 16:18:00,710000,710100
003005,2020-09-05 20:48:00,710202,2020-09-08 13:10:00,710000,710200
003005,2021-07-30 00:00:00,710301,2021-07-31 16:18:00,710000,710300
003006,2020-09-04 10:03:00,360101,2021-03-03 15:32:00,360000,360100
003006,2021-07-30 00:00:00,770101,2023-06-28 18:51:00,770000,770100
003007,2020-09-14 08:36:00,710201,2020-09-25 15:06:00,710000,710200
003007,2021-07-30 00:00:00,710401,2021-07-31 16:18:00,710000,710400
003008,2020-09-14 08:37:00,510101,2020-09-30 09:59:00,510000,510100
003008,2021-07-30 00:00:00,460802,2022-10-11 14:52:00,460000,460800
003009,2020-09-09 13:55:00,650101,2020-09-25 15:09:00,650000,650100
003010,2020-09-14 08:37:00,720201,2021-01-04 10:13:00,720000,720200
003010,2021-07-30 00:00:00,450603,2026-01-26 16:15:00,450000,450600
003011,2020-09-21 19:14:00,360302,2021-02-02 10:24:00,360000,360300
003011,2021-07-30 00:00:00,360306,2021-07-31 16:18:00,360000,360300
003012,2020-09-24 09:01:00,610303,2021-03-03 15:31:00,610000,610300
003012,2021-07-30 00:00:00,360306,2025-01-24 17:36:00,360000,360300
003013,2020-09-30 13:26:00,620301,2020-11-02 15:27:00,620000,620300
003013,2021-07-30 00:00:00,620601,2021-07-31 16:18:00,620000,620600
003015,2020-09-30 13:26:00,270303,2020-11-02 15:25:00,270000,270300
003016,2020-10-16 16:00:00,350203,2021-05-21 13:24:00,350000,350200
003016,2021-07-30 00:00:00,350209,2025-01-24 16:29:00,350000,350200
003017,2020-10-16 16:00:00,220203,2020-11-02 15:24:00,220000,220200
003018,2020-10-26 19:16:00,360201,2020-11-02 15:26:00,360000,360200
003018,2021-07-30 00:00:00,360204,2026-06-18 15:45:00,360000,360200
003019,2020-10-29 15:23:00,270301,2020-11-02 15:25:00,270000,270300
003020,2020-11-10 10:05:00,370102,2021-07-20 13:04:00,370000,370100
003021,2020-11-25 14:39:00,630101,2021-06-02 09:58:00,630000,630100
003022,2020-11-25 14:39:00,220309,2020-12-31 09:50:00,220000,220300
003022,2021-07-30 00:00:00,630504,2025-10-15 10:57:00,630000,630500
003023,2020-12-01 13:53:00,330104,2020-12-31 09:55:00,330000,330100
003023,2021-07-30 00:00:00,330301,2021-07-31 16:18:00,330000,330300
003023,2024-07-30 12:45:00,330303,2024-07-30 12:45:00,330000,330300
003025,2020-12-01 13:53:00,640101,2021-06-05 15:11:00,640000,640100
003026,2020-12-05 11:13:00,270103,2020-12-31 09:49:00,270000,270100
003027,2020-12-05 11:13:00,410401,2020-12-31 09:56:00,410000,410400
003027,2021-07-30 00:00:00,760101,2025-10-15 10:57:00,760000,760100
003028,2020-12-14 14:42:00,270502,2020-12-31 09:49:00,270000,270500
003028,2021-07-30 00:00:00,270504,2023-04-25 09:31:00,270000,270500
003028,2024-07-30 12:45:00,330601,2025-01-08 14:36:00,330000,330600
003029,2020-12-14 14:42:00,710201,2020-12-31 09:52:00,710000,710200
003029,2021-07-30 00:00:00,710401,2021-07-31 16:18:00,710000,710400
003030,2020-12-23 10:22:00,340404,2020-12-31 09:54:00,340000,340400
003030,2021-07-30 00:00:00,110504,2021-07-31 16:18:00,110000,110500
003031,2020-12-23 10:22:00,730202,2024-08-12 08:35:00,730000,730200
003031,2021-07-30 00:00:00,730206,2026-06-01 14:47:00,730000,730200
003032,2021-01-03 09:07:00,720104,2021-01-12 12:03:00,720000,720100
003032,2021-07-30 00:00:00,461102,2022-05-10 15:08:00,460000,461100
003033,2021-01-03 09:07:00,280201,2021-01-15 09:21:00,280000,280200
003033,2021-07-30 00:00:00,280402,2025-01-08 14:36:00,280000,280400
003035,2021-01-08 14:28:00,410105,2021-03-03 15:31:00,410000,410100
003035,2021-07-30 00:00:00,410110,2025-10-15 10:57:00,410000,410100
003036,2021-02-04 11:20:00,640206,2021-03-04 13:03:00,640000,640200
003037,2021-01-25 09:12:00,610302,2021-03-04 13:13:00,610000,610300
003037,2022-07-29 00:00:00,610102,2023-12-07 10:03:00,610000,610100
003038,2021-01-29 22:07:00,240301,2021-03-04 13:15:00,240000,240300
003039,2021-02-19 15:23:00,410201,2021-03-04 13:15:00,410000,410200
003039,2021-07-30 00:00:00,760102,2025-10-15 10:57:00,760000,760100
003040,2021-03-05 19:18:00,730201,2021-04-12 13:50:00,730000,730200
003040,2021-07-30 00:00:00,730206,2026-06-01 14:47:00,730000,730200
003041,2021-03-20 10:42:00,350206,2021-04-12 13:56:00,350000,350200
003042,2021-03-20 10:42:00,220303,2021-04-12 13:49:00,220000,220300
003042,2021-07-30 00:00:00,220803,2021-07-31 16:18:00,220000,220800
003043,2021-03-29 22:18:00,640401,2021-04-12 13:48:00,640000,640400
003043,2021-07-30 00:00:00,270108,2023-04-25 09:31:00,270000,270100
003816,2019-08-08 10:34:00,410105,2021-03-03 15:31:00,410000,410100
003816,2021-07-30 00:00:00,410108,2025-10-15 10:57:00,410000,410100
300001,2009-10-22 00:00:00,260402,2015-10-27 15:29:00,260000,260400
300001,2014-02-21 00:00:00,630402,2024-09-27 12:41:00,630000,630400
300001,2021-07-30 00:00:00,630801,2025-10-15 10:57:00,630000,630800
300002,2009-10-22 00:00:00,470303,2015-10-27 15:29:00,470000,470300
300002,2011-10-10 00:00:00,470302,2015-10-27 15:29:00,470000,470300
300002,2014-02-21 00:00:00,710202,2024-09-27 12:41:00,710000,710200
300002,2021-07-30 00:00:00,720401,2026-04-02 13:26:00,720000,720400
300003,2009-01-22 00:00:00,370501,2015-10-27 15:29:00,370000,370500
300003,2021-07-30 00:00:00,370503,2021-07-31 16:18:00,370000,370500
300004,2009-10-22 00:00:00,260207,2015-10-27 15:29:00,260000,260200
300004,2014-02-21 00:00:00,640209,2024-09-27 12:41:00,640000,640200
300005,2009-10-22 00:00:00,350201,2015-10-27 15:29:00,350000,350200
300005,2011-10-10 00:00:00,350207,2015-10-27 15:29:00,350000,350200
300005,2021-07-30 00:00:00,350208,2026-01-26 16:15:00,350000,350200
300006,2009-01-22 00:00:00,370102,2015-10-27 15:29:00,370000,370100
300007,2009-10-22 00:00:00,260301,2015-10-27 15:29:00,260000,260300
300007,2014-02-21 00:00:00,640301,2024-09-27 12:41:00,640000,640300
300007,2021-07-30 00:00:00,640107,2025-10-15 10:57:00,640000,640100
300008,2009-10-22 00:00:00,310305,2015-10-27 15:29:00,310000,310300
300008,2014-02-21 00:00:00,650401,2024-09-27 12:41:00,650000,650400
300009,2009-01-22 00:00:00,370301,2015-10-27 15:28:00,370000,370300
300009,2021-07-30 00:00:00,370304,2021-07-31 16:18:00,370000,370300
300010,2009-10-22 00:00:00,470303,2015-10-27 15:29:00,470000,470300
300010,2014-02-21 00:00:00,710202,2024-09-27 12:41:00,710000,710200
300010,2021-07-30 00:00:00,461102,2021-07-31 16:18:00,460000,461100
300010,2022-07-29 00:00:00,461103,2024-04-01 15:29:00,460000,461100
300011,2009-10-12 00:00:00,260402,2015-10-27 15:28:00,260000,260400
300011,2014-02-21 00:00:00,630305,2024-09-27 12:41:00,630000,630300
300011,2021-07-30 00:00:00,640501,2025-10-15 10:57:00,640000,640500
300012,2009-01-12 00:00:00,510101,2015-10-27 15:29:00,510000,510100
300012,2021-07-30 00:00:00,460802,2025-10-15 10:57:00,460000,460800
300013,2009-01-12 00:00:00,420801,2015-10-27 15:29:00,420000,420800
300013,2021-07-30 00:00:00,420803,2025-10-15 10:57:00,420000,420800
300014,2009-01-12 00:00:00,270401,2015-10-27 15:29:00,270000,270400
300014,2020-07-24 00:00:00,630305,2021-06-26 16:43:00,630000,630300
300014,2021-07-30 00:00:00,630701,2025-10-15 10:57:00,630000,630700
300015,2009-01-12 00:00:00,370601,2015-10-27 15:28:00,370000,370600
300015,2021-07-30 00:00:00,370604,2021-07-31 16:18:00,370000,370600
300016,2009-01-12 00:00:00,370102,2015-10-27 15:28:00,370000,370100
300017,2009-10-12 00:00:00,470303,2015-10-27 15:29:00,470000,470300
300017,2011-10-10 00:00:00,470201,2015-10-27 15:29:00,470000,470200
300017,2013-07-01 00:00:00,320104,2015-10-27 15:29:00,320000,320100
300017,2014-02-21 00:00:00,730203,2024-09-27 12:41:00,730000,730200
300017,2021-07-30 00:00:00,710301,2026-06-01 14:47:00,710000,710300
300018,2009-10-12 00:00:00,260402,2015-10-27 15:29:00,260000,260400
300018,2014-02-21 00:00:00,630201,2024-09-27 12:41:00,630000,630200
300018,2021-07-30 00:00:00,630803,2025-10-15 10:57:00,630000,630800
300019,2009-10-30 00:00:00,220701,2015-10-27 15:28:00,220000,220700
300019,2014-01-01 00:00:00,220309,2015-10-27 15:28:00,220000,220300
300019,2021-07-30 00:00:00,220316,2021-07-31 16:18:00,220000,220300
300020,2009-10-16 00:00:00,470302,2015-10-27 15:29:00,470000,470300
300020,2014-02-21 00:00:00,710202,2024-09-27 12:41:00,710000,710200
300020,2021-07-30 00:00:00,710301,2021-07-31 16:18:00,710000,710300
300021,2009-01-12 00:00:00,110601,2015-10-27 15:28:00,110000,110600
300021,2021-07-30 00:00:00,110901,2024-05-27 10:52:00,110000,110900
300022,2009-10-16 00:00:00,450102,2015-10-27 15:29:00,450000,450100
300022,2014-02-21 00:00:00,450401,2024-09-27 12:41:00,450000,450400
300023,2009-10-16 00:00:00,260205,2015-10-27 15:28:00,260000,260200
300023,2014-02-21 00:00:00,640203,2024-09-27 12:41:00,640000,640200
300023,2017-07-09 01:32:00,490301,2021-03-03 15:36:00,490000,490300
300023,2021-07-30 00:00:00,490302,2021-07-31 16:18:00,490000,490300
300024,2009-10-16 00:00:00,260106,2015-10-27 15:29:00,260000,260100
300024,2014-02-21 00:00:00,640106,2024-09-27 12:41:00,640000,640100
300024,2021-07-30 00:00:00,640701,2025-10-15 10:57:00,640000,640700
300025,2009-10-14 00:00:00,320104,2015-10-27 15:29:00,320000,320100
300025,2014-02-21 00:00:00,730203,2024-09-27 12:41:00,730000,730200
300025,2021-07-30 00:00:00,730103,2026-06-01 14:47:00,730000,730100
300026,2009-01-16 00:00:00,370102,2015-10-27 15:29:00,370000,370100
300026,2017-06-29 00:00:00,370201,2020-12-04 14:32:00,370000,370200
300027,2009-10-16 00:00:00,470402,2015-10-27 15:29:00,470000,470400
300027,2014-02-21 00:00:00,720102,2024-09-27 12:41:00,720000,720100
300027,2021-07-30 00:00:00,720601,2025-10-15 10:57:00,720000,720600
300028,2009-10-16 00:00:00,470303,2015-10-27 15:29:00,470000,470300
300028,2011-10-10 00:00:00,320102,2015-10-27 15:29:00,320000,320100
300028,2014-02-21 00:00:00,730201,2024-09-27 12:41:00,730000,730200
300029,2009-12-10 00:00:00,260207,2015-10-27 15:29:00,260000,260200
300029,2011-10-10 00:00:00,260403,2015-10-27 15:29:00,260000,260400
300029,2014-02-21 00:00:00,630303,2024-09-27 12:41:00,630000,630300
300029,2021-07-30 00:00:00,630505,2022-07-11 13:29:00,630000,630500
300029,2022-07-29 00:00:00,620404,2022-07-29 11:54:00,620000,620400
300030,2009-01-10 00:00:00,370501,2015-10-27 15:29:00,370000,370500
300030,2021-07-30 00:00:00,370502,2021-07-31 16:18:00,370000,370500
300031,2009-01-10 00:00:00,220602,2015-10-27 15:28:00,220000,220600
300031,2017-06-29 00:00:00,720302,2020-03-06 13:55:00,720000,720300
300031,2021-07-30 00:00:00,720401,2025-10-15 10:57:00,720000,720400
300032,2009-12-10 00:00:00,260401,2015-10-27 15:29:00,260000,260400
300032,2014-01-01 00:07:00,270301,2015-11-05 14:02:00,270000,270300
300032,2014-02-21 00:00:00,630101,2024-09-27 12:41:00,630000,630100
300032,2014-07-01 00:00:00,270301,2019-08-09 15:38:00,270000,270300
300032,2021-07-30 00:00:00,270504,2023-04-25 09:31:00,270000,270500
300033,2009-12-10 00:00:00,470303,2015-10-27 15:29:00,470000,470300
300033,2011-10-10 00:00:00,470302,2015-10-27 15:29:00,470000,470300
300033,2014-02-21 00:00:00,710201,2024-09-27 12:41:00,710000,710200
300033,2021-07-30 00:00:00,710401,2021-07-31 16:18:00,710000,710400
300034,2009-12-10 00:00:00,260102,2024-08-12 08:36:00,260000,260100
300034,2014-02-21 00:00:00,640102,2024-09-27 12:41:00,640000,640100
300034,2017-06-29 00:00:00,650101,2024-08-12 08:36:00,650000,650100
300034,2021-07-30 00:00:00,650201,2025-10-21 15:46:00,650000,650200
300035,2009-12-10 00:00:00,260207,2015-10-27 15:29:00,260000,260200
300035,2014-02-21 00:00:00,640209,2024-09-27 12:41:00,640000,640200
300035,2019-07-24 00:00:00,220309,2019-08-09 15:39:00,220000,220300
300035,2021-07-30 00:00:00,630702,2025-10-15 10:57:00,630000,630700
300036,2009-12-10 00:00:00,470302,2015-10-27 15:28:00,470000,470300
300036,2014-02-21 00:00:00,710201,2024-09-27 12:41:00,710000,710200
300036,2021-07-30 00:00:00,710402,2026-02-26 16:27:00,710000,710400
300037,2009-12-26 00:00:00,220701,2015-10-27 15:29:00,220000,220700
300037,2014-01-01 00:00:00,220309,2015-10-27 15:29:00,220000,220300
300037,2021-07-30 00:00:00,630702,2024-01-19 09:02:00,630000,630700
300038,2009-12-26 00:00:00,320103,2015-10-27 15:29:00,320000,320100
300038,2014-02-21 00:00:00,730202,2024-09-27 12:41:00,730000,730200
300038,2018-07-13 00:00:00,720201,2020-02-24 23:01:00,720000,720200
300038,2021-07-30 00:00:00,720501,2021-07-31 16:18:00,720000,720500
300039,2009-01-25 00:00:00,370201,2015-10-27 15:29:00,370000,370200
300040,2009-12-25 00:00:00,260402,2015-10-27 15:29:00,260000,260400
300040,2014-02-21 00:00:00,630202,2024-09-27 12:41:00,630000,630200
300040,2021-07-30 00:00:00,630803,2022-10-11 14:52:00,630000,630800
300040,2024-07-30 12:45:00,410110,2025-10-15 10:57:00,410000,410100
300041,2009-12-25 00:00:00,220701,2015-10-27 15:29:00,220000,220700
300041,2014-01-01 00:00:00,220309,2021-04-09 12:13:00,220000,220300
300041,2021-07-30 00:00:00,220316,2021-07-31 16:18:00,220000,220300
300042,2009-12-20 00:00:00,320201,2015-10-27 15:29:00,320000,320200
300042,2014-02-21 00:00:00,710101,2024-09-27 12:41:00,710000,710100
300042,2021-07-30 00:00:00,710103,2021-07-31 16:18:00,710000,710100
300043,2010-01-05 00:00:00,360301,2015-10-27 15:29:00,360000,360300
300043,2011-10-10 00:00:00,360305,2015-10-27 15:29:00,360000,360300
300043,2014-02-21 00:00:00,720302,2024-09-27 12:41:00,720000,720300
300043,2021-07-30 00:00:00,720401,2025-10-15 10:57:00,720000,720400
300044,2009-12-29 00:00:00,470303,2015-10-27 15:29:00,470000,470300
300044,2011-10-10 00:00:00,470302,2015-10-27 15:29:00,470000,470300
300044,2014-02-21 00:00:00,710202,2024-09-27 12:41:00,710000,710200
300044,2021-07-30 00:00:00,710301,2021-07-31 16:18:00,710000,710300
300045,2009-12-29 00:00:00,470303,2024-07-04 08:55:00,470000,470300
300045,2011-10-10 00:00:00,320201,2024-07-04 08:55:00,320000,320200
300045,2014-02-21 00:00:00,710101,2024-09-27 12:41:00,710000,710100
300045,2021-07-30 00:00:00,650501,2025-10-15 10:57:00,650000,650500
300046,2010-01-05 00:00:00,270103,2015-10-27 15:29:00,270000,270100
300046,2011-01-10 00:00:00,270102,2015-10-27 15:29:00,270000,270100
300047,2009-12-29 00:00:00,470303,2015-10-27 15:29:00,470000,470300
300047,2014-02-21 00:00:00,710201,2024-09-27 12:41:00,710000,710200
300047,2021-07-30 00:00:00,710401,2021-07-31 16:18:00,710000,710400
300048,2010-01-05 00:00:00,260402,2015-10-27 15:29:00,260000,260400
300048,2014-02-21 00:00:00,630202,2024-09-27 12:41:00,630000,630200
300048,2021-07-30 00:00:00,640702,2025-10-15 10:57:00,640000,640700
300049,2010-01-05 00:00:00,370201,2015-10-27 15:28:00,370000,370200
300049,2018-07-13 00:00:00,370501,2020-12-04 14:32:00,370000,370500
300049,2021-07-30 00:00:00,370502,2025-09-28 10:23:00,370000,370500
300050,2010-01-05 00:00:00,320104,2015-10-27 15:29:00,320000,320100
300050,2014-02-21 00:00:00,730203,2024-09-27 12:41:00,730000,730200
300050,2021-07-30 00:00:00,730103,2026-06-01 14:47:00,730000,730100
300050,2026-07-01 10:24:00,461102,2026-07-01 10:24:00,460000,461100
300051,2010-02-03 00:00:00,470303,2015-10-27 15:29:00,470000,470300
300051,2011-10-10 00:00:00,470302,2015-10-27 15:29:00,470000,470300
300051,2014-02-21 00:00:00,710202,2024-09-27 12:41:00,710000,710200
300051,2017-06-29 00:00:00,720301,2019-08-09 15:38:00,720000,720300
300051,2021-07-30 00:00:00,720401,2021-07-31 16:18:00,720000,720400
300051,2024-04-08 00:00:00,630502,2025-10-15 10:57:00,630000,630500
300052,2010-02-03 00:00:00,470203,2015-10-27 15:29:00,470000,470200
300052,2011-10-10 00:00:00,470201,2015-10-27 15:29:00,470000,470200
300052,2014-02-21 00:00:00,720301,2024-09-27 12:41:00,720000,720300
300052,2021-07-30 00:00:00,720401,2025-10-15 10:57:00,720000,720400
300053,2010-01-03 00:00:00,270101,2015-10-27 15:29:00,270000,270100
300053,2021-07-30 00:00:00,270104,2021-07-31 16:18:00,270000,270100
300053,2022-07-29 00:00:00,730103,2023-04-25 09:31:00,730000,730100
300053,2024-07-30 12:45:00,270104,2025-01-08 14:36:00,270000,270100
300054,2010-02-03 00:00:00,220701,2015-10-27 15:28:00,220000,220700
300054,2014-01-01 00:00:00,220309,2015-10-27 15:28:00,220000,220300
300054,2021-07-30 00:00:00,270601,2024-01-19 09:01:00,270000,270600
300055,2010-02-09 00:00:00,410201,2015-10-27 15:29:00,410000,410200
300055,2013-01-01 00:00:00,410401,2015-10-27 15:29:00,410000,410400
300055,2021-07-30 00:00:00,760102,2021-07-31 16:18:00,760000,760100
300055,2024-07-30 12:45:00,750303,2025-01-08 14:36:00,750000,750300
300056,2010-01-08 00:00:00,410401,2015-10-27 15:29:00,410000,410400
300056,2021-07-30 00:00:00,760101,2025-10-15 10:57:00,760000,760100
300057,2010-01-08 00:00:00,360201,2015-10-27 15:29:00,360000,360200
300057,2021-07-30 00:00:00,240301,2025-01-08 14:36:00,240000,240300
300058,2010-02-03 00:00:00,470203,2015-10-27 15:29:00,470000,470200
300058,2011-10-10 00:00:00,470403,2015-10-27 15:29:00,470000,470400
300058,2014-02-21 00:00:00,720201,2024-09-27 12:41:00,720000,720200
300058,2021-07-30 00:00:00,720501,2025-10-15 10:57:00,720000,720500
300059,2010-03-10 00:00:00,470303,2015-10-27 15:28:00,470000,470300
300059,2011-10-10 00:00:00,470201,2015-10-27 15:28:00,470000,470200
300059,2014-02-21 00:00:00,720301,2024-09-27 12:41:00,720000,720300
300059,2020-07-23 00:00:00,490101,2021-03-03 15:32:00,490000,490100
300061,2010-03-10 00:00:00,360301,2015-10-27 15:29:00,360000,360300
300061,2011-01-10 00:00:00,360303,2015-10-27 15:29:00,360000,360300
300061,2018-07-13 00:00:00,720201,2019-08-09 15:38:00,720000,720200
300061,2021-07-30 00:00:00,720501,2025-10-15 10:57:00,720000,720500
300062,2010-03-10 00:00:00,260404,2015-10-27 15:29:00,260000,260400
300062,2014-02-21 00:00:00,630402,2024-09-27 12:41:00,630000,630400
300062,2021-07-30 00:00:00,630801,2025-10-15 10:57:00,630000,630800
300063,2010-01-18 00:00:00,220305,2015-10-27 15:29:00,220000,220300
300063,2018-06-19 16:10:00,720201,2019-08-09 15:38:00,720000,720200
300063,2021-07-30 00:00:00,720501,2025-10-15 10:57:00,720000,720500
300064,2010-03-18 00:00:00,260103,2015-10-27 15:29:00,260000,260100
300064,2014-02-21 00:00:00,640103,2024-09-27 12:41:00,640000,640100
300065,2010-03-19 00:00:00,320201,2015-10-27 15:28:00,320000,320200
300065,2014-02-21 00:00:00,710101,2024-09-27 12:41:00,710000,710100
300065,2019-07-24 00:00:00,650401,2021-03-04 13:26:00,650000,650400
300066,2010-03-18 00:00:00,260301,2015-10-27 15:29:00,260000,260300
300066,2014-02-21 00:00:00,640301,2024-09-27 12:41:00,640000,640300
300066,2021-07-30 00:00:00,640107,2025-10-15 10:57:00,640000,640100
300067,2010-01-09 00:00:00,220308,2015-10-27 15:28:00,220000,220300
300068,2010-04-09 00:00:00,260403,2015-10-27 15:29:00,260000,260400
300068,2014-02-21 00:00:00,630305,2024-09-27 12:41:00,630000,630300
300068,2021-07-30 00:00:00,630705,2025-10-15 10:57:00,630000,630700
300069,2010-04-09 00:00:00,260404,2015-10-27 15:29:00,260000,260400
300069,2014-02-21 00:00:00,630404,2024-09-27 12:41:00,630000,630400
300069,2021-07-30 00:00:00,630805,2025-10-15 10:57:00,630000,630800
300070,2010-04-12 00:00:00,410201,2015-10-27 15:28:00,410000,410200
300070,2013-01-01 00:00:00,410401,2015-10-27 15:28:00,410000,410400
300070,2021-07-30 00:00:00,760102,2025-10-15 10:57:00,760000,760100
300071,2010-04-12 00:00:00,470203,2015-10-27 15:29:00,470000,470200
300071,2011-10-10 00:00:00,470403,2015-10-27 15:29:00,470000,470400
300071,2014-02-21 00:00:00,720201,2024-09-27 12:41:00,720000,720200
300071,2021-07-30 00:00:00,720501,2025-10-15 10:57:00,720000,720500
300072,2010-01-16 00:00:00,220309,2015-10-27 15:29:00,220000,220300
300072,2017-06-29 00:00:00,410401,2018-06-20 15:07:00,410000,410400
300072,2019-07-24 00:00:00,220309,2019-08-09 15:39:00,220000,220300
300072,2021-07-30 00:00:00,760101,2021-07-31 16:18:00,760000,760100
300072,2023-08-21 00:00:00,220309,2023-08-21 11:01:00,220000,220300
300073,2010-04-16 00:00:00,220701,2015-10-27 15:28:00,220000,220700
300073,2014-01-01 00:00:00,220309,2015-10-27 15:28:00,220000,220300
300073,2021-07-30 00:00:00,630702,2025-10-15 10:57:00,630000,630700
300074,2010-04-16 00:00:00,470303,2015-10-27 15:29:00,470000,470300
300074,2011-10-10 00:00:00,470302,2015-10-27 15:29:00,470000,470300
300074,2014-02-21 00:00:00,710201,2024-09-27 12:41:00,710000,710200
300074,2021-07-30 00:00:00,710401,2021-07-31 16:18:00,710000,710400
300075,2010-04-17 00:00:00,470302,2015-10-27 15:29:00,470000,470300
300075,2014-02-21 00:00:00,710201,2024-09-27 12:41:00,710000,710200
300075,2021-07-30 00:00:00,710401,2021-07-31 16:18:00,710000,710400
300076,2010-01-22 00:00:00,270301,2015-10-27 15:28:00,270000,270300
300077,2010-01-22 00:00:00,270101,2015-10-27 15:28:00,270000,270100
300077,2021-07-30 00:00:00,270104,2023-04-25 09:31:00,270000,270100
300078,2010-04-22 00:00:00,320101,2015-10-27 15:29:00,320000,320100
300078,2011-01-10 00:00:00,270401,2017-05-20 01:33:00,270000,270400
300078,2020-09-07 00:00:00,710202,2021-03-03 15:18:00,710000,710200
300078,2021-07-30 00:00:00,710301,2021-07-31 16:18:00,710000,710300
300079,2010-04-22 00:00:00,470303,2015-10-27 15:29:00,470000,470300
300079,2014-02-21 00:00:00,710202,2024-09-27 12:41:00,710000,710200
300079,2021-07-30 00:00:00,710301,2021-07-31 16:18:00,710000,710300
300080,2010-05-06 00:00:00,260103,2015-10-27 15:29:00,260000,260100
300080,2014-02-21 00:00:00,640103,2024-09-27 12:41:00,640000,640100
300080,2023-07-04 00:00:00,630502,2025-10-15 10:57:00,630000,630500
300081,2010-05-07 00:00:00,320104,2015-10-27 15:29:00,320000,320100
300081,2014-02-21 00:00:00,730203,2024-09-27 12:41:00,730000,730200
300081,2021-07-30 00:00:00,730104,2026-06-01 14:47:00,730000,730100
300082,2010-05-06 00:00:00,220701,2015-10-27 15:28:00,220000,220700
300082,2014-01-01 00:00:00,220309,2015-10-27 15:28:00,220000,220300
300082,2021-07-30 00:00:00,220204,2021-07-31 16:18:00,220000,220200
300083,2010-05-12 00:00:00,270401,2015-10-27 15:29:00,270000,270400
300083,2011-10-10 00:00:00,270502,2015-10-27 15:29:00,270000,270500
300083,2021-07-30 00:00:00,640702,2025-10-15 10:57:00,640000,640700
300084,2010-05-06 00:00:00,250201,2015-10-27 15:28:00,250000,250200
300084,2011-10-10 00:00:00,210401,2015-10-27 15:28:00,210000,210400
300084,2015-07-01 00:00:00,640203,2019-08-09 15:39:00,640000,640200
300085,2010-05-12 00:00:00,470303,2015-10-27 15:29:00,470000,470300
300085,2011-10-10 00:00:00,470302,2015-10-27 15:29:00,470000,470300
300085,2014-02-21 00:00:00,710201,2024-09-27 12:41:00,710000,710200
300085,2021-07-30 00:00:00,710401,2021-07-31 16:18:00,710000,710400
300086,2010-01-12 00:00:00,370102,2015-10-27 15:29:00,370000,370100
300087,2010-01-12 00:00:00,110101,2015-10-27 15:29:00,110000,110100
300088,2010-01-25 00:00:00,270301,2015-10-27 15:28:00,270000,270300
300089,2010-01-07 00:00:00,360303,2015-10-27 15:29:00,360000,360300
300089,2019-07-24 00:00:00,720104,2019-08-09 15:38:00,720000,720100
300089,2021-07-30 00:00:00,461102,2021-07-31 16:18:00,460000,461100
300090,2010-06-09 00:00:00,260106,2015-10-27 15:29:00,260000,260100
300090,2013-01-01 00:00:00,410401,2015-10-27 15:29:00,410000,410400
300091,2010-06-09 00:00:00,260106,2015-10-27 15:29:00,260000,260100
300091,2014-02-21 00:00:00,640106,2024-09-27 12:41:00,640000,640100
300092,2010-06-29 00:00:00,260102,2015-10-27 15:29:00,260000,260100
300092,2014-02-21 00:00:00,640102,2024-09-27 12:41:00,640000,640100
300092,2021-07-30 00:00:00,640108,2021-12-01 10:37:00,640000,640100
300092,2024-07-30 12:45:00,640203,2025-10-15 10:57:00,640000,640200
300093,2010-07-07 00:00:00,250101,2015-10-27 15:29:00,250000,250100
300093,2014-02-21 00:00:00,610201,2024-09-27 12:41:00,610000,610200
300093,2024-07-30 12:45:00,630502,2025-10-15 10:57:00,630000,630500
300094,2010-01-29 00:00:00,110202,2015-10-27 15:28:00,110000,110200
300095,2010-07-27 00:00:00,260106,2015-10-27 15:29:00,260000,260100
300095,2014-02-21 00:00:00,640106,2024-09-27 12:41:00,640000,640100
300095,2017-06-29 00:00:00,640102,2019-08-09 15:39:00,640000,640100
300095,2021-07-30 00:00:00,640108,2021-08-02 13:24:00,640000,640100
300095,2022-07-29 00:00:00,640203,2025-10-15 10:57:00,640000,640200
300096,2010-07-22 00:00:00,470303,2015-10-27 15:29:00,470000,470300
300096,2011-10-10 00:00:00,470302,2015-10-27 15:29:00,470000,470300
300096,2014-02-21 00:00:00,710202,2024-09-27 12:41:00,710000,710200
300096,2021-07-30 00:00:00,710301,2021-07-31 16:18:00,710000,710300
300097,2010-07-27 00:00:00,260106,2015-10-27 15:29:00,260000,260100
300097,2014-02-21 00:00:00,640106,2024-09-27 12:41:00,640000,640100
300097,2019-07-24 00:00:00,640209,2019-08-09 15:39:00,640000,640200
300097,2021-07-30 00:00:00,640704,2025-10-15 10:57:00,640000,640700
300098,2010-07-22 00:00:00,320103,2015-10-27 15:28:00,320000,320100
300098,2011-10-10 00:00:00,320104,2015-10-27 15:28:00,320000,320100
300098,2014-02-21 00:00:00,730203,2024-09-27 12:41:00,730000,730200
300098,2021-07-30 00:00:00,710401,2021-07-31 16:18:00,710000,710400
300098,2024-07-30 12:45:00,730204,2026-06-01 14:47:00,730000,730200
300099,2010-08-05 00:00:00,260205,2015-10-27 15:29:00,260000,260200
300099,2014-02-21 00:00:00,640203,2024-09-27 12:41:00,640000,640200
300100,2010-07-27 00:00:00,310201,2015-10-27 15:29:00,310000,310200
300100,2014-02-21 00:00:00,280201,2024-09-27 12:41:00,280000,280200
300100,2021-07-30 00:00:00,280202,2025-01-08 14:36:00,280000,280200
300101,2010-07-28 00:00:00,310304,2024-07-01 19:23:00,310000,310300
300101,2014-02-21 00:00:00,650101,2024-09-27 12:41:00,650000,650100
300101,2021-07-30 00:00:00,650501,2025-10-15 10:57:00,650000,650500
300102,2010-08-09 00:00:00,270102,2024-08-12 08:36:00,270000,270100
300102,2011-10-10 00:00:00,270302,2024-08-12 08:36:00,270000,270300
300103,2010-08-12 00:00:00,260207,2015-10-27 15:28:00,260000,260200
300103,2014-02-21 00:00:00,640209,2024-09-27 12:41:00,640000,640200
300104,2010-08-09 00:00:00,470202,2015-10-27 15:29:00,470000,470200
300104,2011-10-10 00:00:00,470201,2015-10-27 15:29:00,470000,470200
300104,2014-02-21 00:00:00,720301,2024-09-27 12:41:00,720000,720300
300105,2010-08-18 00:00:00,260405,2015-10-27 15:29:00,260000,260400
300105,2014-02-21 00:00:00,630304,2024-09-27 12:41:00,630000,630300
300105,2025-05-09 11:32:00,760201,2025-10-15 10:57:00,760000,760200
300106,2010-08-09 00:00:00,110601,2015-10-27 15:29:00,110000,110600
300106,2011-10-10 00:00:00,110701,2019-08-09 15:39:00,110000,110700
300106,2021-07-30 00:00:00,340702,2024-05-27 10:52:00,340000,340700
300107,2010-01-09 00:00:00,220309,2015-10-27 15:29:00,220000,220300
300107,2021-07-30 00:00:00,220308,2021-07-31 16:18:00,220000,220300
300108,2010-08-09 00:00:00,220309,2015-10-27 15:29:00,220000,220300
300108,2011-10-10 00:00:00,220603,2015-10-27 15:29:00,220000,220600
300108,2017-06-29 00:00:00,370201,2020-12-04 14:32:00,370000,370200
300109,2010-01-09 00:00:00,220309,2015-10-27 15:29:00,220000,220300
300110,2010-01-10 00:00:00,370102,2015-10-27 15:29:00,370000,370100
300111,2010-08-16 00:00:00,270103,2015-10-27 15:29:00,270000,270100
300111,2011-10-10 00:00:00,260403,2015-10-27 15:29:00,260000,260400
300111,2014-02-21 00:00:00,630303,2024-09-27 12:41:00,630000,630300
300111,2021-07-30 00:00:00,630502,2022-07-11 13:29:00,630000,630500
300111,2022-07-29 00:00:00,370102,2022-07-29 11:54:00,370000,370100
300112,2010-08-10 00:00:00,260301,2015-10-27 15:29:00,260000,260300
300112,2014-02-21 00:00:00,640301,2024-09-27 12:41:00,640000,640300
300112,2021-07-30 00:00:00,640107,2025-10-15 10:57:00,640000,640100
300113,2010-08-09 00:00:00,470201,2015-10-27 15:29:00,470000,470200
300113,2014-02-21 00:00:00,720301,2024-09-27 12:41:00,720000,720300
300113,2021-07-30 00:00:00,720401,2025-10-15 10:57:00,720000,720400
300114,2010-08-10 00:00:00,260301,2015-10-27 15:29:00,260000,260300
300114,2014-02-21 00:00:00,640301,2024-09-27 12:41:00,640000,640300
300114,2021-07-30 00:00:00,650501,2025-01-24 17:33:00,650000,650500
300115,2010-09-01 00:00:00,270201,2015-10-27 15:28:00,270000,270200
300115,2011-10-10 00:00:00,270502,2015-10-27 15:28:00,270000,270500
300115,2021-07-30 00:00:00,270504,2023-04-25 09:31:00,270000,270500
300116,2010-09-01 00:00:00,220309,2015-10-27 15:29:00,220000,220300
300116,2013-07-01 00:00:00,260208,2015-10-27 15:29:00,260000,260200
300116,2014-02-21 00:00:00,640204,2024-09-27 12:41:00,640000,640200
300116,2017-06-29 00:00:00,270401,2018-06-20 15:07:00,270000,270400
300116,2018-07-13 00:00:00,630305,2020-12-04 14:32:00,630000,630300
300116,2021-07-30 00:00:00,630701,2022-07-11 13:29:00,630000,630700
300117,2010-08-17 00:00:00,250104,2015-10-27 15:29:00,250000,250100
300117,2014-02-21 00:00:00,610303,2024-09-27 12:41:00,610000,610300
300117,2021-07-30 00:00:00,620404,2023-12-07 10:03:00,620000,620400
300118,2010-08-18 00:00:00,260403,2015-10-27 15:28:00,260000,260400
300118,2014-02-21 00:00:00,630303,2024-09-27 12:41:00,630000,630300
300118,2021-07-30 00:00:00,630502,2025-12-11 07:09:00,630000,630500
300119,2010-09-06 00:00:00,370301,2015-10-27 15:29:00,370000,370300
300119,2011-10-10 00:00:00,110801,2020-03-06 13:55:00,110000,110800
300120,2010-09-10 00:00:00,260404,2015-10-27 15:29:00,260000,260400
300120,2014-02-21 00:00:00,630404,2024-09-27 12:41:00,630000,630400
300120,2019-07-24 00:00:00,270301,2019-08-09 15:38:00,270000,270300
300121,2010-01-16 00:00:00,220602,2015-10-27 15:29:00,220000,220600
300121,2021-07-30 00:00:00,220604,2025-01-24 16:29:00,220000,220600
300122,2010-01-25 00:00:00,370301,2015-10-27 15:29:00,370000,370300
300122,2021-07-30 00:00:00,370303,2021-07-31 16:18:00,370000,370300
300123,2010-09-17 00:00:00,310305,2015-10-27 15:29:00,310000,310300
300123,2014-02-21 00:00:00,650401,2024-09-27 12:41:00,650000,650400
300123,2019-07-24 00:00:00,650101,2021-06-24 09:36:00,650000,650100
300123,2021-07-30 00:00:00,650501,2025-10-15 10:57:00,650000,650500
300124,2010-09-08 00:00:00,260404,2015-10-27 15:29:00,260000,260400
300124,2011-10-10 00:00:00,260402,2015-10-27 15:29:00,260000,260400
300124,2014-02-21 00:00:00,630202,2024-09-27 12:41:00,630000,630200
300124,2021-07-30 00:00:00,640702,2025-10-15 10:57:00,640000,640700
300125,2010-01-20 00:00:00,410401,2015-10-27 15:29:00,410000,410400
300125,2018-07-13 00:00:00,410105,2019-08-09 15:38:00,410000,410100
300125,2021-07-30 00:00:00,410106,2025-10-15 10:57:00,410000,410100
300126,2010-09-20 00:00:00,260106,2015-10-27 15:29:00,260000,260100
300126,2014-02-21 00:00:00,640106,2024-09-27 12:41:00,640000,640100
300127,2010-01-30 00:00:00,240202,2015-10-27 15:29:00,240000,240200
300128,2010-01-20 00:00:00,270301,2015-10-27 15:29:00,270000,270300
300128,2024-07-30 12:45:00,630703,2025-10-15 10:57:00,630000,630700
300128,2026-07-01 10:24:00,270504,2026-07-01 10:24:00,270000,270500
300129,2010-10-08 00:00:00,260403,2015-10-27 15:29:00,260000,260400
300129,2014-02-21 00:00:00,630302,2024-09-27 12:41:00,630000,630300
300129,2021-07-30 00:00:00,630602,2025-10-15 10:57:00,630000,630600
300130,2010-10-08 00:00:00,320201,2015-10-27 15:29:00,320000,320200
300130,2014-02-21 00:00:00,710101,2024-09-27 12:41:00,710000,710100
300130,2021-07-30 00:00:00,710103,2025-02-07 10:19:00,710000,710100
300131,2010-10-08 00:00:00,270201,2015-10-27 15:29:00,270000,270200
300131,2011-10-10 00:00:00,270502,2015-10-27 15:29:00,270000,270500
300131,2021-07-30 00:00:00,270504,2021-07-31 16:18:00,270000,270500
300131,2022-07-29 00:00:00,270401,2023-04-25 09:31:00,270000,270400
300132,2010-01-12 00:00:00,220309,2015-10-27 15:29:00,220000,220300
300132,2021-07-30 00:00:00,770201,2024-01-26 14:59:00,770000,770200
300133,2010-10-12 00:00:00,470402,2015-10-27 15:29:00,470000,470400
300133,2014-02-21 00:00:00,720102,2024-09-27 12:41:00,720000,720100
300133,2021-07-30 00:00:00,720601,2025-10-15 10:57:00,720000,720600
300134,2010-10-12 00:00:00,320103,2015-10-27 15:28:00,320000,320100
300134,2014-02-21 00:00:00,730202,2024-09-27 12:41:00,730000,730200
300134,2021-07-30 00:00:00,730204,2026-06-01 14:47:00,730000,730200
300135,2010-01-12 00:00:00,220101,2015-10-27 15:28:00,220000,220100
300135,2021-07-30 00:00:00,750303,2021-07-31 16:18:00,750000,750300
300136,2010-10-25 00:00:00,320102,2015-10-27 15:29:00,320000,320100
300136,2014-02-21 00:00:00,730201,2024-09-27 12:41:00,730000,730200
300136,2014-07-01 00:00:00,270502,2015-10-27 15:29:00,270000,270500
300136,2021-07-30 00:00:00,270504,2023-04-25 09:31:00,270000,270500
300137,2010-10-25 00:00:00,260301,2015-10-27 15:29:00,260000,260300
300137,2014-02-21 00:00:00,640301,2024-09-27 12:41:00,640000,640300
300137,2015-07-01 00:00:00,410401,2021-03-03 15:18:00,410000,410400
300137,2021-07-30 00:00:00,760201,2025-10-15 10:57:00,760000,760200
300138,2010-10-25 00:00:00,340201,2015-10-27 15:28:00,340000,340200
300138,2011-10-10 00:00:00,110504,2015-10-27 15:28:00,110000,110500
300139,2010-01-01 00:00:00,270101,2015-10-27 15:28:00,270000,270100
300139,2021-07-30 00:00:00,410106,2021-07-31 16:18:00,410000,410100
300139,2022-07-29 00:00:00,240401,2025-01-08 14:36:00,240000,240400
300140,2010-11-01 00:00:00,260207,2015-10-27 15:29:00,260000,260200
300140,2014-02-21 00:00:00,640209,2024-09-27 12:41:00,640000,640200
300140,2014-07-01 00:00:00,630401,2015-10-27 15:29:00,630000,630400
300140,2018-07-13 00:00:00,410401,2019-08-09 15:38:00,410000,410400
300140,2021-07-30 00:00:00,760201,2021-07-31 16:18:00,760000,760200
300140,2022-07-29 00:00:00,630801,2022-10-11 14:52:00,630000,630800
300140,2024-07-30 12:45:00,760103,2025-10-15 10:57:00,760000,760100
300141,2010-11-01 00:00:00,260402,2015-10-27 15:29:00,260000,260400
300141,2014-02-21 00:00:00,630202,2024-09-27 12:41:00,630000,630200
300141,2017-06-29 00:00:00,630305,2020-12-04 14:32:00,630000,630300
300141,2021-07-30 00:00:00,630802,2025-10-15 10:57:00,630000,630800
300142,2010-01-01 00:00:00,370301,2015-10-27 15:29:00,370000,370300
300142,2021-07-30 00:00:00,370303,2025-09-17 18:40:00,370000,370300
300143,2010-01-29 00:00:00,110102,2015-10-27 15:29:00,110000,110100
300143,2018-07-13 00:00:00,370601,2020-12-04 14:32:00,370000,370600
300143,2021-07-30 00:00:00,370604,2021-07-31 16:18:00,370000,370600
300144,2010-01-29 00:00:00,460101,2015-10-27 15:29:00,460000,460100
300144,2021-07-30 00:00:00,461002,2024-01-23 17:12:00,460000,461000
300145,2010-11-29 00:00:00,260106,2015-10-27 15:29:00,260000,260100
300145,2014-02-21 00:00:00,640106,2024-09-27 12:41:00,640000,640100
300146,2010-12-06 00:00:00,370301,2015-10-27 15:29:00,370000,370300
300146,2012-01-02 00:00:00,340404,2015-10-27 15:29:00,340000,340400
300146,2021-07-30 00:00:00,340407,2026-02-26 16:27:00,340000,340400
300147,2010-01-06 00:00:00,370201,2015-10-27 15:29:00,370000,370200
300148,2010-12-06 00:00:00,470401,2015-10-27 15:29:00,470000,470400
300148,2014-02-21 00:00:00,720101,2024-09-27 12:41:00,720000,720100
300148,2018-07-13 00:00:00,720302,2019-08-09 15:38:00,720000,720300
300148,2021-07-30 00:00:00,720401,2021-07-31 16:18:00,720000,720400
300148,2023-07-04 00:00:00,720901,2025-10-15 10:57:00,720000,720900
300149,2010-12-13 00:00:00,340201,2015-10-27 15:29:00,340000,340200
300149,2011-10-10 00:00:00,110504,2015-10-27 15:29:00,110000,110500
300149,2019-05-13 00:00:00,370601,2020-12-04 14:32:00,370000,370600
300149,2021-07-30 00:00:00,370603,2021-07-31 16:18:00,370000,370600
300150,2010-12-13 00:00:00,470303,2015-10-27 15:29:00,470000,470300
300150,2011-10-10 00:00:00,470302,2015-10-27 15:29:00,470000,470300
300150,2014-02-21 00:00:00,710202,2024-09-27 12:41:00,710000,710200
300150,2021-07-30 00:00:00,710301,2021-07-31 16:18:00,710000,710300
300151,2010-12-13 00:00:00,260106,2015-10-27 15:28:00,260000,260100
300151,2011-10-10 00:00:00,260103,2015-10-27 15:28:00,260000,260100
300151,2014-02-21 00:00:00,640103,2024-09-27 12:41:00,640000,640100
300151,2017-06-29 00:00:00,640209,2019-08-09 15:39:00,640000,640200
300152,2010-12-20 00:00:00,260405,2015-10-27 15:29:00,260000,260400
300152,2014-02-21 00:00:00,630304,2024-09-27 12:41:00,630000,630300
300152,2017-12-11 18:00:00,410401,2019-08-09 15:38:00,410000,410400
300152,2021-07-30 00:00:00,760104,2025-10-15 10:57:00,760000,760100
300153,2010-12-20 00:00:00,260403,2015-10-27 15:29:00,260000,260400
300153,2014-02-21 00:00:00,630305,2024-09-27 12:41:00,630000,630300
300153,2019-07-24 00:00:00,630306,2020-12-04 14:32:00,630000,630300
300154,2010-12-20 00:00:00,260106,2015-10-27 15:29:00,260000,260100
300154,2014-02-21 00:00:00,640106,2024-09-27 12:41:00,640000,640100
300155,2010-12-27 00:00:00,470303,2015-10-27 15:28:00,470000,470300
300155,2013-07-01 00:00:00,320201,2015-10-27 15:28:00,320000,320200
300155,2014-02-21 00:00:00,710101,2024-09-27 12:41:00,710000,710100
300155,2021-07-30 00:00:00,710102,2021-07-31 16:18:00,710000,710100
300156,2010-01-27 00:00:00,410401,2015-10-27 15:29:00,410000,410400
300157,2010-12-27 00:00:00,470302,2015-10-27 15:29:00,470000,470300
300157,2011-10-10 00:00:00,210401,2015-10-27 15:29:00,210000,210400
300157,2021-07-30 00:00:00,750202,2023-01-03 10:32:00,750000,750200
300157,2023-07-04 00:00:00,640106,2025-10-15 10:57:00,640000,640100
300158,2010-01-27 00:00:00,370201,2015-10-27 15:29:00,370000,370200
300158,2018-07-13 00:00:00,370102,2020-12-04 14:32:00,370000,370100
300158,2023-07-04 00:00:00,370201,2023-07-04 15:14:00,370000,370200
300159,2010-12-27 00:00:00,260203,2015-10-27 15:29:00,260000,260200
300159,2014-02-21 00:00:00,640207,2024-09-27 12:41:00,640000,640200
300159,2017-06-29 00:00:00,650201,2019-08-09 15:39:00,650000,650200
300159,2022-07-29 00:00:00,640207,2025-10-15 10:57:00,640000,640200
300160,2011-01-04 00:00:00,330105,2015-10-27 15:29:00,330000,330100
300160,2021-07-30 00:00:00,330601,2021-07-31 16:18:00,330000,330600
300161,2011-01-04 00:00:00,260101,2015-10-27 15:29:00,260000,260100
300161,2014-02-21 00:00:00,640101,2024-09-27 12:41:00,640000,640100
300162,2011-01-04 00:00:00,270102,2015-10-27 15:29:00,270000,270100
300162,2011-10-10 00:00:00,270302,2015-10-27 15:29:00,270000,270300
300163,2011-01-04 00:00:00,220701,2015-10-27 15:29:00,220000,220700
300163,2014-01-01 00:00:00,220309,2019-08-09 15:39:00,220000,220300
300164,2011-01-04 00:00:00,260205,2015-10-27 15:29:00,260000,260200
300164,2011-10-10 00:00:00,210401,2015-10-27 15:29:00,210000,210400
300164,2021-07-30 00:00:00,750202,2022-08-01 16:32:00,750000,750200
300165,2011-01-14 00:00:00,260301,2015-10-27 15:29:00,260000,260300
300165,2014-02-21 00:00:00,640301,2024-09-27 12:41:00,640000,640300
300165,2021-07-30 00:00:00,640107,2025-10-15 10:57:00,640000,640100
300166,2011-01-14 00:00:00,470302,2015-10-27 15:28:00,470000,470300
300166,2014-02-21 00:00:00,710202,2024-09-27 12:41:00,710000,710200
300166,2021-07-30 00:00:00,710301,2023-06-01 14:03:00,710000,710300
300167,2011-01-14 00:00:00,470303,2015-10-27 15:28:00,470000,470300
300167,2014-02-21 00:00:00,710202,2024-09-27 12:41:00,710000,710200
300167,2021-07-30 00:00:00,710301,2021-07-31 16:18:00,710000,710300
300168,2011-01-14 00:00:00,470302,2015-10-27 15:29:00,470000,470300
300168,2014-02-21 00:00:00,710202,2024-09-27 12:41:00,710000,710200
300168,2021-07-30 00:00:00,710301,2024-04-01 15:28:00,710000,710300
300169,2011-01-14 00:00:00,220701,2015-10-27 15:29:00,220000,220700
300169,2014-01-01 00:00:00,220309,2015-10-27 15:29:00,220000,220300
300170,2011-01-24 00:00:00,470302,2015-10-27 15:28:00,470000,470300
300170,2014-02-21 00:00:00,710202,2024-09-27 12:41:00,710000,710200
300170,2021-07-30 00:00:00,710301,2023-06-01 14:03:00,710000,710300
300171,2011-01-24 00:00:00,370501,2015-10-27 15:28:00,370000,370500
300171,2019-07-24 00:00:00,640209,2019-08-09 15:39:00,640000,640200
300171,2021-07-30 00:00:00,370502,2021-07-31 16:18:00,370000,370500
300172,2011-01-24 00:00:00,410401,2015-10-27 15:29:00,410000,410400
300172,2021-07-30 00:00:00,760102,2025-10-15 10:57:00,760000,760100
300173,2011-01-24 00:00:00,260206,2015-10-27 15:29:00,260000,260200
300173,2014-02-21 00:00:00,640208,2024-09-27 12:41:00,640000,640200
300173,2018-07-13 00:00:00,640209,2020-11-10 08:59:00,640000,640200
300173,2021-07-30 00:00:00,640702,2022-01-28 13:23:00,640000,640700
300173,2022-07-29 00:00:00,630703,2025-10-15 10:57:00,630000,630700
300174,2011-01-24 00:00:00,220309,2015-10-27 15:29:00,220000,220300
300175,2011-01-27 00:00:00,110501,2015-10-27 15:29:00,110000,110500
300176,2011-01-27 00:00:00,260102,2015-10-27 15:29:00,260000,260100
300176,2011-10-10 00:00:00,310201,2015-10-27 15:29:00,310000,310200
300176,2014-02-21 00:00:00,280201,2024-09-27 12:41:00,280000,280200
300176,2018-07-13 00:00:00,490301,2021-03-03 15:36:00,490000,490300
300176,2021-07-30 00:00:00,280203,2025-01-08 14:36:00,280000,280200
300177,2011-01-27 00:00:00,320201,2015-10-27 15:29:00,320000,320200
300177,2014-02-21 00:00:00,710101,2024-09-27 12:41:00,710000,710100
300177,2021-07-30 00:00:00,650501,2025-10-15 10:57:00,650000,650500
300178,2011-01-27 00:00:00,450102,2015-10-27 15:29:00,450000,450100
300178,2012-01-08 00:00:00,460301,2015-10-27 15:29:00,460000,460300
300178,2021-07-30 00:00:00,461004,2022-02-08 15:57:00,460000,461000
300179,2011-01-27 00:00:00,260103,2015-10-27 15:29:00,260000,260100
300179,2014-02-21 00:00:00,640103,2024-09-27 12:41:00,640000,640100
300180,2011-02-10 00:00:00,220501,2015-10-27 15:29:00,220000,220500
300180,2011-10-10 00:00:00,220502,2015-10-27 15:29:00,220000,220500
300180,2021-07-30 00:00:00,220501,2021-07-31 16:18:00,220000,220500
300181,2011-01-10 00:00:00,370201,2024-08-12 08:35:00,370000,370200
300182,2011-02-10 00:00:00,470303,2015-10-27 15:29:00,470000,470300
300182,2011-10-10 00:00:00,470302,2015-10-27 15:29:00,470000,470300
300182,2014-02-21 00:00:00,710201,2024-09-27 12:41:00,710000,710200
300182,2019-07-24 00:00:00,720102,2019-08-09 15:38:00,720000,720100
300182,2021-07-30 00:00:00,720601,2025-10-15 10:57:00,720000,720600
300183,2011-01-10 00:00:00,270101,2015-10-27 15:28:00,270000,270100
300183,2018-07-13 00:00:00,730201,2019-08-09 15:40:00,730000,730200
300183,2021-07-30 00:00:00,730207,2026-06-01 14:47:00,730000,730200
300184,2011-01-10 00:00:00,270401,2015-10-27 15:29:00,270000,270400
300185,2011-02-25 00:00:00,260102,2015-10-27 15:29:00,260000,260100
300185,2014-02-21 00:00:00,640102,2024-09-27 12:41:00,640000,640100
300185,2018-07-13 00:00:00,630302,2020-12-04 14:32:00,630000,630300
300185,2021-07-30 00:00:00,630602,2025-10-15 10:57:00,630000,630600
300186,2011-02-25 00:00:00,370301,2015-10-27 15:28:00,370000,370300
300186,2011-10-10 00:00:00,110801,2015-10-27 15:28:00,110000,110800
300187,2011-01-25 00:00:00,410401,2015-10-27 15:29:00,410000,410400
300187,2021-07-30 00:00:00,760103,2021-07-31 16:18:00,760000,760100
300187,2022-07-29 00:00:00,760104,2025-10-15 10:57:00,760000,760100
300188,2011-03-07 00:00:00,470303,2015-10-27 15:29:00,470000,470300
300188,2014-02-21 00:00:00,710201,2024-09-27 12:41:00,710000,710200
300188,2021-07-30 00:00:00,710401,2021-07-31 16:18:00,710000,710400
300189,2011-01-07 00:00:00,110101,2015-10-27 15:29:00,110000,110100
300190,2011-01-07 00:00:00,410401,2015-10-27 15:29:00,410000,410400
300190,2021-07-30 00:00:00,760104,2025-10-15 10:57:00,760000,760100
300191,2011-03-07 00:00:00,470302,2015-10-27 15:29:00,470000,470300
300191,2011-10-10 00:00:00,210401,2015-10-27 15:29:00,210000,210400
300191,2021-07-30 00:00:00,750202,2023-10-23 16:18:00,750000,750200
300192,2011-01-14 00:00:00,220305,2015-10-27 15:29:00,220000,220300
300192,2019-07-24 00:00:00,720104,2019-08-09 15:38:00,720000,720100
300192,2021-07-30 00:00:00,461102,2021-07-31 16:18:00,460000,461100
300193,2011-03-14 00:00:00,260106,2015-10-27 15:29:00,260000,260100
300193,2014-02-21 00:00:00,640106,2024-09-27 12:41:00,640000,640100
300194,2011-01-14 00:00:00,370102,2015-10-27 15:28:00,370000,370100
300195,2011-03-21 00:00:00,260206,2015-10-27 15:28:00,260000,260200
300195,2014-02-21 00:00:00,640208,2024-09-27 12:41:00,640000,640200
300196,2011-03-21 00:00:00,220701,2015-10-27 15:28:00,220000,220700
300196,2011-10-10 00:00:00,220703,2015-10-27 15:28:00,220000,220700
300196,2014-02-21 00:00:00,220314,2024-09-27 12:41:00,220000,220300
300196,2021-07-30 00:00:00,610202,2021-08-04 10:42:00,610000,610200
300197,2011-03-21 00:00:00,250201,2015-10-27 15:29:00,250000,250200
300197,2011-10-10 00:00:00,250202,2015-10-27 15:29:00,250000,250200
300197,2014-02-21 00:00:00,620501,2024-09-27 12:41:00,620000,620500
300197,2021-07-30 00:00:00,620307,2021-08-25 10:04:00,620000,620300
300198,2011-03-28 00:00:00,250104,2015-10-27 15:29:00,250000,250100
300198,2011-10-10 00:00:00,250106,2015-10-27 15:29:00,250000,250100
300198,2014-02-21 00:00:00,610302,2024-09-27 12:41:00,610000,610300
300199,2011-01-28 00:00:00,370102,2015-10-27 15:29:00,370000,370100
300200,2011-03-28 00:00:00,220309,2015-10-27 15:28:00,220000,220300
300200,2011-10-10 00:00:00,220702,2015-10-27 15:28:00,220000,220700
300200,2014-02-21 00:00:00,220313,2024-09-27 12:41:00,220000,220300
300201,2011-03-28 00:00:00,260207,2015-10-27 15:28:00,260000,260200
300201,2014-02-21 00:00:00,640209,2024-09-27 12:41:00,640000,640200
300201,2021-07-30 00:00:00,640601,2025-10-15 10:57:00,640000,640600
300202,2011-04-06 00:00:00,320201,2015-10-27 15:29:00,320000,320200
300202,2014-02-21 00:00:00,710101,2024-09-27 12:41:00,710000,710100
300202,2021-07-30 00:00:00,710103,2021-07-31 16:18:00,710000,710100
300203,2011-04-06 00:00:00,260301,2015-10-27 15:29:00,260000,260300
300203,2014-02-21 00:00:00,640301,2024-09-27 12:41:00,640000,640300
300203,2015-07-01 00:00:00,410401,2015-10-27 15:29:00,410000,410400
300203,2015-10-26 00:00:00,640301,2015-10-27 15:29:00,640000,640300
300203,2017-05-26 10:00:00,410401,2021-03-03 15:18:00,410000,410400
300203,2021-07-30 00:00:00,760104,2021-07-31 16:18:00,760000,760100
300203,2022-07-29 00:00:00,760201,2025-10-15 10:57:00,760000,760200
300204,2011-01-06 00:00:00,370301,2015-10-27 15:29:00,370000,370300
300204,2021-07-30 00:00:00,370304,2021-07-31 16:18:00,370000,370300
300204,2022-07-29 00:00:00,370102,2022-07-29 11:54:00,370000,370100
300205,2011-04-13 00:00:00,320102,2015-10-27 15:29:00,320000,320100
300205,2014-02-21 00:00:00,730201,2024-09-27 12:41:00,730000,730200
300205,2021-07-30 00:00:00,730206,2026-06-01 14:47:00,730000,730200
300206,2011-01-13 00:00:00,370501,2015-10-27 15:29:00,370000,370500
300206,2021-07-30 00:00:00,370502,2021-07-31 16:18:00,370000,370500
300207,2011-04-13 00:00:00,270401,2015-10-27 15:29:00,270000,270400
300207,2011-10-10 00:00:00,270501,2015-10-27 15:29:00,270000,270500
300207,2018-07-13 00:00:00,270502,2021-05-31 10:16:00,270000,270500
300207,2021-07-30 00:00:00,630701,2025-10-15 10:57:00,630000,630700
300208,2011-04-18 00:00:00,260402,2024-07-29 11:30:00,260000,260400
300208,2014-02-21 00:00:00,630202,2024-09-27 12:41:00,630000,630200
300208,2021-07-30 00:00:00,510101,2024-07-29 11:30:00,510000,510100
300209,2011-04-18 00:00:00,470303,2015-10-27 15:29:00,470000,470300
300209,2011-10-10 00:00:00,470302,2015-10-27 15:29:00,470000,470300
300209,2014-02-21 00:00:00,710201,2024-09-27 12:41:00,710000,710200
300209,2021-07-30 00:00:00,710401,2022-06-02 10:30:00,710000,710400
300210,2011-04-18 00:00:00,260207,2015-10-27 15:29:00,260000,260200
300210,2014-02-21 00:00:00,640209,2024-09-27 12:41:00,640000,640200
300210,2021-07-30 00:00:00,760201,2025-10-15 10:57:00,760000,760200
300211,2011-04-25 00:00:00,320103,2015-10-27 15:29:00,320000,320100
300211,2014-02-21 00:00:00,730202,2024-09-27 12:41:00,730000,730200
300211,2021-07-30 00:00:00,730103,2026-06-01 14:47:00,730000,730100
300212,2011-04-25 00:00:00,470302,2015-10-27 15:29:00,470000,470300
300212,2014-02-21 00:00:00,710202,2024-09-27 12:41:00,710000,710200
300212,2021-07-30 00:00:00,710301,2024-04-01 15:27:00,710000,710300
300213,2011-04-25 00:00:00,320102,2015-10-27 15:29:00,320000,320100
300213,2014-02-21 00:00:00,730201,2024-09-27 12:41:00,730000,730200
300213,2021-07-30 00:00:00,730207,2026-06-01 14:47:00,730000,730200
300214,2011-01-10 00:00:00,220309,2015-10-27 15:29:00,220000,220300
300214,2011-05-03 00:00:00,220501,2015-10-27 15:29:00,220000,220500
300214,2011-10-10 00:00:00,220309,2019-08-09 15:39:00,220000,220300
300214,2021-07-30 00:00:00,220501,2022-02-21 09:16:00,220000,220500
300214,2022-07-29 00:00:00,220309,2024-03-01 09:48:00,220000,220300
300215,2011-05-03 00:00:00,260405,2015-10-27 15:28:00,260000,260400
300215,2014-02-21 00:00:00,630401,2024-09-27 12:41:00,630000,630400
300215,2021-07-30 00:00:00,460802,2022-01-28 13:23:00,460000,460800
300216,2011-01-03 00:00:00,370501,2015-10-27 15:29:00,370000,370500
300216,2019-07-24 00:00:00,640209,2019-08-09 15:39:00,640000,640200
300217,2011-01-10 00:00:00,330105,2015-10-27 15:28:00,330000,330100
300217,2011-05-10 00:00:00,330102,2015-10-27 15:28:00,330000,330100
300217,2011-10-10 00:00:00,330105,2020-12-04 14:41:00,330000,330100
300217,2021-07-30 00:00:00,330601,2021-07-31 16:18:00,330000,330600
300218,2011-05-10 00:00:00,220501,2015-10-27 15:28:00,220000,220500
300218,2011-10-10 00:00:00,220502,2019-08-09 15:39:00,220000,220500
300218,2021-07-30 00:00:00,220501,2021-07-31 16:18:00,220000,220500
300219,2011-05-10 00:00:00,270102,2015-10-27 15:29:00,270000,270100
300219,2011-10-10 00:00:00,270302,2015-10-27 15:29:00,270000,270300
300220,2011-01-16 00:00:00,270401,2015-10-27 15:29:00,270000,270400
300220,2021-07-30 00:00:00,640703,2022-07-01 14:10:00,640000,640700
300220,2022-07-29 00:00:00,360502,2022-07-29 11:54:00,360000,360500
300220,2026-07-01 10:24:00,640703,2026-07-01 10:24:00,640000,640700
300221,2011-05-16 00:00:00,220501,2015-10-27 15:29:00,220000,220500
300221,2011-10-10 00:00:00,220503,2019-08-09 15:39:00,220000,220500
300222,2011-05-16 00:00:00,260402,2015-10-27 15:29:00,260000,260400
300222,2014-02-21 00:00:00,630201,2024-09-27 12:41:00,630000,630200
300222,2018-07-13 00:00:00,640106,2019-08-09 15:39:00,640000,640100
300222,2021-07-30 00:00:00,630803,2025-10-15 10:57:00,630000,630800
300223,2011-01-23 00:00:00,270101,2015-10-27 15:28:00,270000,270100
300223,2021-07-30 00:00:00,270104,2022-06-01 12:49:00,270000,270100
300224,2011-01-23 00:00:00,240202,2015-10-27 15:29:00,240000,240200
300225,2011-01-23 00:00:00,220305,2015-10-27 15:29:00,220000,220300
300226,2011-05-30 00:00:00,470201,2015-10-27 15:29:00,470000,470200
300226,2014-02-21 00:00:00,720301,2024-09-27 12:41:00,720000,720300
300226,2021-07-30 00:00:00,710401,2026-02-26 16:27:00,710000,710400
300227,2011-05-30 00:00:00,270401,2015-10-27 15:28:00,270000,270400
300227,2011-10-10 00:00:00,270502,2015-10-27 15:28:00,270000,270500
300227,2021-07-30 00:00:00,640703,2025-10-15 10:57:00,640000,640700
300228,2011-05-30 00:00:00,260501,2015-10-27 15:28:00,260000,260500
300228,2014-02-21 00:00:00,640401,2024-09-27 12:41:00,640000,640400
300228,2021-07-30 00:00:00,640108,2025-10-15 10:57:00,640000,640100
300229,2011-06-07 00:00:00,470302,2015-10-27 15:29:00,470000,470300
300229,2014-02-21 00:00:00,710201,2024-09-27 12:41:00,710000,710200
300229,2021-07-30 00:00:00,710401,2021-07-31 16:18:00,710000,710400
300230,2011-01-07 00:00:00,220501,2015-10-27 15:29:00,220000,220500
300231,2011-06-07 00:00:00,470303,2015-10-27 15:29:00,470000,470300
300231,2014-02-21 00:00:00,710202,2024-09-27 12:41:00,710000,710200
300231,2021-07-30 00:00:00,710301,2021-07-31 16:18:00,710000,710300
300232,2011-06-14 00:00:00,270102,2015-10-27 15:29:00,270000,270100
300232,2011-10-10 00:00:00,270302,2015-10-27 15:29:00,270000,270300
300233,2011-01-14 00:00:00,370101,2015-10-27 15:29:00,370000,370100
300233,2019-07-24 00:00:00,370102,2020-12-04 14:32:00,370000,370100
300234,2011-06-14 00:00:00,250104,2015-10-27 15:29:00,250000,250100
300234,2014-02-21 00:00:00,610303,2024-09-27 12:41:00,610000,610300
300235,2011-06-20 00:00:00,470401,2015-10-27 15:28:00,470000,470400
300235,2012-07-02 00:00:00,470302,2015-10-27 15:28:00,470000,470300
300235,2014-02-21 00:00:00,710201,2024-09-27 12:41:00,710000,710200
300235,2021-07-30 00:00:00,710401,2021-07-31 16:18:00,710000,710400
300236,2011-01-20 00:00:00,220309,2015-10-27 15:29:00,220000,220300
300236,2021-07-30 00:00:00,270601,2021-07-31 16:18:00,270000,270600
300237,2011-06-20 00:00:00,310201,2015-10-27 15:29:00,310000,310200
300237,2014-02-21 00:00:00,280201,2024-09-27 12:41:00,280000,280200
300237,2017-06-29 00:00:00,620501,2019-08-09 15:39:00,620000,620500
300237,2021-07-30 00:00:00,620307,2021-08-02 13:20:00,620000,620300
300237,2022-07-29 00:00:00,280205,2025-01-08 14:36:00,280000,280200
300238,2011-01-27 00:00:00,370501,2015-10-27 15:28:00,370000,370500
300238,2021-07-30 00:00:00,370503,2021-07-31 16:18:00,370000,370500
300239,2011-01-27 00:00:00,370301,2015-10-27 15:28:00,370000,370300
300239,2021-07-30 00:00:00,370304,2021-07-31 16:18:00,370000,370300
300240,2011-01-27 00:00:00,420801,2015-10-27 15:28:00,420000,420800
300240,2021-07-30 00:00:00,420803,2025-10-15 10:57:00,420000,420800
300241,2011-07-04 00:00:00,270102,2015-10-27 15:29:00,270000,270100
300241,2011-10-10 00:00:00,270302,2015-10-27 15:29:00,270000,270300
300242,2011-07-04 00:00:00,260402,2015-10-27 15:29:00,260000,260400
300242,2014-02-21 00:00:00,630403,2024-09-27 12:41:00,630000,630400
300242,2018-05-13 01:44:00,720201,2019-08-09 15:38:00,720000,720200
300242,2021-07-30 00:00:00,720501,2025-10-15 10:57:00,720000,720500
300243,2011-01-04 00:00:00,220309,2015-10-27 15:29:00,220000,220300
300243,2021-07-30 00:00:00,220501,2021-07-31 16:18:00,220000,220500
300244,2011-01-11 00:00:00,370601,2015-10-27 15:28:00,370000,370600
300244,2018-07-13 00:00:00,370501,2020-03-06 13:55:00,370000,370500
300244,2021-07-30 00:00:00,370602,2021-07-31 16:18:00,370000,370600
300245,2011-07-11 00:00:00,470303,2015-10-27 15:29:00,470000,470300
300245,2014-02-21 00:00:00,710202,2024-09-27 12:41:00,710000,710200
300245,2021-07-30 00:00:00,710301,2021-07-31 16:18:00,710000,710300
300246,2011-01-11 00:00:00,370501,2015-10-27 15:28:00,370000,370500
300246,2021-07-30 00:00:00,370502,2021-07-31 16:18:00,370000,370500
300247,2011-01-18 00:00:00,330104,2015-10-27 15:29:00,330000,330100
300247,2021-07-30 00:00:00,330701,2021-07-31 16:18:00,330000,330700
300248,2011-07-20 00:00:00,470303,2015-10-27 15:29:00,470000,470300
300248,2014-02-21 00:00:00,710202,2024-09-27 12:41:00,710000,710200
300248,2021-07-30 00:00:00,710103,2021-07-31 16:18:00,710000,710100
300249,2011-01-25 00:00:00,330102,2015-10-27 15:29:00,330000,330100
300249,2021-07-30 00:00:00,710103,2021-07-31 16:18:00,710000,710100
300250,2011-07-25 00:00:00,320103,2015-10-27 15:28:00,320000,320100
300250,2014-02-21 00:00:00,730202,2024-09-27 12:41:00,730000,730200
300250,2018-07-13 00:00:00,710202,2019-08-09 15:39:00,710000,710200
300250,2021-07-30 00:00:00,710301,2021-07-31 16:18:00,710000,710300
300251,2011-07-26 00:00:00,470402,2015-10-27 15:28:00,470000,470400
300251,2014-02-21 00:00:00,720102,2024-09-27 12:41:00,720000,720100
300251,2021-07-30 00:00:00,720601,2025-10-15 10:57:00,720000,720600
300252,2011-08-01 00:00:00,320103,2015-10-27 15:29:00,320000,320100
300252,2014-02-21 00:00:00,730202,2024-09-27 12:41:00,730000,730200
300252,2021-07-30 00:00:00,650501,2025-10-15 10:57:00,650000,650500
300253,2011-08-05 00:00:00,470302,2015-10-27 15:29:00,470000,470300
300253,2014-02-21 00:00:00,710201,2024-09-27 12:41:00,710000,710200
300253,2021-07-30 00:00:00,710401,2021-07-31 16:18:00,710000,710400
300254,2011-01-08 00:00:00,370102,2015-10-27 15:29:00,370000,370100
300255,2011-08-08 00:00:00,370301,2015-10-27 15:28:00,370000,370300
300255,2012-01-02 00:00:00,370101,2015-10-27 15:28:00,370000,370100
300255,2017-06-29 00:00:00,370301,2020-12-04 14:32:00,370000,370300
300255,2021-07-30 00:00:00,370102,2021-07-31 16:18:00,370000,370100
300256,2011-08-08 00:00:00,270401,2015-10-27 15:29:00,270000,270400
300256,2011-10-10 00:00:00,270502,2015-10-27 15:29:00,270000,270500
300256,2021-07-30 00:00:00,270504,2023-04-25 09:32:00,270000,270500
300257,2011-08-09 00:00:00,260106,2015-10-27 15:29:00,260000,260100
300257,2014-02-21 00:00:00,640106,2024-09-27 12:41:00,640000,640100
300258,2011-08-17 00:00:00,310201,2015-10-27 15:29:00,310000,310200
300258,2014-02-21 00:00:00,280201,2024-09-27 12:41:00,280000,280200
300258,2021-07-30 00:00:00,280203,2025-01-24 16:29:00,280000,280200
300259,2011-08-18 00:00:00,260301,2015-10-27 15:29:00,260000,260300
300259,2014-02-21 00:00:00,640301,2024-09-27 12:41:00,640000,640300
300259,2021-07-30 00:00:00,640107,2025-10-15 10:57:00,640000,640100
300260,2011-08-23 00:00:00,260102,2015-10-27 15:29:00,260000,260100
300260,2014-02-21 00:00:00,640102,2024-09-27 12:41:00,640000,640100
300260,2021-07-30 00:00:00,640108,2025-10-15 10:57:00,640000,640100
300261,2011-01-29 00:00:00,370101,2015-10-27 15:29:00,370000,370100
300261,2017-06-29 00:00:00,220303,2019-08-09 15:39:00,220000,220300
300261,2021-07-30 00:00:00,220803,2021-07-31 16:18:00,220000,220800
300262,2011-01-05 00:00:00,410401,2015-10-27 15:28:00,410000,410400
300262,2021-07-30 00:00:00,760102,2022-10-11 14:52:00,760000,760100
300263,2011-09-07 00:00:00,260105,2015-10-27 15:29:00,260000,260100
300263,2014-02-21 00:00:00,640105,2024-09-27 12:41:00,640000,640100
300263,2017-06-29 00:00:00,410401,2019-08-09 15:38:00,410000,410400
300263,2021-07-30 00:00:00,640106,2025-10-15 10:57:00,640000,640100
300264,2011-09-06 00:00:00,470303,2015-10-27 15:29:00,470000,470300
300264,2014-02-21 00:00:00,710202,2024-09-27 12:41:00,710000,710200
300264,2021-07-30 00:00:00,710301,2021-07-31 16:18:00,710000,710300
300265,2011-09-05 00:00:00,260404,2015-10-27 15:29:00,260000,260400
300265,2014-02-21 00:00:00,630404,2024-09-27 12:41:00,630000,630400
300265,2021-07-30 00:00:00,630805,2025-10-15 10:57:00,630000,630800
300266,2011-09-19 00:00:00,260106,2015-10-27 15:29:00,260000,260100
300266,2014-02-21 00:00:00,640106,2024-09-27 12:41:00,640000,640100
300266,2015-02-15 00:00:00,410401,2015-10-27 15:29:00,410000,410400
300266,2015-06-02 00:00:00,640106,2015-10-27 15:29:00,640000,640100
300266,2015-10-12 00:00:00,410401,2020-04-30 07:20:00,410000,410400
300266,2021-07-30 00:00:00,760102,2025-10-15 10:57:00,760000,760100
300267,2011-01-15 00:00:00,370101,2015-10-27 15:28:00,370000,370100
300268,2011-09-15 00:00:00,110102,2015-10-27 15:29:00,110000,110100
300268,2011-10-10 00:00:00,110504,2019-08-09 15:39:00,110000,110500
300269,2011-09-27 00:00:00,270301,2015-10-27 15:29:00,270000,270300
300269,2011-10-10 00:00:00,270302,2015-10-27 15:29:00,270000,270300
300269,2017-06-29 00:00:00,720201,2019-08-09 15:38:00,720000,720200
300269,2021-07-30 00:00:00,720501,2021-07-31 16:18:00,720000,720500
300269,2022-07-29 00:00:00,270302,2022-07-29 11:54:00,270000,270300
300270,2011-09-27 00:00:00,320201,2015-10-27 15:29:00,320000,320200
300270,2014-02-21 00:00:00,710101,2024-09-27 12:41:00,710000,710100
300270,2021-07-30 00:00:00,710102,2021-07-31 16:18:00,710000,710100
300271,2011-10-10 00:00:00,470302,2015-10-27 15:29:00,470000,470300
300271,2014-02-21 00:00:00,710202,2024-09-27 12:41:00,710000,710200
300271,2021-07-30 00:00:00,710301,2023-02-20 17:14:00,710000,710300
300272,2011-01-21 00:00:00,330104,2015-10-27 15:29:00,330000,330100
300272,2021-07-30 00:00:00,330301,2023-08-03 13:40:00,330000,330300
300272,2024-05-17 00:00:00,330302,2024-05-17 13:15:00,330000,330300
300273,2011-01-18 00:00:00,370501,2015-10-27 15:29:00,370000,370500
300273,2021-07-30 00:00:00,370502,2021-07-31 16:18:00,370000,370500
300274,2011-10-24 00:00:00,260403,2015-10-27 15:29:00,260000,260400
300274,2014-02-21 00:00:00,630303,2024-09-27 12:41:00,630000,630300
300274,2021-07-30 00:00:00,630503,2026-06-17 14:33:00,630000,630500
300275,2011-10-25 00:00:00,260205,2015-10-27 15:29:00,260000,260200
300275,2014-02-21 00:00:00,640203,2024-09-27 12:41:00,640000,640200
300275,2022-07-29 00:00:00,710102,2023-07-04 13:40:00,710000,710100
300276,2011-11-03 00:00:00,260207,2015-10-27 15:29:00,260000,260200
300276,2014-02-21 00:00:00,640209,2024-09-27 12:41:00,640000,640200
300276,2021-07-30 00:00:00,640701,2025-10-15 10:57:00,640000,640700
300277,2011-11-14 00:00:00,470303,2015-10-27 15:28:00,470000,470300
300277,2014-02-21 00:00:00,710202,2024-09-27 12:41:00,710000,710200
300277,2021-07-30 00:00:00,710301,2026-06-01 14:22:00,710000,710300
300278,2011-12-07 00:00:00,260106,2015-10-27 15:29:00,260000,260100
300278,2014-02-21 00:00:00,640106,2024-09-27 12:41:00,640000,640100
300278,2021-07-30 00:00:00,640702,2025-10-15 10:57:00,640000,640700
300279,2011-12-19 00:00:00,270502,2015-10-27 15:29:00,270000,270500
300279,2021-07-30 00:00:00,270504,2023-04-25 09:32:00,270000,270500
300279,2024-07-30 12:45:00,330601,2025-01-08 14:36:00,330000,330600
300280,2011-12-20 00:00:00,260101,2015-10-27 15:29:00,260000,260100
300280,2014-02-21 00:00:00,640101,2024-09-27 12:41:00,640000,640100
300280,2019-07-24 00:00:00,720201,2019-08-09 15:38:00,720000,720200
300280,2021-07-30 00:00:00,720502,2021-07-31 16:18:00,720000,720500
300281,2011-12-19 00:00:00,260207,2015-10-27 15:29:00,260000,260200
300281,2014-02-21 00:00:00,640209,2024-09-27 12:41:00,640000,640200
300282,2011-12-19 00:00:00,270502,2015-10-27 15:29:00,270000,270500
300282,2019-07-24 00:00:00,720104,2019-08-09 15:38:00,720000,720100
300282,2021-07-30 00:00:00,461103,2021-07-31 16:18:00,460000,461100
300283,2011-12-28 00:00:00,260405,2015-10-27 15:29:00,260000,260400
300283,2014-02-21 00:00:00,630403,2024-09-27 12:41:00,630000,630400
300283,2021-07-30 00:00:00,630802,2025-10-15 10:57:00,630000,630800
300284,2011-12-27 00:00:00,250204,2015-10-27 15:29:00,250000,250200
300284,2014-02-21 00:00:00,620302,2024-09-27 12:41:00,620000,620300
300284,2021-07-30 00:00:00,620601,2022-07-01 14:10:00,620000,620600
300285,2012-01-04 00:00:00,220203,2015-10-27 15:28:00,220000,220200
300285,2021-07-30 00:00:00,220309,2021-07-31 16:18:00,220000,220300
300285,2022-07-29 00:00:00,270601,2025-12-31 11:31:00,270000,270600
300286,2012-01-04 00:00:00,260402,2015-10-27 15:28:00,260000,260400
300286,2014-02-21 00:00:00,630203,2024-09-27 12:41:00,630000,630200
300286,2021-07-30 00:00:00,630804,2025-10-15 10:57:00,630000,630800
300287,2012-01-16 00:00:00,470303,2015-10-27 15:28:00,470000,470300
300287,2014-02-21 00:00:00,710202,2024-09-27 12:41:00,710000,710200
300287,2021-07-30 00:00:00,710301,2021-07-31 16:18:00,710000,710300
300288,2012-01-16 00:00:00,470202,2015-10-27 15:29:00,470000,470200
300288,2014-02-21 00:00:00,720302,2024-09-27 12:41:00,720000,720300
300288,2017-06-29 00:00:00,710202,2019-08-09 15:39:00,710000,710200
300288,2021-07-30 00:00:00,710301,2021-07-31 16:18:00,710000,710300
300289,2012-01-08 00:00:00,370301,2015-10-27 15:29:00,370000,370300
300289,2020-07-14 00:00:00,370501,2020-12-04 14:32:00,370000,370500
300289,2021-07-30 00:00:00,370504,2021-07-31 16:18:00,370000,370500
300290,2012-02-08 00:00:00,470302,2015-10-27 15:29:00,470000,470300
300290,2014-02-21 00:00:00,710202,2024-09-27 12:41:00,710000,710200
300290,2021-07-30 00:00:00,710301,2021-07-31 16:18:00,710000,710300
300291,2012-02-01 00:00:00,470402,2015-10-27 15:29:00,470000,470400
300291,2014-02-21 00:00:00,720102,2024-09-27 12:41:00,720000,720100
300291,2021-07-30 00:00:00,720601,2025-10-15 10:57:00,720000,720600
300292,2012-02-21 00:00:00,320103,2015-10-27 15:29:00,320000,320100
300292,2014-02-21 00:00:00,730202,2024-09-27 12:41:00,730000,730200
300292,2019-07-24 00:00:00,720301,2019-08-09 15:38:00,720000,720300
300292,2021-07-30 00:00:00,730104,2026-06-01 14:47:00,730000,730100
300293,2012-02-28 00:00:00,260207,2015-10-27 15:29:00,260000,260200
300293,2014-02-21 00:00:00,640209,2024-09-27 12:41:00,640000,640200
300294,2012-01-29 00:00:00,370301,2015-10-27 15:28:00,370000,370300
300294,2021-07-30 00:00:00,370302,2021-07-31 16:18:00,370000,370300
300295,2012-03-05 00:00:00,470201,2015-10-27 15:29:00,470000,470200
300295,2014-02-21 00:00:00,720301,2024-09-27 12:41:00,720000,720300
300295,2021-07-30 00:00:00,720704,2025-10-15 10:57:00,720000,720700
300296,2012-01-05 00:00:00,270302,2015-10-27 15:29:00,270000,270300
300297,2012-03-05 00:00:00,470303,2015-10-27 15:29:00,470000,470300
300297,2014-02-21 00:00:00,710202,2024-09-27 12:41:00,710000,710200
300297,2021-07-30 00:00:00,710301,2021-07-31 16:18:00,710000,710300
300298,2012-01-06 00:00:00,370501,2015-10-27 15:29:00,370000,370500
300298,2021-07-30 00:00:00,370502,2023-06-13 14:45:00,370000,370500
300299,2012-03-08 00:00:00,320104,2015-10-27 15:28:00,320000,320100
300299,2014-02-21 00:00:00,730203,2024-09-27 12:41:00,730000,730200
300299,2017-06-29 00:00:00,720301,2019-08-09 15:38:00,720000,720300
300299,2021-07-30 00:00:00,720401,2025-10-15 10:57:00,720000,720400
300300,2012-03-07 00:00:00,470303,2015-10-27 15:28:00,470000,470300
300300,2014-02-21 00:00:00,710202,2024-09-27 12:41:00,710000,710200
300300,2021-07-30 00:00:00,710301,2021-07-31 16:18:00,710000,710300
300301,2012-01-12 00:00:00,270302,2015-10-27 15:28:00,270000,270300
300302,2012-03-13 00:00:00,470302,2015-10-27 15:29:00,470000,470300
300302,2013-07-01 00:00:00,320201,2015-10-27 15:29:00,320000,320200
300302,2014-02-21 00:00:00,710101,2024-09-27 12:41:00,710000,710100
300302,2021-07-30 00:00:00,710103,2021-07-31 16:18:00,710000,710100
300303,2012-01-09 00:00:00,270302,2015-10-27 15:29:00,270000,270300
300304,2012-03-13 00:00:00,310201,2015-10-27 15:29:00,310000,310200
300304,2014-02-21 00:00:00,280201,2024-09-27 12:41:00,280000,280200
300304,2021-07-30 00:00:00,280206,2025-01-08 14:36:00,280000,280200
300305,2012-01-19 00:00:00,220501,2015-10-27 15:29:00,220000,220500
300305,2021-07-30 00:00:00,220505,2021-07-31 16:18:00,220000,220500
300306,2012-03-21 00:00:00,260301,2015-10-27 15:29:00,260000,260300
300306,2014-02-21 00:00:00,640301,2024-09-27 12:41:00,640000,640300
300306,2021-07-30 00:00:00,640107,2025-10-15 10:57:00,640000,640100
300307,2012-03-20 00:00:00,260201,2015-10-27 15:28:00,260000,260200
300307,2014-02-21 00:00:00,640206,2024-09-27 12:41:00,640000,640200
300308,2012-03-26 00:00:00,260401,2015-10-27 15:29:00,260000,260400
300308,2014-02-21 00:00:00,630101,2024-09-27 12:41:00,630000,630100
300308,2018-07-13 00:00:00,730202,2021-03-03 15:32:00,730000,730200
300308,2021-07-30 00:00:00,730204,2026-06-01 14:47:00,730000,730200
300309,2012-03-27 00:00:00,260205,2015-10-27 15:29:00,260000,260200
300309,2014-02-21 00:00:00,640203,2024-09-27 12:41:00,640000,640200
300309,2018-07-13 00:00:00,490301,2021-03-03 15:36:00,490000,490300
300309,2021-07-30 00:00:00,490307,2021-07-31 16:18:00,490000,490300
300310,2012-04-16 00:00:00,320104,2015-10-27 15:29:00,320000,320100
300310,2014-02-21 00:00:00,730203,2024-09-27 12:41:00,730000,730200
300310,2021-07-30 00:00:00,730103,2026-06-01 14:47:00,730000,730100
300311,2012-04-16 00:00:00,470303,2015-10-27 15:29:00,470000,470300
300311,2014-02-21 00:00:00,710201,2024-09-27 12:41:00,710000,710200
300311,2021-07-30 00:00:00,710402,2021-07-31 16:18:00,710000,710400
300312,2012-04-25 00:00:00,320104,2015-10-27 15:28:00,320000,320100
300312,2014-02-21 00:00:00,730203,2024-09-27 12:41:00,730000,730200
300312,2021-07-30 00:00:00,730204,2021-07-31 16:18:00,730000,730200
300313,2012-01-17 00:00:00,110701,2015-10-27 15:29:00,110000,110700
300313,2021-07-30 00:00:00,110704,2024-05-27 10:52:00,110000,110700
300314,2012-01-24 00:00:00,370501,2015-10-27 15:28:00,370000,370500
300314,2021-07-30 00:00:00,370502,2021-07-31 16:18:00,370000,370500
300315,2012-04-27 00:00:00,470202,2015-10-27 15:29:00,470000,470200
300315,2014-02-21 00:00:00,720302,2024-09-27 12:41:00,720000,720300
300315,2021-07-30 00:00:00,720401,2026-04-02 13:26:00,720000,720400
300316,2012-04-27 00:00:00,260403,2015-10-27 15:29:00,260000,260400
300316,2014-02-21 00:00:00,630303,2024-09-27 12:41:00,630000,630300
300316,2021-07-30 00:00:00,630505,2025-10-15 10:57:00,630000,630500
300317,2012-01-02 00:00:00,270302,2015-10-27 15:29:00,270000,270300
300317,2017-06-29 00:00:00,630303,2020-12-04 14:32:00,630000,630300
300317,2021-07-30 00:00:00,410106,2025-10-15 10:57:00,410000,410100
300318,2012-01-15 00:00:00,370501,2015-10-27 15:28:00,370000,370500
300318,2021-07-30 00:00:00,370504,2021-07-31 16:18:00,370000,370500
300318,2024-07-30 12:45:00,370302,2024-07-30 12:45:00,370000,370300
300319,2012-01-15 00:00:00,270203,2015-10-27 15:29:00,270000,270200
300319,2017-06-29 00:00:00,270301,2019-08-09 15:38:00,270000,270300
300319,2021-07-30 00:00:00,270203,2023-04-25 09:32:00,270000,270200
300320,2012-01-24 00:00:00,220602,2015-10-27 15:28:00,220000,220600
300321,2012-01-14 00:00:00,220502,2015-10-27 15:29:00,220000,220500
300321,2021-07-30 00:00:00,220313,2021-07-31 16:18:00,220000,220300
300322,2012-05-28 00:00:00,320102,2015-10-27 15:29:00,320000,320100
300322,2014-02-21 00:00:00,730201,2024-09-27 12:41:00,730000,730200
300322,2014-07-01 00:00:00,270502,2015-10-27 15:29:00,270000,270500
300322,2021-07-30 00:00:00,270504,2023-04-25 09:32:00,270000,270500
300323,2012-01-22 00:00:00,270302,2015-10-27 15:29:00,270000,270300
300324,2012-05-23 00:00:00,470302,2015-10-27 15:29:00,470000,470300
300324,2014-02-21 00:00:00,710202,2024-09-27 12:41:00,710000,710200
300324,2021-07-30 00:00:00,710103,2021-07-31 16:18:00,710000,710100
300325,2012-01-22 00:00:00,220501,2015-10-27 15:28:00,220000,220500
300326,2012-01-05 00:00:00,370501,2015-10-27 15:29:00,370000,370500
300326,2021-07-30 00:00:00,370503,2021-07-31 16:18:00,370000,370500
300327,2012-01-04 00:00:00,270101,2015-10-27 15:29:00,270000,270100
300327,2021-07-30 00:00:00,270104,2025-01-24 16:29:00,270000,270100
300328,2012-06-08 00:00:00,260102,2015-10-27 15:29:00,260000,260100
300328,2013-01-01 00:00:00,270502,2015-10-27 15:29:00,270000,270500
300328,2018-07-13 00:00:00,240301,2021-01-25 13:36:00,240000,240300
300328,2021-07-30 00:00:00,240504,2021-07-31 16:18:00,240000,240500
300328,2022-07-29 00:00:00,240301,2025-01-08 14:36:00,240000,240300
300329,2012-01-08 00:00:00,360305,2015-10-27 15:28:00,360000,360300
300329,2021-07-30 00:00:00,360502,2021-07-31 16:18:00,360000,360500
300330,2012-06-07 00:00:00,470303,2015-10-27 15:29:00,470000,470300
300330,2014-02-21 00:00:00,710202,2024-09-27 12:41:00,710000,710200
300330,2021-07-30 00:00:00,710103,2021-07-31 16:18:00,710000,710100
300331,2012-01-15 00:00:00,270301,2015-10-27 15:29:00,270000,270300
300331,2022-07-29 00:00:00,270303,2022-07-29 11:54:00,270000,270300
300332,2012-01-18 00:00:00,410401,2015-10-27 15:29:00,410000,410400
300332,2021-07-30 00:00:00,410301,2025-10-15 10:57:00,410000,410300
300333,2012-06-19 00:00:00,320201,2015-10-27 15:29:00,320000,320200
300333,2014-02-21 00:00:00,710101,2024-09-27 12:41:00,710000,710100
300333,2021-07-30 00:00:00,710103,2021-07-31 16:18:00,710000,710100
300334,2012-01-21 00:00:00,410401,2015-10-27 15:29:00,410000,410400
300334,2021-07-30 00:00:00,760102,2025-10-15 10:57:00,760000,760100
300335,2012-01-29 00:00:00,410401,2015-10-27 15:28:00,410000,410400
300335,2021-07-30 00:00:00,410104,2025-10-15 10:57:00,410000,410100
300336,2012-06-28 00:00:00,470402,2015-10-27 15:29:00,470000,470400
300336,2014-02-21 00:00:00,720102,2024-09-27 12:41:00,720000,720100
300336,2017-06-29 00:00:00,720201,2019-08-09 15:38:00,720000,720200
300336,2021-07-30 00:00:00,720502,2021-07-31 16:18:00,720000,720500
300337,2012-07-10 00:00:00,240102,2015-10-27 15:29:00,240000,240100
300337,2014-02-21 00:00:00,240301,2024-09-27 12:41:00,240000,240300
300338,2012-07-18 00:00:00,260301,2015-10-27 15:29:00,260000,260300
300338,2014-02-21 00:00:00,640301,2024-09-27 12:41:00,640000,640300
300338,2018-07-13 00:00:00,720104,2019-09-10 17:02:00,720000,720100
300338,2021-07-30 00:00:00,461102,2021-07-31 16:18:00,460000,461100
300339,2012-07-10 00:00:00,470302,2015-10-27 15:29:00,470000,470300
300339,2014-02-21 00:00:00,710202,2024-09-27 12:41:00,710000,710200
300339,2021-07-30 00:00:00,710301,2021-07-31 16:18:00,710000,710300
300340,2012-01-17 00:00:00,270401,2015-10-27 15:29:00,270000,270400
300340,2021-07-30 00:00:00,630702,2025-10-15 10:57:00,630000,630700
300341,2012-07-17 00:00:00,260404,2015-10-27 15:29:00,260000,260400
300341,2014-02-21 00:00:00,630404,2024-09-27 12:41:00,630000,630400
300341,2017-06-29 00:00:00,640301,2019-08-09 15:39:00,640000,640300
300341,2021-07-30 00:00:00,630801,2021-07-31 16:18:00,630000,630800
300341,2022-07-29 00:00:00,640107,2022-07-29 11:54:00,640000,640100
300341,2023-07-04 00:00:00,370502,2023-07-04 15:14:00,370000,370500
300342,2012-01-16 00:00:00,330105,2015-10-27 15:29:00,330000,330100
300342,2021-07-30 00:00:00,330601,2021-07-31 16:18:00,330000,330600
300343,2012-07-20 00:00:00,220702,2015-10-27 15:29:00,220000,220700
300343,2014-02-21 00:00:00,220313,2024-09-27 12:41:00,220000,220300
300343,2015-08-24 16:18:00,720201,2019-08-09 15:38:00,720000,720200
300343,2021-07-30 00:00:00,720501,2021-07-31 16:18:00,720000,720500
300343,2023-07-04 00:00:00,220311,2023-07-04 15:14:00,220000,220300
300344,2012-07-20 00:00:00,250105,2015-10-27 15:29:00,250000,250100
300344,2014-02-21 00:00:00,610301,2024-09-27 12:41:00,610000,610300
300344,2019-07-24 00:00:00,710201,2019-08-09 15:39:00,710000,710200
300344,2021-07-30 00:00:00,710401,2021-07-31 16:18:00,710000,710400
300345,2012-07-24 00:00:00,260102,2015-10-27 15:29:00,260000,260100
300345,2014-02-21 00:00:00,640102,2024-09-27 12:41:00,640000,640100
300345,2017-06-29 00:00:00,640103,2019-08-09 15:39:00,640000,640100
300345,2024-07-30 12:45:00,630501,2025-10-15 10:57:00,630000,630500
300346,2012-01-30 00:00:00,270302,2015-10-27 15:29:00,270000,270300
300346,2018-07-13 00:00:00,270103,2019-08-09 15:38:00,270000,270100
300346,2021-07-30 00:00:00,270601,2023-12-25 17:15:00,270000,270600
300347,2012-01-07 00:00:00,370601,2015-10-27 15:29:00,370000,370600
300347,2021-07-30 00:00:00,370603,2025-09-17 18:36:00,370000,370600
300348,2012-08-08 00:00:00,470302,2015-10-27 15:28:00,470000,470300
300348,2014-02-21 00:00:00,710201,2024-09-27 12:41:00,710000,710200
300348,2021-07-30 00:00:00,710401,2023-04-03 14:29:00,710000,710400
300349,2012-08-09 00:00:00,470303,2015-10-27 15:29:00,470000,470300
300349,2013-07-01 00:00:00,260301,2015-10-27 15:29:00,260000,260300
300349,2014-02-21 00:00:00,640301,2024-09-27 12:41:00,640000,640300
300349,2021-07-30 00:00:00,640107,2025-10-15 10:57:00,640000,640100
300350,2012-01-13 00:00:00,420801,2015-10-27 15:29:00,420000,420800
300350,2021-07-30 00:00:00,420803,2025-10-15 10:57:00,420000,420800
300351,2012-09-12 00:00:00,310306,2015-10-27 15:29:00,310000,310300
300351,2014-02-21 00:00:00,640501,2024-09-27 12:41:00,640000,640500
300352,2012-09-04 00:00:00,470302,2015-10-27 15:28:00,470000,470300
300352,2014-02-21 00:00:00,710201,2024-09-27 12:41:00,710000,710200
300352,2021-07-30 00:00:00,710401,2021-07-31 16:18:00,710000,710400
300353,2012-09-11 00:00:00,320103,2015-10-27 15:28:00,320000,320100
300353,2014-02-21 00:00:00,730202,2024-09-27 12:41:00,730000,730200
300353,2021-07-30 00:00:00,730207,2026-06-01 14:47:00,730000,730200
300354,2012-09-10 00:00:00,260301,2015-10-27 15:28:00,260000,260300
300354,2014-02-21 00:00:00,640301,2024-09-27 12:41:00,640000,640300
300354,2021-07-30 00:00:00,640107,2025-10-15 10:57:00,640000,640100
300355,2012-09-17 00:00:00,250202,2015-10-27 15:29:00,250000,250200
300355,2014-02-21 00:00:00,620501,2024-09-27 12:41:00,620000,620500
300355,2021-07-30 00:00:00,620307,2021-08-02 13:20:00,620000,620300
300356,2012-09-24 00:00:00,260402,2015-10-27 15:28:00,260000,260400
300356,2014-02-21 00:00:00,630203,2024-09-27 12:41:00,630000,630200
300356,2021-07-30 00:00:00,630804,2022-10-11 14:52:00,630000,630800
300357,2014-01-08 00:00:00,370301,2015-10-27 15:29:00,370000,370300
300357,2021-07-30 00:00:00,370304,2025-10-17 15:50:00,370000,370300
300358,2014-01-08 00:00:00,370501,2015-10-27 15:28:00,370000,370500
300358,2021-07-30 00:00:00,370502,2021-07-31 16:18:00,370000,370500
300359,2014-02-21 00:00:00,720302,2024-10-08 16:34:00,720000,720300
300359,2021-07-30 00:00:00,461102,2021-07-31 16:18:00,460000,461100
300360,2014-02-21 00:00:00,630203,2024-10-08 16:34:00,630000,630200
300360,2021-07-30 00:00:00,630804,2025-10-15 10:57:00,630000,630800
300361,2014-01-08 00:00:00,370102,2024-07-19 08:52:00,370000,370100
300362,2014-02-21 00:00:00,630306,2024-10-08 16:35:00,630000,630300
300362,2018-06-19 00:00:00,640205,2024-10-08 16:35:00,640000,640200
300362,2021-07-30 00:00:00,760102,2021-07-31 16:18:00,760000,760100
300363,2014-01-08 00:00:00,370101,2015-10-27 15:28:00,370000,370100
300363,2021-07-30 00:00:00,370603,2025-09-17 18:36:00,370000,370600
300364,2015-01-15 00:00:00,720101,2015-10-27 15:29:00,720000,720100
300364,2021-07-30 00:00:00,720902,2025-10-15 10:57:00,720000,720900
300365,2014-02-21 00:00:00,710202,2024-10-08 16:36:00,710000,710200
300365,2021-07-30 00:00:00,710401,2021-07-31 16:18:00,710000,710400
300366,2014-02-21 00:00:00,710201,2024-10-08 16:36:00,710000,710200
300366,2021-07-30 00:00:00,710401,2021-07-31 16:18:00,710000,710400
300367,2014-02-21 00:00:00,710101,2024-10-08 16:36:00,710000,710100
300367,2018-07-13 00:00:00,710201,2019-08-09 15:39:00,710000,710200
300367,2021-07-30 00:00:00,710102,2021-07-31 16:18:00,710000,710100
300368,2014-02-21 00:00:00,710101,2024-10-08 16:37:00,710000,710100
300368,2021-07-30 00:00:00,710103,2021-07-31 16:18:00,710000,710100
300369,2014-02-21 00:00:00,710201,2024-10-08 16:37:00,710000,710200
300369,2021-07-30 00:00:00,710402,2025-01-24 16:29:00,710000,710400
300370,2014-01-08 00:00:00,210401,2015-10-27 15:28:00,210000,210400
300370,2016-04-14 00:00:00,630202,2018-06-20 15:07:00,630000,630200
300370,2018-07-13 00:00:00,640301,2019-08-09 15:39:00,640000,640300
300370,2021-07-30 00:00:00,640107,2025-10-15 10:57:00,640000,640100
300371,2014-02-21 00:00:00,640301,2024-10-08 16:37:00,640000,640300
300371,2021-07-30 00:00:00,640107,2025-10-15 10:57:00,640000,640100
300372,2014-02-21 00:00:00,630306,2024-10-08 16:38:00,630000,630300
300373,2014-01-08 00:00:00,270102,2015-10-27 15:29:00,270000,270100
300374,2015-01-09 00:03:00,610301,2015-11-05 14:02:00,610000,610300
300375,2014-02-21 00:00:00,280201,2024-10-08 16:38:00,280000,280200
300375,2021-07-30 00:00:00,280203,2025-01-08 14:36:00,280000,280200
300376,2014-02-21 00:00:00,630305,2024-10-08 16:39:00,630000,630300
300376,2021-07-30 00:00:00,630306,2025-10-15 10:57:00,630000,630300
300377,2014-02-21 00:00:00,710201,2024-10-08 16:39:00,710000,710200
300377,2021-07-30 00:00:00,710401,2021-07-31 16:18:00,710000,710400
300378,2014-02-21 00:00:00,710201,2024-10-08 16:39:00,710000,710200
300378,2021-07-30 00:00:00,710402,2024-05-29 20:27:00,710000,710400
300379,2014-02-21 00:00:00,710201,2024-10-08 16:40:00,710000,710200
300379,2021-07-30 00:00:00,710401,2021-07-31 16:18:00,710000,710400
300380,2014-02-21 00:00:00,710201,2024-10-08 16:40:00,710000,710200
300380,2021-07-30 00:00:00,710401,2021-07-31 16:18:00,710000,710400
300381,2014-01-22 00:00:00,370301,2015-10-27 15:29:00,370000,370300
300381,2021-07-30 00:00:00,370101,2021-07-31 16:18:00,370000,370100
300382,2014-02-21 00:00:00,640209,2024-10-08 16:41:00,640000,640200
300383,2014-02-21 00:00:00,720303,2024-10-08 16:41:00,720000,720300
300383,2017-11-01 00:00:00,730203,2021-03-03 15:32:00,730000,730200
300383,2021-07-30 00:00:00,710301,2021-07-31 16:18:00,710000,710300
300383,2023-07-04 00:00:00,730104,2026-06-01 14:47:00,730000,730100
300384,2014-02-21 00:00:00,710202,2024-10-08 16:41:00,710000,710200
300384,2018-07-13 00:00:00,220404,2018-07-13 11:07:00,220000,220400
300384,2019-07-24 00:00:00,620402,2019-08-09 15:39:00,620000,620400
300385,2014-02-21 00:00:00,640205,2024-10-08 16:42:00,640000,640200
300385,2021-07-30 00:00:00,760101,2025-10-15 10:57:00,760000,760100
300386,2014-02-21 00:00:00,710101,2024-10-08 16:42:00,710000,710100
300386,2021-07-30 00:00:00,710103,2021-07-31 16:18:00,710000,710100
300387,2014-01-02 00:00:00,220309,2015-10-27 15:28:00,220000,220300
300387,2021-07-30 00:00:00,220805,2021-07-31 16:18:00,220000,220800
300388,2014-01-31 00:00:00,410201,2015-10-27 15:28:00,410000,410200
300388,2021-07-30 00:00:00,760102,2025-10-15 10:57:00,760000,760100
300389,2014-01-31 00:00:00,270302,2015-10-27 15:28:00,270000,270300
300390,2014-01-31 00:00:00,270401,2015-10-27 15:29:00,270000,270400
300390,2022-07-29 00:00:00,240603,2023-04-25 09:32:00,240000,240600
300390,2023-09-15 00:00:00,630702,2025-10-15 10:57:00,630000,630700
300391,2014-02-21 00:00:00,640104,2024-10-08 16:43:00,640000,640100
300391,2021-07-30 00:00:00,280203,2021-07-31 16:18:00,280000,280200
300391,2022-07-29 00:00:00,370201,2022-07-29 11:54:00,370000,370200
300392,2014-02-21 00:00:00,720201,2024-10-08 16:43:00,720000,720200
300392,2021-07-30 00:00:00,720501,2021-07-31 16:18:00,720000,720500
300393,2014-02-21 00:00:00,630303,2024-10-08 16:44:00,630000,630300
300393,2021-07-30 00:00:00,630502,2025-10-15 10:57:00,630000,630500
300394,2015-01-15 00:02:00,270203,2015-11-05 14:02:00,270000,270200
300394,2018-07-13 00:00:00,730202,2021-03-03 15:32:00,730000,730200
300394,2021-07-30 00:00:00,730204,2026-06-01 14:47:00,730000,730200
300395,2014-01-24 00:00:00,240203,2024-06-24 23:01:00,240000,240200
300395,2014-09-10 00:00:00,610201,2024-06-24 23:01:00,610000,610200
300395,2014-11-24 00:00:00,240203,2024-06-24 23:01:00,240000,240200
300395,2021-07-30 00:00:00,650201,2025-12-29 16:37:00,650000,650200
300396,2014-01-10 00:00:00,370501,2015-10-27 15:28:00,370000,370500
300396,2021-07-30 00:00:00,370504,2021-07-31 16:18:00,370000,370500
300397,2014-02-21 00:00:00,640301,2024-10-08 16:44:00,640000,640300
300397,2017-06-29 00:00:00,650201,2019-08-09 15:39:00,650000,650200
300397,2022-07-29 00:00:00,650501,2025-10-15 10:57:00,650000,650500
300398,2014-01-26 00:00:00,220305,2015-10-27 15:28:00,220000,220300
300398,2021-07-30 00:00:00,270601,2022-10-12 12:03:00,270000,270600
300399,2014-02-21 00:00:00,710202,2024-10-08 16:44:00,710000,710200
300399,2021-07-30 00:00:00,710301,2021-07-31 16:18:00,710000,710300
300400,2014-02-21 00:00:00,640106,2024-10-08 16:45:00,640000,640100
300400,2021-07-30 00:00:00,640704,2025-10-15 10:57:00,640000,640700
300401,2014-01-26 00:00:00,370101,2015-10-27 15:29:00,370000,370100
300402,2014-02-21 00:00:00,640203,2024-10-08 16:45:00,640000,640200
300402,2017-06-29 00:00:00,640401,2019-08-09 15:39:00,640000,640400
300402,2021-07-30 00:00:00,640108,2025-10-15 10:57:00,640000,640100
300403,2014-01-24 00:00:00,330105,2015-10-27 15:28:00,330000,330100
300403,2021-07-30 00:00:00,330601,2021-07-31 16:18:00,330000,330600
300404,2015-01-13 00:04:00,370601,2015-10-28 09:05:00,370000,370600
300404,2021-07-30 00:00:00,370603,2021-07-31 16:18:00,370000,370600
300405,2014-01-24 00:00:00,220309,2015-10-27 15:29:00,220000,220300
300406,2014-01-24 00:00:00,370301,2015-10-27 15:29:00,370000,370300
300406,2018-07-13 00:00:00,370501,2020-12-04 14:32:00,370000,370500
300406,2021-07-30 00:00:00,370504,2021-07-31 16:18:00,370000,370500
300407,2014-02-21 00:00:00,630201,2024-10-08 16:46:00,630000,630200
300407,2021-07-30 00:00:00,630803,2025-10-15 10:57:00,630000,630800
300408,2014-01-25 00:00:00,270203,2015-10-27 15:29:00,270000,270200
300409,2014-01-25 00:00:00,220305,2015-10-27 15:28:00,220000,220300
300409,2019-07-24 00:00:00,220204,2020-05-14 10:07:00,220000,220200
300409,2021-07-30 00:00:00,630702,2025-10-15 10:57:00,630000,630700
300410,2014-01-19 00:00:00,270401,2015-10-27 15:29:00,270000,270400
300410,2018-07-13 00:00:00,640301,2019-08-09 15:39:00,640000,640300
300410,2021-07-30 00:00:00,640107,2021-08-02 13:23:00,640000,640100
300410,2022-07-29 00:00:00,630703,2025-10-15 10:57:00,630000,630700
300411,2014-02-21 00:00:00,640209,2024-10-08 16:46:00,640000,640200
300412,2014-01-19 00:00:00,370501,2015-10-27 15:29:00,370000,370500
300412,2019-07-24 00:00:00,640209,2019-08-09 15:39:00,640000,640200
300413,2015-01-15 00:00:00,450303,2015-10-27 15:29:00,450000,450300
300413,2019-07-24 00:00:00,720301,2021-03-03 15:32:00,720000,720300
300413,2021-07-30 00:00:00,720701,2025-10-15 10:57:00,720000,720700
300414,2015-01-06 00:05:00,630403,2018-06-20 15:07:00,630000,630400
300414,2018-07-13 00:00:00,730203,2019-08-09 15:40:00,730000,730200
300414,2021-07-30 00:00:00,730207,2026-06-01 14:47:00,730000,730200
300415,2015-01-15 00:00:00,640209,2015-10-27 15:29:00,640000,640200
300416,2015-01-15 00:00:00,640301,2015-10-27 15:29:00,640000,640300
300416,2021-07-30 00:00:00,640107,2021-08-02 13:23:00,640000,640100
300416,2022-07-29 00:00:00,460802,2025-10-15 10:57:00,460000,460800
300417,2015-01-15 00:00:00,640301,2015-10-27 15:29:00,640000,640300
300417,2021-07-30 00:00:00,640107,2025-10-15 10:57:00,640000,640100
300418,2015-01-15 00:00:00,720302,2015-10-27 15:29:00,720000,720300
300418,2021-07-30 00:00:00,720401,2026-04-02 13:26:00,720000,720400
300419,2015-01-15 00:00:00,710202,2019-08-09 15:39:00,710000,710200
300419,2021-07-30 00:00:00,710301,2021-07-31 16:18:00,710000,710300
300420,2015-01-15 00:02:00,640106,2015-10-28 09:05:00,640000,640100
300421,2015-01-15 00:02:00,640102,2015-11-05 14:02:00,640000,640100
300421,2021-07-30 00:00:00,640108,2025-10-15 10:57:00,640000,640100
300422,2015-02-15 00:00:00,410401,2015-10-27 15:28:00,410000,410400
300422,2021-07-30 00:00:00,760102,2025-10-15 10:57:00,760000,760100
300423,2015-01-15 00:02:00,630402,2020-12-04 14:32:00,630000,630400
300423,2021-07-30 00:00:00,630801,2025-10-15 10:57:00,630000,630800
300424,2015-04-13 00:00:00,650201,2015-10-27 15:29:00,650000,650200
300425,2015-01-15 00:02:00,410401,2017-05-26 10:00:00,410000,410400
300425,2021-07-30 00:00:00,760102,2022-10-11 14:52:00,760000,760100
300425,2023-02-24 00:00:00,760201,2023-02-27 16:51:00,760000,760200
300425,2024-07-30 12:45:00,760102,2025-10-15 10:57:00,760000,760100
300426,2015-02-15 00:00:00,720102,2015-10-27 15:29:00,720000,720100
300426,2021-07-30 00:00:00,720601,2025-10-15 10:57:00,720000,720600
300427,2015-01-15 00:02:00,630201,2017-05-26 10:00:00,630000,630200
300427,2021-07-30 00:00:00,630803,2025-10-15 10:57:00,630000,630800
300428,2015-01-09 00:03:00,240201,2018-06-20 15:07:00,240000,240200
300428,2019-07-24 00:00:00,280201,2019-08-09 15:39:00,280000,280200
300428,2021-07-30 00:00:00,280204,2025-01-08 14:36:00,280000,280200
300429,2015-03-09 00:00:00,220309,2021-04-01 14:12:00,220000,220300
300429,2021-07-30 00:00:00,270601,2023-12-25 16:34:00,270000,270600
300430,2015-03-09 00:00:00,640106,2015-10-27 15:28:00,640000,640100
300430,2026-07-01 10:24:00,370502,2026-07-01 10:24:00,370000,370500
300431,2015-03-09 00:00:00,720301,2015-10-27 15:28:00,720000,720300
300432,2015-01-09 00:03:00,280201,2015-10-28 09:05:00,280000,280200
300432,2021-07-30 00:00:00,280203,2021-07-31 16:18:00,280000,280200
300432,2023-07-04 00:00:00,630702,2025-10-15 10:57:00,630000,630700
300433,2015-01-09 00:03:00,270502,2015-11-05 14:02:00,270000,270500
300433,2021-07-30 00:00:00,270504,2023-04-25 09:32:00,270000,270500
300434,2015-04-13 00:00:00,640209,2015-10-27 15:29:00,640000,640200
300434,2018-07-13 00:00:00,370102,2020-12-04 14:32:00,370000,370100
300435,2015-01-16 00:03:00,640105,2015-11-05 14:02:00,640000,640100
300435,2020-02-24 00:00:00,410301,2020-02-24 14:41:00,410000,410300
300435,2026-07-01 10:24:00,640203,2026-07-01 10:24:00,640000,640200
300436,2015-01-13 00:04:00,370301,2015-10-28 09:05:00,370000,370300
300436,2017-06-29 00:00:00,370102,2020-12-04 14:32:00,370000,370100
300437,2015-01-13 00:04:00,220309,2015-11-05 14:02:00,220000,220300
300437,2021-07-30 00:00:00,760102,2025-10-15 10:57:00,760000,760100
300438,2015-01-13 00:04:00,270401,2015-11-05 14:02:00,270000,270400
300438,2021-02-24 00:00:00,630305,2021-02-24 09:40:00,630000,630300
300438,2021-07-30 00:00:00,630701,2025-10-15 10:57:00,630000,630700
300439,2015-01-13 00:04:00,370301,2015-10-28 09:05:00,370000,370300
300439,2015-11-02 00:00:00,370501,2020-12-04 14:32:00,370000,370500
300439,2021-07-30 00:00:00,370504,2021-07-31 16:18:00,370000,370500
300440,2015-04-13 00:00:00,710202,2019-08-09 15:39:00,710000,710200
300440,2021-07-30 00:00:00,710301,2021-07-31 16:18:00,710000,710300
300441,2015-04-13 00:00:00,640106,2015-10-27 15:28:00,640000,640100
300442,2015-04-13 00:00:00,640208,2019-08-09 15:39:00,640000,640200
300442,2023-07-04 00:00:00,730104,2025-10-15 10:57:00,730000,730100
300443,2015-01-13 00:04:00,640102,2015-11-05 14:02:00,640000,640100
300443,2017-06-29 00:00:00,630302,2020-04-02 15:59:00,630000,630300
300443,2021-07-30 00:00:00,630602,2025-12-10 10:16:00,630000,630600
300444,2015-01-13 00:04:00,630402,2020-12-04 14:32:00,630000,630400
300444,2021-07-30 00:00:00,630801,2025-10-15 10:57:00,630000,630800
300445,2015-01-13 00:04:00,640301,2015-10-28 09:05:00,640000,640300
300445,2021-07-30 00:00:00,640107,2025-10-15 10:57:00,640000,640100
300446,2015-01-13 00:04:00,270203,2015-11-05 14:02:00,270000,270200
300446,2017-06-29 00:00:00,220309,2019-08-09 15:39:00,220000,220300
300446,2021-07-30 00:00:00,270601,2021-07-31 16:18:00,270000,270600
300446,2024-07-30 12:45:00,280202,2025-01-08 14:36:00,280000,280200
300447,2015-01-13 00:04:00,630404,2020-07-08 09:57:00,630000,630400
300447,2021-07-30 00:00:00,650501,2025-10-15 10:57:00,650000,650500
300448,2015-01-13 00:04:00,710202,2019-08-09 15:39:00,710000,710200
300448,2021-07-30 00:00:00,710301,2021-07-31 16:18:00,710000,710300
300449,2015-01-13 00:04:00,710101,2019-08-09 15:39:00,710000,710100
300449,2021-07-30 00:00:00,710102,2021-07-31 16:18:00,710000,710100
300450,2015-01-06 00:05:00,640106,2015-10-28 09:05:00,640000,640100
300450,2019-07-24 00:00:00,640209,2021-03-03 15:32:00,640000,640200
300450,2021-07-30 00:00:00,630703,2025-10-15 10:57:00,630000,630700
300451,2015-01-06 00:05:00,710201,2021-03-03 15:32:00,710000,710200
300451,2021-07-30 00:00:00,710401,2024-04-01 15:29:00,710000,710400
300452,2015-01-06 00:05:00,370101,2015-11-05 14:02:00,370000,370100
300453,2015-01-06 00:05:00,370501,2020-12-04 14:32:00,370000,370500
300453,2021-07-30 00:00:00,370503,2021-07-31 16:18:00,370000,370500
300454,2018-05-05 17:14:00,710201,2021-03-03 15:32:00,710000,710200
300454,2021-07-30 00:00:00,710402,2023-06-01 14:03:00,710000,710400
300455,2015-01-06 00:05:00,710202,2015-11-05 14:02:00,710000,710200
300455,2017-06-29 00:00:00,710101,2019-08-09 15:39:00,710000,710100
300455,2021-07-30 00:00:00,710103,2025-10-15 10:57:00,710000,710100
300456,2015-05-06 00:00:00,650101,2015-10-27 15:29:00,650000,650100
300456,2020-07-30 00:00:00,270101,2021-06-24 09:36:00,270000,270100
300456,2021-07-30 00:00:00,270106,2023-03-01 10:53:00,270000,270100
300457,2015-05-06 00:00:00,640209,2015-10-27 15:29:00,640000,640200
300457,2021-07-30 00:00:00,630703,2025-10-15 10:57:00,630000,630700
300458,2015-01-06 00:05:00,270101,2015-11-05 14:02:00,270000,270100
300458,2021-07-30 00:00:00,270104,2023-04-25 09:32:00,270000,270100
300459,2015-01-06 00:05:00,220304,2015-11-05 14:02:00,220000,220300
300459,2018-07-13 00:00:00,720302,2019-08-09 15:38:00,720000,720300
300459,2021-07-30 00:00:00,720401,2025-10-15 10:57:00,720000,720400
300460,2015-01-06 00:05:00,270203,2015-11-05 14:02:00,270000,270200
300461,2015-01-25 00:05:00,640209,2015-11-05 14:02:00,640000,640200
300461,2021-07-30 00:00:00,640704,2025-10-15 10:57:00,640000,640700
300462,2015-01-25 00:05:00,710101,2019-08-09 15:39:00,710000,710100
300462,2021-07-30 00:00:00,710103,2021-07-31 16:18:00,710000,710100
300463,2015-05-25 00:00:00,370301,2015-10-27 15:29:00,370000,370300
300463,2015-11-02 00:00:00,370501,2021-03-03 15:32:00,370000,370500
300463,2021-07-30 00:00:00,370504,2024-04-01 15:28:00,370000,370500
300464,2015-01-15 00:06:00,640106,2015-11-05 14:02:00,640000,640100
300464,2019-07-24 00:00:00,640102,2020-10-19 09:21:00,640000,640100
300464,2021-07-30 00:00:00,450602,2022-06-02 10:30:00,450000,450600
300465,2015-01-25 00:05:00,710201,2019-08-09 15:39:00,710000,710200
300465,2021-07-30 00:00:00,710401,2021-07-31 16:18:00,710000,710400
300466,2015-01-25 00:05:00,630203,2020-12-04 14:32:00,630000,630200
300466,2021-07-30 00:00:00,630804,2021-11-30 13:18:00,630000,630800
300466,2022-07-29 00:00:00,640106,2022-10-11 14:52:00,640000,640100
300466,2024-07-30 12:45:00,640107,2025-10-15 10:57:00,640000,640100
300467,2015-05-25 00:00:00,730202,2015-10-27 15:29:00,730000,730200
300467,2017-06-29 00:00:00,720303,2019-09-10 17:02:00,720000,720300
300467,2021-07-30 00:00:00,720401,2025-10-15 10:57:00,720000,720400
300468,2015-01-25 00:05:00,710201,2019-08-09 15:39:00,710000,710200
300468,2021-07-30 00:00:00,710401,2021-07-31 16:18:00,710000,710400
300469,2015-06-15 00:00:00,710201,2015-10-27 15:29:00,710000,710200
300469,2021-07-30 00:00:00,710401,2026-08-06 13:21:00,710000,710400
300470,2015-01-15 00:06:00,640106,2015-11-05 14:02:00,640000,640100
300471,2015-06-15 00:00:00,640209,2019-08-09 15:39:00,640000,640200
300472,2015-01-15 00:06:00,640209,2015-10-28 09:05:00,640000,640200
300473,2015-01-15 00:06:00,280201,2015-11-05 14:02:00,280000,280200
300473,2021-07-30 00:00:00,280205,2025-01-08 14:36:00,280000,280200
300474,2016-04-07 00:00:00,650101,2016-04-07 21:09:00,650000,650100
300474,2021-07-30 00:00:00,650501,2025-10-15 10:57:00,650000,650500
300475,2015-01-15 00:06:00,330105,2015-11-05 14:02:00,330000,330100
300475,2021-07-30 00:00:00,330601,2021-07-31 16:18:00,330000,330600
300475,2022-05-20 00:00:00,270401,2022-05-20 17:34:00,270000,270400
300476,2015-01-15 00:06:00,270202,2015-11-05 14:02:00,270000,270200
300477,2015-01-15 00:06:00,630402,2020-12-04 14:32:00,630000,630400
300477,2021-07-30 00:00:00,630801,2022-10-11 14:52:00,630000,630800
300477,2023-07-04 00:00:00,630702,2025-10-15 10:57:00,630000,630700
300478,2015-01-15 00:06:00,220501,2019-08-09 15:39:00,220000,220500
300478,2021-07-30 00:00:00,220503,2021-07-31 16:18:00,220000,220500
300479,2015-01-15 00:06:00,710101,2015-10-28 09:05:00,710000,710100
300479,2021-07-30 00:00:00,710103,2021-07-31 16:18:00,710000,710100
300480,2015-01-18 00:06:00,640203,2015-11-05 14:02:00,640000,640200
300481,2015-01-18 00:06:00,220309,2015-11-05 14:02:00,220000,220300
300481,2021-07-30 00:00:00,270601,2025-12-30 17:34:00,270000,270600
300482,2015-01-16 00:06:00,370501,2021-03-03 15:32:00,370000,370500
300482,2021-07-30 00:00:00,370504,2024-04-01 15:28:00,370000,370500
300483,2015-01-18 00:06:00,640209,2015-11-05 14:02:00,640000,640200
300483,2021-07-30 00:00:00,410301,2025-10-15 10:57:00,410000,410300
300484,2016-04-18 00:00:00,630202,2016-04-18 16:52:00,630000,630200
300484,2021-07-30 00:00:00,640702,2025-10-15 10:57:00,640000,640700
300485,2015-01-16 00:06:00,370102,2015-11-05 14:02:00,370000,370100
300485,2017-06-29 00:00:00,370301,2020-12-04 14:32:00,370000,370300
300485,2021-07-30 00:00:00,370304,2021-07-31 16:18:00,370000,370300
300486,2015-06-18 00:00:00,640209,2019-08-09 15:39:00,640000,640200
300486,2021-07-30 00:00:00,640704,2025-10-15 10:57:00,640000,640700
300487,2015-01-18 00:06:00,220309,2015-11-05 14:02:00,220000,220300
300487,2021-07-30 00:00:00,220504,2024-01-19 09:04:00,220000,220500
300488,2015-06-18 00:00:00,640102,2015-10-27 15:29:00,640000,640100
300488,2021-07-30 00:00:00,640108,2025-10-15 10:57:00,640000,640100
300489,2015-01-18 00:06:00,240203,2018-06-20 15:07:00,240000,240200
300489,2019-07-24 00:00:00,240201,2021-01-25 13:36:00,240000,240200
300489,2021-07-30 00:00:00,240301,2021-07-31 16:18:00,240000,240300
300489,2022-07-29 00:00:00,640703,2022-07-29 11:54:00,640000,640700
300489,2024-06-03 00:00:00,270303,2025-01-08 14:36:00,270000,270300
300490,2016-01-07 00:00:00,630201,2016-01-07 16:54:00,630000,630200
300490,2021-07-30 00:00:00,630803,2022-10-11 14:52:00,630000,630800
300490,2023-07-04 00:00:00,630703,2025-10-15 10:57:00,630000,630700
300491,2016-01-05 09:12:00,630305,2020-12-04 14:32:00,630000,630300
300491,2021-07-30 00:00:00,630306,2025-10-15 10:57:00,630000,630300
300492,2015-11-05 00:00:00,620302,2018-06-20 15:07:00,620000,620300
300492,2018-07-13 00:00:00,620101,2020-11-27 09:56:00,620000,620100
300492,2021-07-30 00:00:00,620601,2025-10-15 10:57:00,620000,620600
300492,2026-07-01 10:24:00,461102,2026-07-01 10:24:00,460000,461100
300493,2015-12-23 00:00:00,270101,2019-08-09 15:38:00,270000,270100
300493,2021-07-30 00:00:00,270401,2023-04-25 09:32:00,270000,270400
300494,2016-01-07 00:00:00,720301,2019-08-09 15:38:00,720000,720300
300494,2021-07-30 00:00:00,720401,2025-10-15 10:57:00,720000,720400
300495,2015-07-01 13:03:00,620501,2015-11-05 14:01:00,620000,620500
300495,2021-07-30 00:00:00,620307,2021-08-02 13:20:00,620000,620300
300496,2015-12-23 00:00:00,710202,2021-03-03 15:32:00,710000,710200
300496,2021-07-30 00:00:00,710301,2023-04-03 14:29:00,710000,710300
300497,2015-12-24 00:00:00,370101,2020-12-04 14:32:00,370000,370100
300498,2015-11-02 00:00:00,110701,2021-03-03 15:31:00,110000,110700
300498,2021-07-30 00:00:00,110702,2021-07-31 16:18:00,110000,110700
300499,2016-02-03 00:00:00,640209,2019-08-09 15:39:00,640000,640200
300500,2016-02-03 00:00:00,620101,2020-12-04 14:41:00,620000,620100
300500,2021-07-30 00:00:00,620601,2021-07-31 16:18:00,620000,620600
300501,2016-02-04 00:00:00,360201,2019-08-09 15:39:00,360000,360200
300501,2021-07-30 00:00:00,360206,2021-07-31 16:18:00,360000,360200
300502,2016-03-04 00:00:00,270401,2018-06-26 11:13:00,270000,270400
300502,2018-07-13 00:00:00,730201,2021-03-03 15:32:00,730000,730200
300502,2021-07-30 00:00:00,730204,2026-06-01 14:47:00,730000,730200
300503,2016-03-04 00:00:00,640106,2019-08-09 15:39:00,640000,640100
300504,2018-04-03 09:59:00,730201,2019-08-09 15:40:00,730000,730200
300504,2021-07-30 00:00:00,730206,2026-06-01 14:47:00,730000,730200
300505,2016-03-23 00:00:00,220312,2019-08-09 15:39:00,220000,220300
300505,2021-07-30 00:00:00,220802,2021-07-31 16:18:00,220000,220800
300506,2016-04-18 00:00:00,620201,2019-08-09 15:39:00,620000,620200
300507,2016-04-18 00:00:00,280201,2019-08-09 15:39:00,280000,280200
300507,2021-07-30 00:00:00,280203,2025-01-08 14:36:00,280000,280200
300508,2016-04-24 00:00:00,710202,2019-08-09 15:39:00,710000,710200
300508,2021-07-30 00:00:00,710103,2021-07-31 16:18:00,710000,710100
300509,2016-04-18 00:00:00,640208,2019-08-09 15:39:00,640000,640200
300510,2016-04-24 00:00:00,630402,2020-12-04 14:32:00,630000,630400
300510,2021-07-30 00:00:00,630803,2025-10-15 10:57:00,630000,630800
300511,2016-04-18 00:00:00,110102,2024-06-27 07:51:00,110000,110100
300511,2021-07-30 00:00:00,110104,2025-01-08 14:43:00,110000,110100
300512,2016-05-09 00:00:00,640208,2016-05-09 17:08:00,640000,640200
300513,2016-05-25 00:00:00,710202,2018-06-26 11:13:00,710000,710200
300513,2019-07-24 00:00:00,730203,2019-08-09 15:40:00,730000,730200
300513,2021-07-30 00:00:00,730103,2026-06-01 14:47:00,730000,730100
300514,2017-04-19 16:43:00,630203,2020-12-04 14:32:00,630000,630200
300514,2021-07-30 00:00:00,630804,2025-10-15 10:57:00,630000,630800
300515,2016-05-25 00:00:00,640301,2019-08-09 15:39:00,640000,640300
300515,2021-07-30 00:00:00,640107,2025-10-15 10:57:00,640000,640100
300516,2016-05-25 00:00:00,270401,2019-08-09 15:38:00,270000,270400
300517,2016-06-24 00:00:00,620401,2020-12-04 14:41:00,620000,620400
300518,2016-06-24 00:00:00,720302,2019-08-09 15:38:00,720000,720300
300518,2021-07-30 00:00:00,720401,2021-07-31 16:18:00,720000,720400
300518,2022-07-29 00:00:00,450603,2022-07-29 11:54:00,450000,450600
300519,2016-06-24 00:00:00,370201,2020-12-04 14:32:00,370000,370200
300520,2016-06-24 00:00:00,710201,2016-06-24 15:46:00,710000,710200
300520,2021-07-30 00:00:00,710401,2021-07-31 16:18:00,710000,710400
300521,2016-06-24 00:00:00,640208,2019-08-09 15:39:00,640000,640200
300522,2016-06-24 00:00:00,220204,2018-06-20 15:07:00,220000,220200
300522,2018-07-13 00:00:00,220305,2019-08-09 15:39:00,220000,220300
300523,2016-07-18 00:00:00,710202,2019-08-09 15:39:00,710000,710200
300523,2021-07-30 00:00:00,710301,2021-07-31 16:18:00,710000,710300
300525,2016-07-18 00:00:00,710201,2024-06-20 21:00:00,710000,710200
300525,2021-07-30 00:00:00,710401,2024-06-20 21:00:00,710000,710400
300526,2016-07-18 00:00:00,350207,2019-08-09 15:38:00,350000,350200
300526,2021-07-30 00:00:00,350205,2021-07-31 16:18:00,350000,350200
300527,2016-07-18 00:00:00,650201,2016-07-18 13:10:00,650000,650200
300527,2018-07-13 00:00:00,650301,2019-08-09 15:39:00,650000,650300
300528,2016-08-04 00:00:00,720102,2019-08-09 15:38:00,720000,720100
300528,2021-07-30 00:00:00,720602,2025-10-15 10:57:00,720000,720600
300529,2016-07-18 00:00:00,370501,2021-03-03 15:32:00,370000,370500
300529,2021-07-30 00:00:00,370503,2021-07-31 16:18:00,370000,370500
300530,2016-08-04 00:00:00,220309,2019-08-09 15:39:00,220000,220300
300530,2026-07-01 10:24:00,630701,2026-07-01 10:24:00,630000,630700
300531,2016-08-04 00:00:00,730201,2019-08-09 15:40:00,730000,730200
300531,2021-07-30 00:00:00,710103,2021-07-31 16:18:00,710000,710100
300532,2016-08-04 00:00:00,710202,2019-08-09 15:39:00,710000,710200
300532,2021-07-30 00:00:00,710301,2021-07-31 16:18:00,710000,710300
300533,2016-08-04 00:00:00,720302,2019-08-09 15:38:00,720000,720300
300533,2021-07-30 00:00:00,720401,2025-10-15 10:57:00,720000,720400
300534,2016-09-07 00:00:00,370201,2020-12-04 14:32:00,370000,370200
300535,2016-08-04 00:00:00,220308,2019-08-09 15:39:00,220000,220300
300535,2021-07-30 00:00:00,220309,2021-07-31 16:18:00,220000,220300
300536,2016-08-23 00:00:00,620501,2019-08-09 15:39:00,620000,620500
300536,2021-07-30 00:00:00,620307,2021-08-02 13:20:00,620000,620300
300536,2026-07-01 10:24:00,710301,2026-07-01 10:24:00,710000,710300
300537,2016-08-23 00:00:00,220305,2016-08-23 10:49:00,220000,220300
300537,2021-07-30 00:00:00,270601,2026-06-17 14:33:00,270000,270600
300538,2016-08-23 00:00:00,420801,2018-06-26 11:13:00,420000,420800
300538,2018-07-13 00:00:00,220503,2019-08-09 15:39:00,220000,220500
300539,2016-08-23 00:00:00,220602,2017-05-26 10:00:00,220000,220600
300539,2017-06-29 00:00:00,220501,2019-08-09 15:39:00,220000,220500
300540,2016-08-23 00:00:00,640106,2016-08-23 10:50:00,640000,640100
300540,2017-06-29 00:00:00,640209,2019-08-09 15:39:00,640000,640200
300541,2016-09-07 00:00:00,710201,2018-06-26 11:13:00,710000,710200
300541,2019-07-24 00:00:00,710202,2019-08-09 15:39:00,710000,710200
300541,2021-07-30 00:00:00,710301,2021-07-31 16:18:00,710000,710300
300542,2016-09-07 00:00:00,710201,2019-08-09 15:39:00,710000,710200
300542,2021-07-30 00:00:00,710401,2021-07-31 16:18:00,710000,710400
300543,2016-09-07 00:00:00,270502,2019-08-09 15:38:00,270000,270500
300543,2021-07-30 00:00:00,270504,2023-04-25 09:32:00,270000,270500
300543,2024-07-30 12:45:00,330601,2025-01-08 14:36:00,330000,330600
300545,2016-10-12 00:00:00,270301,2019-08-09 15:38:00,270000,270300
300546,2016-10-12 00:00:00,710201,2016-10-12 23:40:00,710000,710200
300546,2017-06-29 00:00:00,710101,2019-08-09 15:39:00,710000,710100
300546,2021-07-30 00:00:00,710103,2021-07-31 16:18:00,710000,710100
300547,2016-10-12 00:00:00,610303,2016-10-12 23:43:00,610000,610300
300547,2017-06-29 00:00:00,280201,2019-08-09 15:39:00,280000,280200
300547,2021-07-30 00:00:00,280203,2025-01-08 14:36:00,280000,280200
300548,2016-10-12 00:00:00,730202,2016-10-12 23:43:00,730000,730200
300548,2021-07-30 00:00:00,730204,2026-06-01 14:47:00,730000,730200
300549,2016-10-12 00:00:00,640103,2016-10-12 23:44:00,640000,640100
300549,2017-06-29 00:00:00,640209,2019-08-09 15:39:00,640000,640200
300550,2016-10-17 00:00:00,710201,2021-01-27 13:08:00,710000,710200
300550,2021-07-30 00:00:00,710401,2023-06-01 14:46:00,710000,710400
300551,2016-10-17 00:00:00,640209,2019-08-09 15:39:00,640000,640200
300551,2021-05-18 00:00:00,710101,2021-05-18 11:23:00,710000,710100
300551,2021-07-30 00:00:00,710103,2021-07-31 16:18:00,710000,710100
300552,2016-10-17 00:00:00,710201,2019-08-09 15:39:00,710000,710200
300552,2021-07-30 00:00:00,710103,2021-07-31 16:18:00,710000,710100
300553,2016-10-17 00:00:00,640301,2019-08-09 15:39:00,640000,640300
300553,2021-07-30 00:00:00,640107,2025-10-15 10:57:00,640000,640100
300554,2017-04-19 16:47:00,640103,2020-03-06 13:55:00,640000,640100
300555,2016-10-17 00:00:00,730202,2019-08-09 15:40:00,730000,730200
300555,2021-07-30 00:00:00,730206,2026-06-01 14:47:00,730000,730200
300556,2016-10-28 21:33:00,710201,2019-08-09 15:39:00,710000,710200
300556,2021-07-30 00:00:00,710401,2021-07-31 16:18:00,710000,710400
300557,2016-10-28 21:37:00,640301,2019-08-09 15:39:00,640000,640300
300557,2021-07-30 00:00:00,640107,2025-10-15 10:57:00,640000,640100
300558,2016-10-28 21:33:00,370102,2021-03-03 15:32:00,370000,370100
300559,2016-10-28 21:36:00,710201,2019-08-09 15:39:00,710000,710200
300559,2021-07-30 00:00:00,710401,2025-10-15 10:57:00,710000,710400
300560,2016-10-28 21:34:00,730203,2019-08-09 15:40:00,730000,730200
300560,2021-07-30 00:00:00,730103,2026-06-01 14:47:00,730000,730100
300561,2016-11-06 18:25:00,710201,2019-08-09 15:39:00,710000,710200
300561,2021-07-30 00:00:00,710401,2021-07-31 16:18:00,710000,710400
300562,2016-11-06 18:25:00,370501,2021-01-25 09:13:00,370000,370500
300562,2021-07-30 00:00:00,370502,2023-02-02 10:26:00,370000,370500
300563,2016-11-06 18:26:00,730202,2019-08-09 15:40:00,730000,730200
300563,2021-07-30 00:00:00,730205,2026-06-01 14:47:00,730000,730200
300564,2019-10-28 13:10:00,620101,2019-11-06 09:32:00,620000,620100
300564,2021-07-30 00:00:00,620601,2021-07-31 16:18:00,620000,620600
300565,2016-11-06 18:27:00,730203,2016-11-06 18:27:00,730000,730200
300565,2017-06-29 00:00:00,730202,2019-08-09 15:40:00,730000,730200
300565,2021-07-30 00:00:00,730204,2026-06-01 14:47:00,730000,730200
300566,2016-11-06 18:27:00,270203,2017-06-27 08:30:00,270000,270200
300566,2017-06-29 00:00:00,270303,2020-03-06 13:55:00,270000,270300
300567,2016-12-01 18:01:00,640301,2016-12-01 18:01:00,640000,640300
300567,2021-07-30 00:00:00,640107,2025-10-15 10:57:00,640000,640100
300568,2016-12-01 21:02:00,220204,2017-06-19 12:39:00,220000,220200
300568,2017-06-29 00:00:00,220309,2021-04-01 14:09:00,220000,220300
300568,2021-07-30 00:00:00,630702,2025-01-24 16:29:00,630000,630700
300569,2016-12-01 21:02:00,630302,2020-12-04 14:32:00,630000,630300
300569,2021-07-30 00:00:00,630602,2025-10-15 10:57:00,630000,630600
300570,2016-12-01 21:03:00,730202,2019-08-09 15:40:00,730000,730200
300570,2021-07-30 00:00:00,730204,2026-06-01 14:47:00,730000,730200
300571,2016-12-01 21:04:00,730101,2019-05-27 11:01:00,730000,730100
300571,2019-07-24 00:00:00,730203,2019-09-10 17:02:00,730000,730200
300571,2021-07-30 00:00:00,730104,2026-06-01 14:47:00,730000,730100
300572,2016-12-01 21:05:00,640301,2020-06-15 16:37:00,640000,640300
300572,2021-07-30 00:00:00,460802,2023-02-02 10:26:00,460000,460800
300572,2026-07-01 10:24:00,640107,2026-07-01 10:24:00,640000,640100
300573,2016-12-01 21:06:00,370301,2018-06-20 15:07:00,370000,370300
300573,2018-07-13 00:00:00,370102,2020-12-04 14:32:00,370000,370100
300575,2016-12-11 16:16:00,220303,2016-12-11 16:16:00,220000,220300
300575,2021-07-30 00:00:00,220803,2022-10-27 07:58:00,220000,220800
300576,2016-12-11 16:16:00,220305,2019-08-09 15:39:00,220000,220300
300576,2021-07-30 00:00:00,270601,2023-12-25 16:35:00,270000,270600
300577,2016-12-11 16:16:00,350106,2021-03-16 17:03:00,350000,350100
300577,2021-07-30 00:00:00,350205,2026-01-22 08:48:00,350000,350200
300578,2017-01-14 19:00:00,730101,2019-05-07 08:34:00,730000,730100
300578,2021-07-30 00:00:00,730104,2026-06-01 14:47:00,730000,730100
300579,2016-12-11 16:16:00,710201,2019-08-09 15:39:00,710000,710200
300579,2021-07-30 00:00:00,710401,2021-07-31 16:18:00,710000,710400
300580,2016-12-11 16:17:00,280201,2019-08-09 15:39:00,280000,280200
300580,2021-07-30 00:00:00,280203,2025-01-24 15:45:00,280000,280200
300581,2016-12-11 16:17:00,650101,2016-12-11 16:17:00,650000,650100
300581,2017-06-29 00:00:00,650201,2019-08-09 15:39:00,650000,650200
300582,2016-12-11 16:17:00,270302,2019-08-09 15:38:00,270000,270300
300583,2016-12-25 12:07:00,370101,2020-12-04 14:32:00,370000,370100
300584,2017-01-05 21:38:00,370102,2020-12-04 14:32:00,370000,370100
300585,2016-12-19 12:06:00,280201,2019-08-09 15:39:00,280000,280200
300585,2021-07-30 00:00:00,280203,2025-01-08 14:36:00,280000,280200
300586,2016-12-19 12:07:00,220503,2017-05-26 10:00:00,220000,220500
300586,2017-06-29 00:00:00,220501,2019-08-09 15:39:00,220000,220500
300586,2021-07-30 00:00:00,220503,2021-07-31 16:18:00,220000,220500
300587,2016-12-19 12:07:00,220602,2019-08-09 15:39:00,220000,220600
300588,2016-12-19 12:07:00,710201,2019-08-09 15:39:00,710000,710200
300588,2021-07-30 00:00:00,710102,2021-07-31 16:18:00,710000,710100
300589,2017-01-05 21:38:00,650401,2019-08-09 15:39:00,650000,650400
300590,2017-01-05 21:38:00,730201,2019-08-09 15:40:00,730000,730200
300590,2021-07-30 00:00:00,730206,2026-06-01 14:47:00,730000,730200
300591,2016-12-25 12:07:00,350205,2019-08-09 15:38:00,350000,350200
300592,2017-01-05 21:39:00,620201,2020-12-04 14:41:00,620000,620200
300592,2022-07-08 00:00:00,450602,2022-07-08 16:58:00,450000,450600
300593,2016-12-25 12:07:00,630305,2020-12-04 14:32:00,630000,630300
300593,2021-07-30 00:00:00,630306,2025-12-26 14:23:00,630000,630300
300594,2019-06-06 10:34:00,640501,2019-08-09 15:39:00,640000,640500
300595,2017-01-14 18:18:00,370501,2017-01-14 18:18:00,370000,370500
300595,2021-07-30 00:00:00,370503,2024-04-01 15:28:00,370000,370500
300596,2017-01-05 21:39:00,220309,2021-03-09 08:34:00,220000,220300
300596,2021-07-30 00:00:00,220501,2021-07-31 16:18:00,220000,220500
300596,2022-07-29 00:00:00,220309,2022-10-12 12:03:00,220000,220300
300597,2017-01-14 18:19:00,730203,2019-08-09 15:40:00,730000,730200
300597,2021-07-30 00:00:00,730103,2026-06-01 14:47:00,730000,730100
300598,2017-01-14 18:20:00,710201,2019-08-09 15:39:00,710000,710200
300598,2021-07-30 00:00:00,710401,2021-07-31 16:18:00,710000,710400
300599,2017-01-14 18:21:00,610302,2019-08-09 15:39:00,610000,610300
300600,2017-01-14 19:41:00,630402,2017-01-14 19:41:00,630000,630400
300600,2017-06-27 00:00:00,650401,2019-08-09 15:39:00,650000,650400
300601,2017-01-14 18:28:00,370301,2021-03-03 15:32:00,370000,370300
300601,2021-07-30 00:00:00,370303,2021-07-31 16:18:00,370000,370300
300602,2017-01-14 19:34:00,270502,2019-08-09 15:38:00,270000,270500
300602,2021-07-30 00:00:00,270504,2023-04-25 09:32:00,270000,270500
300603,2017-01-14 19:34:00,730203,2019-08-09 15:40:00,730000,730200
300603,2021-07-30 00:00:00,730104,2021-07-31 16:18:00,730000,730100
300603,2022-07-29 00:00:00,730103,2026-06-01 14:47:00,730000,730100
300604,2017-04-05 10:11:00,270101,2017-04-05 10:11:00,270000,270100
300604,2017-06-29 00:00:00,640209,2021-06-02 09:53:00,640000,640200
300604,2021-07-30 00:00:00,270108,2023-11-01 17:15:00,270000,270100
300605,2017-01-14 18:28:00,710201,2019-08-09 15:39:00,710000,710200
300605,2021-07-30 00:00:00,710401,2021-07-31 16:18:00,710000,710400
300606,2017-01-14 18:30:00,640103,2019-08-09 15:39:00,640000,640100
300607,2017-01-24 10:29:00,640106,2021-07-01 13:13:00,640000,640100
300607,2021-07-30 00:00:00,640701,2025-10-15 10:57:00,640000,640700
300608,2017-01-24 10:32:00,710201,2019-08-09 15:39:00,710000,710200
300608,2021-07-30 00:00:00,710401,2021-07-31 16:18:00,710000,710400
300609,2017-01-19 17:13:00,710202,2019-08-09 15:39:00,710000,710200
300609,2021-07-30 00:00:00,710301,2021-07-31 16:18:00,710000,710300
300610,2017-01-19 17:14:00,220309,2019-08-09 15:39:00,220000,220300
300610,2021-07-30 00:00:00,220501,2021-07-31 16:18:00,220000,220500
300610,2022-07-29 00:00:00,220309,2022-07-29 11:54:00,220000,220300
300611,2017-02-08 13:44:00,280201,2019-08-09 15:39:00,280000,280200
300611,2021-07-30 00:00:00,280203,2025-01-08 14:36:00,280000,280200
300612,2017-02-08 13:44:00,720201,2019-08-09 15:38:00,720000,720200
300612,2021-07-30 00:00:00,720501,2025-10-15 10:57:00,720000,720500
300613,2017-02-08 13:44:00,270101,2021-03-04 13:24:00,270000,270100
300613,2021-07-30 00:00:00,270104,2023-04-25 09:32:00,270000,270100
300614,2021-05-08 15:53:00,410401,2021-07-17 21:44:00,410000,410400
300614,2021-07-30 00:00:00,760103,2025-10-15 10:57:00,760000,760100
300615,2017-02-08 13:45:00,730202,2019-08-09 15:40:00,730000,730200
300615,2021-07-30 00:00:00,730206,2026-06-01 14:47:00,730000,730200
300616,2017-02-14 17:02:00,360302,2021-03-03 15:32:00,360000,360300
300616,2021-07-30 00:00:00,360308,2026-02-26 16:27:00,360000,360300
300617,2017-02-14 17:04:00,630404,2020-12-04 14:32:00,630000,630400
300617,2021-07-30 00:00:00,630805,2024-02-29 13:19:00,630000,630800
300617,2024-07-30 12:45:00,630801,2025-11-10 13:32:00,630000,630800
300618,2017-02-24 13:09:00,240504,2021-03-03 15:31:00,240000,240500
300618,2021-07-30 00:00:00,240601,2025-01-08 14:36:00,240000,240600
300619,2017-02-14 17:08:00,640209,2019-08-09 15:39:00,640000,640200
300619,2021-07-30 00:00:00,630703,2025-10-15 10:57:00,630000,630700
300620,2017-02-24 13:19:00,730202,2019-08-09 15:40:00,730000,730200
300620,2021-07-30 00:00:00,730204,2026-06-01 14:47:00,730000,730200
300621,2017-02-24 13:10:00,620201,2020-12-04 14:41:00,620000,620200
300622,2017-02-24 13:09:00,450401,2019-11-26 09:53:00,450000,450400
300623,2017-02-24 13:10:00,270102,2019-08-09 15:38:00,270000,270100
300624,2018-01-07 22:48:00,710201,2020-03-25 12:21:00,710000,710200
300624,2021-07-30 00:00:00,710402,2024-01-24 12:32:00,710000,710400
300625,2017-03-01 14:31:00,270302,2019-08-09 15:38:00,270000,270300
300625,2021-07-30 00:00:00,330501,2023-04-25 09:32:00,330000,330500
300626,2017-03-10 17:03:00,630101,2020-12-04 14:32:00,630000,630100
300627,2017-03-10 17:04:00,710101,2018-06-26 11:13:00,710000,710100
300627,2019-07-24 00:00:00,730201,2019-08-09 15:40:00,730000,730200
300627,2021-07-30 00:00:00,650501,2021-09-29 09:10:00,650000,650500
300627,2021-12-03 00:00:00,730206,2025-10-15 10:57:00,730000,730200
300628,2017-03-10 17:04:00,730202,2019-02-27 10:22:00,730000,730200
300628,2019-07-24 00:00:00,730201,2021-03-03 15:32:00,730000,730200
300628,2021-07-30 00:00:00,730206,2026-06-01 14:47:00,730000,730200
300629,2017-03-10 17:04:00,640103,2024-07-04 08:53:00,640000,640100
300629,2022-07-29 00:00:00,650501,2025-10-15 10:57:00,650000,650500
300630,2017-03-10 17:05:00,370102,2020-12-04 14:32:00,370000,370100
300631,2017-03-10 17:05:00,410401,2019-08-09 15:38:00,410000,410400
300631,2021-07-30 00:00:00,760201,2025-10-15 10:57:00,760000,760200
300632,2017-03-18 14:36:00,270302,2019-08-09 15:38:00,270000,270300
300633,2017-03-18 14:36:00,370501,2020-12-04 14:32:00,370000,370500
300633,2021-07-30 00:00:00,370502,2025-01-14 13:12:00,370000,370500
300634,2018-04-03 10:00:00,710202,2019-08-09 15:39:00,710000,710200
300634,2021-07-30 00:00:00,710301,2021-07-31 16:18:00,710000,710300
300635,2017-03-18 14:39:00,620302,2017-03-18 14:39:00,620000,620300
300635,2017-06-29 00:00:00,620404,2020-12-04 14:41:00,620000,620400
300635,2021-07-30 00:00:00,620601,2021-07-31 16:18:00,620000,620600
300636,2017-03-18 14:42:00,370101,2020-12-04 14:32:00,370000,370100
300637,2017-03-30 17:34:00,220309,2019-08-09 15:39:00,220000,220300
300637,2021-07-30 00:00:00,270601,2021-07-31 16:18:00,270000,270600
300637,2022-07-29 00:00:00,220309,2022-07-29 11:54:00,220000,220300
300638,2017-03-30 17:24:00,730203,2021-03-03 15:32:00,730000,730200
300638,2021-07-30 00:00:00,730206,2025-10-15 10:57:00,730000,730200
300639,2017-03-30 17:25:00,370501,2020-12-04 14:32:00,370000,370500
300639,2021-07-30 00:00:00,370504,2021-07-31 16:18:00,370000,370500
300640,2017-04-05 10:11:00,360302,2017-04-05 10:11:00,360000,360300
300640,2017-06-29 00:00:00,360303,2019-08-09 15:39:00,360000,360300
300640,2021-07-30 00:00:00,360311,2021-07-31 16:18:00,360000,360300
300641,2017-03-30 17:26:00,220309,2019-08-09 15:39:00,220000,220300
300642,2017-04-19 16:47:00,370501,2020-12-04 14:32:00,370000,370500
300642,2021-07-30 00:00:00,370504,2021-07-31 16:18:00,370000,370500
300643,2017-04-19 16:47:00,280201,2019-08-09 15:39:00,280000,280200
300643,2021-07-30 00:00:00,280205,2025-01-08 14:36:00,280000,280200
300644,2018-01-29 19:37:00,220503,2019-08-09 15:39:00,220000,220500
300645,2017-04-19 16:47:00,710202,2019-08-09 15:39:00,710000,710200
300645,2021-07-30 00:00:00,710103,2021-07-31 16:18:00,710000,710100
300646,2017-04-19 16:48:00,220309,2019-08-09 15:39:00,220000,220300
300647,2017-04-19 16:48:00,270502,2019-08-09 15:38:00,270000,270500
300647,2021-07-30 00:00:00,270504,2023-04-25 09:32:00,270000,270500
300648,2017-04-19 16:48:00,640301,2020-03-06 13:55:00,640000,640300
300648,2021-07-30 00:00:00,630703,2025-10-15 10:57:00,630000,630700
300649,2017-05-04 09:57:00,620501,2021-01-15 09:21:00,620000,620500
300649,2021-07-30 00:00:00,620307,2021-08-02 13:20:00,620000,620300
300650,2017-05-04 09:59:00,270302,2019-08-09 15:38:00,270000,270300
300650,2022-07-29 00:00:00,270401,2023-04-25 09:32:00,270000,270400
300651,2017-05-04 10:00:00,360305,2019-08-09 15:40:00,360000,360300
300651,2021-07-30 00:00:00,460601,2021-11-01 14:27:00,460000,460600
300651,2023-07-04 00:00:00,360502,2023-07-04 15:14:00,360000,360500
300652,2017-05-04 10:00:00,280201,2019-08-09 15:39:00,280000,280200
300652,2021-07-30 00:00:00,280204,2026-01-26 08:53:00,280000,280200
300653,2017-05-04 10:00:00,370301,2019-03-05 15:09:00,370000,370300
300653,2019-07-24 00:00:00,370501,2020-12-04 14:32:00,370000,370500
300653,2021-07-30 00:00:00,370503,2021-07-31 16:18:00,370000,370500
300654,2017-09-07 14:54:00,720101,2019-08-09 15:38:00,720000,720100
300654,2021-07-30 00:00:00,720901,2025-10-15 10:57:00,720000,720900
300655,2017-05-04 10:43:00,220204,2020-08-28 16:51:00,220000,220200
300655,2021-07-30 00:00:00,270601,2025-12-30 17:34:00,270000,270600
300656,2017-05-11 13:41:00,270401,2019-08-09 15:38:00,270000,270400
300657,2017-05-04 10:01:00,270502,2018-06-20 15:07:00,270000,270500
300657,2018-07-13 00:00:00,270202,2020-03-06 13:55:00,270000,270200
300658,2017-05-11 13:41:00,350106,2020-03-06 13:55:00,350000,350100
300658,2021-07-30 00:00:00,770101,2025-09-22 08:09:00,770000,770100
300659,2017-05-11 13:41:00,710201,2019-08-09 15:39:00,710000,710200
300659,2021-07-30 00:00:00,710103,2021-07-31 16:18:00,710000,710100
300660,2017-05-22 13:46:00,630101,2020-12-04 14:32:00,630000,630100
300661,2017-05-22 13:46:00,270101,2021-03-03 15:32:00,270000,270100
300661,2021-07-30 00:00:00,270105,2024-01-26 13:55:00,270000,270100
300662,2017-05-22 13:48:00,460501,2021-05-31 15:07:00,460000,460500
300662,2021-07-30 00:00:00,460801,2026-02-26 16:27:00,460000,460800
300663,2017-05-22 13:48:00,710201,2019-08-09 15:39:00,710000,710200
300663,2021-07-30 00:00:00,710401,2021-07-31 16:18:00,710000,710400
300664,2017-12-20 21:55:00,410201,2019-08-09 15:39:00,410000,410200
300664,2021-07-30 00:00:00,760102,2025-10-15 10:57:00,760000,760100
300665,2017-06-05 14:07:00,220305,2019-08-09 15:39:00,220000,220300
300666,2017-06-05 14:07:00,240203,2018-07-04 10:41:00,240000,240200
300666,2019-07-24 00:00:00,270103,2019-07-24 16:59:00,270000,270100
300667,2017-06-15 21:22:00,630201,2018-06-26 11:13:00,630000,630200
300667,2018-07-13 00:00:00,640301,2019-08-09 15:39:00,640000,640300
300667,2021-07-30 00:00:00,640107,2025-10-15 10:57:00,640000,640100
300668,2017-06-05 14:08:00,620101,2020-12-04 14:41:00,620000,620100
300668,2021-07-30 00:00:00,620601,2021-07-31 16:18:00,620000,620600
300669,2017-06-15 21:21:00,640204,2019-08-09 15:39:00,640000,640200
300670,2017-06-15 21:21:00,630402,2020-12-04 14:32:00,630000,630400
300670,2021-07-30 00:00:00,630802,2025-10-15 10:57:00,630000,630800
300671,2017-06-15 21:20:00,270101,2019-08-09 15:38:00,270000,270100
300671,2021-07-30 00:00:00,270105,2023-04-25 09:32:00,270000,270100
300672,2017-06-28 10:07:00,270101,2019-08-09 15:38:00,270000,270100
300672,2021-07-30 00:00:00,270104,2023-04-25 09:32:00,270000,270100
300673,2017-07-12 02:06:00,110401,2021-01-07 09:04:00,110000,110400
300673,2021-07-30 00:00:00,110404,2026-02-26 16:27:00,110000,110400
300674,2018-10-30 14:02:00,710202,2021-06-25 08:40:00,710000,710200
300674,2021-07-30 00:00:00,710301,2024-06-03 09:54:00,710000,710300
300675,2017-06-28 10:09:00,620101,2020-12-04 14:41:00,620000,620100
300675,2021-07-30 00:00:00,620601,2021-07-31 16:18:00,620000,620600
300676,2017-06-28 10:10:00,370501,2021-06-29 13:43:00,370000,370500
300676,2021-07-30 00:00:00,370504,2021-07-31 16:18:00,370000,370500
300676,2022-07-29 00:00:00,370602,2024-04-01 15:27:00,370000,370600
300677,2017-07-12 01:58:00,370501,2021-04-24 17:43:00,370000,370500
300677,2021-07-30 00:00:00,370503,2024-01-15 10:32:00,370000,370500
300678,2017-07-12 01:53:00,710202,2019-08-09 15:39:00,710000,710200
300678,2021-07-30 00:00:00,710301,2021-07-31 16:18:00,710000,710300
300679,2017-07-26 21:01:00,270502,2019-08-09 15:38:00,270000,270500
300679,2021-07-30 00:00:00,270504,2025-10-15 10:57:00,270000,270500
300680,2017-07-26 21:01:00,280201,2021-03-04 10:33:00,280000,280200
300680,2021-07-30 00:00:00,280203,2025-07-30 08:44:00,280000,280200
300681,2017-07-26 21:01:00,630202,2018-06-26 11:13:00,630000,630200
300681,2018-07-13 00:00:00,280201,2019-08-09 15:39:00,280000,280200
300681,2021-07-30 00:00:00,280206,2025-01-24 16:29:00,280000,280200
300682,2017-07-26 21:02:00,710202,2020-12-04 13:43:00,710000,710200
300682,2021-07-30 00:00:00,710301,2023-06-01 14:03:00,710000,710300
300683,2017-07-26 21:02:00,370301,2020-12-04 14:32:00,370000,370300
300683,2021-07-30 00:00:00,370304,2021-07-31 16:18:00,370000,370300
300683,2024-07-30 12:45:00,370603,2024-07-30 12:45:00,370000,370600
300684,2017-12-08 15:02:00,220309,2020-01-10 11:26:00,220000,220300
300684,2020-07-30 00:00:00,270502,2020-07-30 09:00:00,270000,270500
300684,2021-07-30 00:00:00,270504,2021-07-31 16:18:00,270000,270500
300684,2022-07-29 00:00:00,270601,2023-04-25 09:32:00,270000,270600
300685,2017-07-26 21:02:00,370301,2019-03-05 15:09:00,370000,370300
300685,2019-07-24 00:00:00,370501,2020-12-04 14:32:00,370000,370500
300685,2021-07-30 00:00:00,370504,2021-07-31 16:18:00,370000,370500
300686,2017-07-26 21:02:00,270502,2019-11-29 09:18:00,270000,270500
300686,2021-07-30 00:00:00,270504,2023-04-25 09:32:00,270000,270500
300687,2017-07-26 21:02:00,710202,2019-08-09 15:39:00,710000,710200
300687,2021-07-30 00:00:00,710301,2023-03-19 19:20:00,710000,710300
300688,2017-08-07 22:19:00,510101,2019-09-10 17:02:00,510000,510100
300688,2021-07-30 00:00:00,461102,2021-07-31 16:18:00,460000,461100
300689,2017-08-07 22:20:00,730201,2019-08-09 15:40:00,730000,730200
300689,2021-07-30 00:00:00,730206,2026-06-01 14:47:00,730000,730200
300690,2017-08-07 22:20:00,220309,2019-08-09 15:39:00,220000,220300
300690,2021-07-30 00:00:00,630602,2025-10-15 10:57:00,630000,630600
300691,2017-08-07 22:20:00,270303,2020-03-06 13:55:00,270000,270300
300691,2021-07-30 00:00:00,710102,2023-10-10 10:40:00,710000,710100
300692,2017-08-07 22:20:00,410201,2019-08-09 15:39:00,410000,410200
300692,2021-07-30 00:00:00,760102,2025-10-15 10:57:00,760000,760100
300693,2017-08-07 22:21:00,630305,2020-12-04 14:32:00,630000,630300
300693,2021-07-30 00:00:00,630306,2025-12-08 13:07:00,630000,630300
300694,2018-10-12 15:48:00,280201,2019-08-09 15:39:00,280000,280200
300694,2021-07-30 00:00:00,280203,2025-01-08 14:36:00,280000,280200
300695,2017-08-15 17:51:00,280201,2019-08-09 15:39:00,280000,280200
300695,2021-07-30 00:00:00,280204,2025-01-08 14:36:00,280000,280200
300696,2017-08-15 17:51:00,650201,2021-06-24 09:36:00,650000,650200
300697,2017-08-26 09:16:00,240302,2021-01-25 13:36:00,240000,240300
300698,2017-08-15 17:51:00,730202,2019-08-09 15:40:00,730000,730200
300698,2021-07-30 00:00:00,730204,2026-06-01 14:47:00,730000,730200
300699,2017-08-23 01:49:00,220404,2021-03-03 15:32:00,220000,220400
300699,2021-07-30 00:00:00,650201,2025-10-15 10:57:00,650000,650200
300700,2017-08-26 09:17:00,640103,2019-08-09 15:39:00,640000,640100
300701,2017-09-07 14:55:00,270303,2019-08-09 15:38:00,270000,270300
300702,2017-09-07 14:55:00,370102,2020-12-04 14:32:00,370000,370100
300702,2021-07-30 00:00:00,370101,2021-07-31 16:18:00,370000,370100
300703,2017-09-07 14:56:00,360305,2019-08-09 15:40:00,360000,360300
300703,2021-07-30 00:00:00,360501,2025-03-24 13:57:00,360000,360500
300705,2017-09-21 17:21:00,370102,2020-12-04 14:32:00,370000,370100
300706,2017-09-21 17:21:00,240203,2018-06-20 15:07:00,240000,240200
300706,2019-07-24 00:00:00,270103,2019-08-09 15:38:00,270000,270100
300707,2017-09-25 10:47:00,280201,2019-08-09 15:39:00,280000,280200
300707,2021-07-30 00:00:00,280205,2025-01-08 14:36:00,280000,280200
300708,2017-09-25 11:02:00,270302,2019-08-09 15:38:00,270000,270300
300709,2017-09-25 11:02:00,270502,2024-07-14 10:43:00,270000,270500
300709,2021-07-30 00:00:00,270504,2025-09-09 10:17:00,270000,270500
300710,2017-10-10 13:30:00,730202,2019-08-09 15:40:00,730000,730200
300710,2021-07-30 00:00:00,730204,2026-06-01 14:47:00,730000,730200
300711,2017-10-30 14:45:00,730201,2019-08-09 15:40:00,730000,730200
300711,2021-07-30 00:00:00,730207,2026-06-01 14:47:00,730000,730200
300712,2017-10-30 14:45:00,620305,2020-12-04 14:41:00,620000,620300
300712,2021-07-30 00:00:00,620404,2021-07-31 16:18:00,620000,620400
300713,2017-10-30 14:46:00,630305,2020-12-04 14:32:00,630000,630300
300713,2021-07-30 00:00:00,630306,2025-10-15 10:57:00,630000,630300
300715,2017-10-30 14:46:00,610303,2019-08-09 15:39:00,610000,610300
300715,2021-07-30 00:00:00,610304,2023-12-07 10:03:00,610000,610300
300716,2017-10-30 14:46:00,220503,2019-08-09 15:39:00,220000,220500
300716,2025-08-11 17:30:00,630502,2025-08-11 17:30:00,630000,630500
300717,2017-11-08 14:11:00,220501,2019-08-09 15:39:00,220000,220500
300718,2017-10-30 14:49:00,640102,2019-08-09 15:39:00,640000,640100
300718,2021-07-30 00:00:00,640602,2023-06-01 14:46:00,640000,640600
300718,2024-07-30 12:45:00,640108,2025-10-15 10:57:00,640000,640100
300719,2017-10-30 14:49:00,650201,2020-10-19 09:20:00,650000,650200
300720,2017-11-08 14:11:00,640301,2019-08-09 15:39:00,640000,640300
300720,2021-07-30 00:00:00,640107,2025-10-15 10:57:00,640000,640100
300721,2017-11-08 14:11:00,220309,2019-08-09 15:39:00,220000,220300
300722,2017-11-08 14:12:00,650101,2019-08-09 15:39:00,650000,650100
300723,2017-11-08 14:12:00,370102,2020-12-04 14:32:00,370000,370100
300724,2018-08-09 16:45:00,640209,2021-03-03 15:32:00,640000,640200
300724,2021-07-30 00:00:00,630505,2025-10-15 10:57:00,630000,630500
300725,2017-11-08 14:12:00,370101,2020-12-04 14:32:00,370000,370100
300725,2021-07-30 00:00:00,370603,2021-07-31 16:18:00,370000,370600
300726,2017-11-08 14:13:00,270203,2021-06-25 15:41:00,270000,270200
300726,2021-07-30 00:00:00,650501,2025-10-15 10:57:00,650000,650500
300727,2017-11-21 13:45:00,220308,2019-08-09 15:39:00,220000,220300
300727,2021-07-30 00:00:00,220316,2021-07-31 16:18:00,220000,220300
300728,2017-11-21 13:45:00,220314,2019-08-09 15:39:00,220000,220300
300729,2017-11-21 13:43:00,360302,2018-10-12 09:54:00,360000,360300
300729,2019-07-24 00:00:00,360303,2019-08-09 15:39:00,360000,360300
300729,2021-07-30 00:00:00,360311,2026-04-10 09:38:00,360000,360300
300730,2017-11-21 13:41:00,710201,2019-08-09 15:39:00,710000,710200
300730,2021-07-30 00:00:00,710401,2021-07-31 16:18:00,710000,710400
300731,2017-11-21 13:43:00,240203,2018-06-26 11:13:00,240000,240200
300731,2019-07-24 00:00:00,220602,2019-08-09 15:39:00,220000,220600
300732,2017-12-08 15:03:00,620302,2020-12-04 14:41:00,620000,620300
300732,2021-07-30 00:00:00,620601,2021-07-31 16:18:00,620000,620600
300733,2017-12-08 15:03:00,280201,2019-08-09 15:39:00,280000,280200
300733,2021-07-30 00:00:00,280203,2025-01-08 14:36:00,280000,280200
300735,2017-12-20 21:55:00,270501,2020-01-10 11:26:00,270000,270500
300735,2021-07-30 00:00:00,270504,2023-04-25 09:32:00,270000,270500
300736,2018-01-07 22:49:00,270401,2019-08-09 15:38:00,270000,270400
300737,2018-01-29 19:37:00,610303,2019-08-09 15:39:00,610000,610300
300737,2021-07-30 00:00:00,610304,2026-02-09 09:46:00,610000,610300
300738,2018-01-29 19:38:00,710202,2019-08-09 15:39:00,710000,710200
300738,2021-07-30 00:00:00,710301,2022-05-05 19:44:00,710000,710300
300738,2023-07-04 00:00:00,730104,2025-10-15 10:57:00,730000,730100
300739,2018-01-29 19:38:00,270202,2019-08-09 15:38:00,270000,270200
300740,2018-01-29 19:38:00,220304,2021-07-16 08:58:00,220000,220300
300740,2021-07-30 00:00:00,770202,2026-01-26 16:15:00,770000,770200
300741,2018-02-12 10:11:00,340404,2019-08-09 15:40:00,340000,340400
300741,2021-07-30 00:00:00,220315,2021-07-31 16:18:00,220000,220300
300742,2018-05-05 17:25:00,280201,2020-08-10 09:22:00,280000,280200
300742,2021-07-30 00:00:00,280203,2022-10-11 14:52:00,280000,280200
300743,2018-04-03 10:00:00,220202,2018-06-26 11:13:00,220000,220200
300743,2018-07-13 00:00:00,220309,2019-08-09 15:39:00,220000,220300
300743,2021-07-30 00:00:00,710103,2021-07-31 16:18:00,710000,710100
300745,2018-05-05 17:28:00,630202,2020-12-04 14:32:00,630000,630200
300745,2021-07-30 00:00:00,280205,2021-11-30 13:18:00,280000,280200
300745,2022-07-29 00:00:00,280206,2025-01-08 14:36:00,280000,280200
300746,2018-05-28 11:24:00,620302,2019-03-05 15:23:00,620000,620300
300746,2019-07-24 00:00:00,620101,2020-12-04 14:41:00,620000,620100
300746,2021-07-30 00:00:00,620601,2025-10-15 10:57:00,620000,620600
300747,2018-06-26 15:17:00,270401,2021-03-03 15:32:00,270000,270400
300747,2021-07-30 00:00:00,640703,2025-10-15 10:57:00,640000,640700
300748,2018-09-18 14:54:00,240202,2021-06-28 16:25:00,240000,240200
300749,2018-09-18 14:54:00,360302,2019-08-09 15:39:00,360000,360300
300749,2021-07-30 00:00:00,360308,2021-07-31 16:18:00,360000,360300
300750,2018-05-28 11:25:00,630305,2021-03-03 15:31:00,630000,630300
300750,2021-07-30 00:00:00,630701,2025-10-15 10:57:00,630000,630700
300751,2018-10-30 14:02:00,630303,2019-03-05 10:20:00,630000,630300
300751,2019-03-07 00:00:00,640209,2021-03-03 15:31:00,640000,640200
300751,2021-07-30 00:00:00,630505,2025-12-09 16:03:00,630000,630500
300752,2018-11-28 11:33:00,270302,2019-08-09 15:38:00,270000,270300
300753,2018-11-28 11:33:00,370501,2020-12-04 14:32:00,370000,370500
300753,2021-07-30 00:00:00,370502,2023-04-03 15:24:00,370000,370500
300755,2018-12-21 15:41:00,450401,2021-04-01 14:11:00,450000,450400
300756,2018-12-27 14:59:00,640209,2019-08-09 15:39:00,640000,640200
300756,2021-07-30 00:00:00,360502,2021-07-31 16:18:00,360000,360500
300756,2022-07-29 00:00:00,640209,2025-12-16 15:58:00,640000,640200
300757,2019-01-04 09:55:00,640209,2020-08-10 08:57:00,640000,640200
300757,2021-07-30 00:00:00,640704,2025-10-15 10:57:00,640000,640700
300758,2019-01-24 08:53:00,220305,2019-08-09 15:39:00,220000,220300
300759,2019-01-24 08:53:00,370601,2021-06-05 20:05:00,370000,370600
300759,2021-07-30 00:00:00,370603,2025-09-09 10:17:00,370000,370600
300760,2018-09-19 10:54:00,370501,2021-03-03 15:32:00,370000,370500
300760,2021-07-30 00:00:00,370502,2021-07-31 16:18:00,370000,370500
300761,2019-02-18 10:43:00,110701,2021-06-01 09:22:00,110000,110700
300761,2021-07-30 00:00:00,110703,2021-12-02 10:06:00,110000,110700
300762,2019-03-06 14:50:00,650301,2024-08-12 08:35:00,650000,650300
300762,2021-07-30 00:00:00,650501,2025-10-15 10:57:00,650000,650500
300763,2019-03-18 08:56:00,630303,2021-03-03 15:31:00,630000,630300
300763,2021-07-30 00:00:00,630503,2026-06-17 14:33:00,630000,630500
300765,2019-03-06 14:50:00,370101,2020-12-04 14:32:00,370000,370100
300766,2019-03-06 14:51:00,720301,2019-04-01 14:44:00,720000,720300
300766,2019-04-02 00:00:00,710202,2020-01-10 11:27:00,710000,710200
300766,2021-07-30 00:00:00,720501,2021-07-31 16:18:00,720000,720500
300766,2021-12-24 00:00:00,710402,2021-12-24 16:31:00,710000,710400
300767,2019-03-18 08:57:00,220602,2019-08-09 15:39:00,220000,220600
300768,2019-03-26 14:10:00,710201,2019-08-09 15:39:00,710000,710200
300768,2021-07-30 00:00:00,710402,2021-07-31 16:18:00,710000,710400
300769,2019-04-04 14:26:00,220309,2021-05-31 10:19:00,220000,220300
300769,2021-07-30 00:00:00,630702,2025-10-15 10:57:00,630000,630700
300770,2019-04-04 14:26:00,720301,2021-03-03 15:32:00,720000,720300
300770,2021-07-30 00:00:00,721001,2026-04-02 13:26:00,720000,721000
300771,2019-04-04 14:26:00,710101,2019-08-09 15:39:00,710000,710100
300771,2021-07-30 00:00:00,710103,2021-07-31 16:18:00,710000,710100
300772,2019-04-15 09:08:00,630302,2020-12-04 14:32:00,630000,630300
300772,2021-07-30 00:00:00,630601,2025-10-15 10:57:00,630000,630600
300773,2019-04-18 09:53:00,710202,2021-03-03 15:32:00,710000,710200
300773,2021-07-30 00:00:00,490306,2023-04-03 14:29:00,490000,490300
300774,2021-07-23 11:13:00,410401,2021-07-23 11:13:00,410000,410400
300774,2021-07-30 00:00:00,760102,2026-04-27 15:47:00,760000,760100
300775,2019-05-06 14:46:00,650201,2021-03-03 15:32:00,650000,650200
300776,2019-05-06 14:47:00,640209,2021-06-07 19:59:00,640000,640200
300776,2021-07-30 00:00:00,630505,2025-10-15 10:57:00,630000,630500
300777,2019-05-06 14:47:00,220404,2021-03-03 15:32:00,220000,220400
300777,2021-07-30 00:00:00,650201,2025-10-15 10:57:00,650000,650200
300778,2019-05-06 14:47:00,620101,2019-08-09 15:39:00,620000,620100
300778,2021-07-30 00:00:00,620601,2021-07-31 16:18:00,620000,620600
300779,2019-05-06 14:47:00,410401,2019-08-09 15:38:00,410000,410400
300779,2021-07-30 00:00:00,760103,2025-10-15 10:57:00,760000,760100
300780,2019-05-20 09:35:00,640102,2019-08-09 15:39:00,640000,640100
300780,2021-07-30 00:00:00,640108,2025-10-15 10:57:00,640000,640100
300781,2019-05-29 11:18:00,720201,2019-08-09 15:38:00,720000,720200
300781,2021-07-30 00:00:00,720501,2025-10-15 10:57:00,720000,720500
300782,2019-05-29 11:18:00,270101,2021-03-03 15:32:00,270000,270100
300782,2021-07-30 00:00:00,270105,2023-04-25 09:32:00,270000,270100
300783,2019-06-04 09:18:00,340404,2021-03-03 15:31:00,340000,340400
300783,2021-07-30 00:00:00,340801,2025-12-29 12:21:00,340000,340800
300784,2024-05-31 00:00:00,270504,2024-07-29 11:30:00,270000,270500
300785,2019-07-08 09:41:00,720301,2021-03-12 15:55:00,720000,720300
300785,2021-07-30 00:00:00,720704,2025-10-15 10:57:00,720000,720700
300786,2019-07-18 11:06:00,640205,2019-08-09 15:39:00,640000,640200
300786,2021-07-30 00:00:00,760201,2025-10-15 10:57:00,760000,760200
300787,2019-07-31 09:55:00,270502,2019-08-09 15:38:00,270000,270500
300787,2021-07-30 00:00:00,270504,2023-04-25 09:32:00,270000,270500
300788,2019-06-18 10:08:00,720101,2021-03-03 15:32:00,720000,720100
300788,2021-07-30 00:00:00,720902,2025-10-15 10:57:00,720000,720900
300789,2019-08-19 08:41:00,710101,2019-09-06 14:56:00,710000,710100
300789,2021-07-30 00:00:00,710103,2021-07-31 16:18:00,710000,710100
300790,2019-09-09 11:55:00,270303,2019-10-17 14:29:00,270000,270300
300790,2021-07-30 00:00:00,710102,2023-04-25 09:32:00,710000,710100
300791,2019-09-16 14:41:00,340404,2019-10-17 14:31:00,340000,340400
300791,2021-07-30 00:00:00,340407,2021-07-31 16:18:00,340000,340400
300792,2019-09-19 09:23:00,720201,2021-03-03 15:31:00,720000,720200
300792,2021-07-30 00:00:00,450603,2026-01-26 16:15:00,450000,450600
300793,2019-09-27 10:47:00,270501,2019-10-17 14:29:00,270000,270500
300793,2021-07-30 00:00:00,270504,2023-04-25 09:32:00,270000,270500
300795,2019-09-27 10:47:00,510101,2019-09-27 10:47:00,510000,510100
300795,2019-10-10 00:00:00,460501,2021-03-03 15:31:00,460000,460500
300795,2021-07-30 00:00:00,460803,2026-02-26 16:27:00,460000,460800
300796,2019-10-11 08:38:00,220303,2019-10-17 14:30:00,220000,220300
300796,2021-07-30 00:00:00,220803,2025-12-30 17:34:00,220000,220800
300797,2019-10-21 08:41:00,510101,2020-09-30 09:59:00,510000,510100
300797,2022-07-29 00:00:00,460802,2022-10-11 14:52:00,460000,460800
300798,2019-10-21 08:42:00,220308,2019-11-06 09:30:00,220000,220300
300799,2019-10-18 08:35:00,710201,2021-07-01 13:14:00,710000,710200
300799,2021-07-30 00:00:00,710402,2021-07-31 16:18:00,710000,710400
300800,2019-10-28 13:10:00,640205,2019-11-06 09:29:00,640000,640200
300800,2021-07-30 00:00:00,760201,2025-10-15 10:57:00,760000,760200
300801,2019-10-28 13:11:00,220309,2020-11-10 09:00:00,220000,220300
300802,2019-11-01 13:32:00,640209,2020-07-15 10:47:00,640000,640200
300802,2021-07-30 00:00:00,640704,2025-10-15 10:57:00,640000,640700
300803,2019-11-01 13:33:00,710201,2019-11-06 09:29:00,710000,710200
300803,2021-07-30 00:00:00,710401,2024-01-24 12:32:00,710000,710400
300804,2023-06-09 00:00:00,220803,2023-09-08 10:19:00,220000,220800
300805,2019-11-09 14:34:00,720201,2019-11-20 10:44:00,720000,720200
300805,2021-07-30 00:00:00,720501,2025-10-15 10:57:00,720000,720500
300806,2019-11-09 14:34:00,220309,2019-11-20 10:43:00,220000,220300
300806,2021-07-30 00:00:00,220505,2023-03-31 08:57:00,220000,220500
300807,2019-12-05 11:39:00,710101,2020-01-09 09:25:00,710000,710100
300807,2021-07-30 00:00:00,710103,2021-07-31 16:18:00,710000,710100
300808,2019-11-14 08:58:00,270302,2019-11-20 10:42:00,270000,270300
300809,2019-11-20 14:29:00,640101,2019-12-02 09:20:00,640000,640100
300810,2019-11-29 09:37:00,650401,2019-12-02 09:20:00,650000,650400
300811,2019-12-23 09:13:00,240202,2021-01-25 13:36:00,240000,240200
300812,2019-12-27 09:06:00,640209,2020-01-09 09:26:00,640000,640200
300812,2021-07-30 00:00:00,270108,2021-07-31 16:18:00,270000,270100
300812,2022-07-29 00:00:00,270504,2022-07-29 11:54:00,270000,270500
300813,2020-01-13 14:08:00,640209,2020-04-09 13:53:00,640000,640200
300814,2021-07-27 13:28:00,270202,2021-07-27 13:28:00,270000,270200
300815,2020-01-08 15:39:00,410401,2021-03-03 15:31:00,410000,410400
300815,2021-07-30 00:00:00,760103,2026-04-02 13:26:00,760000,760100
300816,2020-01-22 17:02:00,280201,2020-11-10 08:58:00,280000,280200
300816,2021-07-30 00:00:00,280205,2025-01-08 14:36:00,280000,280200
300817,2020-01-22 17:02:00,640102,2020-04-09 13:53:00,640000,640100
300817,2021-07-30 00:00:00,640108,2025-10-15 10:57:00,640000,640100
300818,2020-02-04 22:03:00,640103,2020-04-09 13:53:00,640000,640100
300819,2020-02-04 22:03:00,350106,2020-04-09 13:58:00,350000,350100
300820,2020-02-04 22:04:00,630303,2020-12-04 14:32:00,630000,630300
300820,2021-07-30 00:00:00,630306,2025-10-15 10:57:00,630000,630300
300821,2020-03-08 15:59:00,220309,2020-04-09 13:53:00,220000,220300
300821,2021-07-30 00:00:00,220316,2021-07-31 16:18:00,220000,220300
300822,2020-03-08 16:00:00,270502,2020-04-09 13:54:00,270000,270500
300822,2021-07-30 00:00:00,270504,2023-04-25 09:32:00,270000,270500
300823,2020-03-10 08:53:00,640209,2020-04-09 13:53:00,640000,640200
300824,2020-06-05 09:56:00,330104,2020-06-17 13:16:00,330000,330100
300824,2021-07-30 00:00:00,330301,2021-07-31 16:18:00,330000,330300
300825,2020-03-15 20:43:00,280301,2020-04-09 13:57:00,280000,280300
300825,2021-07-30 00:00:00,280303,2025-01-08 14:36:00,280000,280300
300826,2020-03-30 08:43:00,620404,2020-04-09 13:59:00,620000,620400
300826,2021-07-30 00:00:00,620601,2021-07-31 16:18:00,620000,620600
300827,2020-04-02 14:32:00,630303,2020-12-04 14:32:00,630000,630300
300827,2021-07-30 00:00:00,630503,2025-10-15 10:57:00,630000,630500
300828,2020-04-02 14:32:00,240301,2020-04-09 13:57:00,240000,240300
300828,2021-07-30 00:00:00,640108,2025-10-15 10:57:00,640000,640100
300829,2020-04-08 09:07:00,110504,2020-04-09 13:57:00,110000,110500
300829,2021-07-30 00:00:00,220315,2024-05-27 10:52:00,220000,220300
300830,2020-04-16 16:20:00,710201,2020-05-18 10:58:00,710000,710200
300830,2021-07-30 00:00:00,710401,2021-07-31 16:18:00,710000,710400
300831,2020-04-16 00:00:00,270102,2020-04-16 16:22:00,270000,270100
300832,2020-04-27 08:39:00,370501,2021-03-03 15:32:00,370000,370500
300832,2021-07-30 00:00:00,370504,2025-09-09 10:17:00,370000,370500
300833,2020-05-05 19:51:00,640209,2020-05-18 10:58:00,640000,640200
300834,2021-12-24 00:00:00,220504,2021-12-29 13:59:00,220000,220500
300834,2022-07-29 00:00:00,220503,2022-07-29 11:54:00,220000,220500
300835,2020-05-18 18:06:00,240202,2020-06-17 13:17:00,240000,240200
300836,2020-05-23 14:13:00,640209,2020-06-17 13:15:00,640000,640200
300837,2020-05-23 14:13:00,640203,2020-06-17 13:15:00,640000,640200
300838,2020-05-23 14:13:00,640102,2020-06-17 13:15:00,640000,640100
300838,2021-07-30 00:00:00,640108,2025-10-15 10:57:00,640000,640100
300839,2020-05-23 14:14:00,220101,2020-06-17 13:12:00,220000,220100
300839,2021-07-30 00:00:00,750303,2024-04-01 15:29:00,750000,750300
300840,2020-06-02 08:38:00,350202,2020-06-17 13:17:00,350000,350200
300840,2021-07-30 00:00:00,350209,2021-07-31 16:18:00,350000,350200
300841,2020-06-05 09:57:00,370301,2020-07-08 09:52:00,370000,370300
300841,2021-07-30 00:00:00,370303,2021-07-31 16:18:00,370000,370300
300842,2020-06-05 09:57:00,270103,2020-06-17 13:16:00,270000,270100
300842,2021-07-30 00:00:00,630504,2025-10-15 10:57:00,630000,630500
300843,2020-06-18 10:49:00,270502,2020-08-17 10:48:00,270000,270500
300843,2021-07-30 00:00:00,270504,2023-04-25 09:32:00,270000,270500
300844,2021-08-06 00:00:00,620601,2021-09-17 14:14:00,620000,620600
300845,2020-06-18 10:50:00,710101,2020-08-17 10:50:00,710000,710100
300845,2021-07-30 00:00:00,710103,2021-07-31 16:18:00,710000,710100
300846,2020-06-18 10:50:00,710202,2020-08-17 10:50:00,710000,710200
300846,2021-07-30 00:00:00,710301,2021-07-31 16:18:00,710000,710300
300847,2020-06-18 10:50:00,220309,2020-08-17 10:51:00,220000,220300
300847,2024-07-30 12:45:00,710103,2025-01-08 14:36:00,710000,710100
300848,2020-06-18 10:50:00,220313,2020-08-17 10:51:00,220000,220300
300849,2020-06-24 08:36:00,360201,2020-08-17 11:00:00,360000,360200
300849,2021-07-30 00:00:00,770201,2021-07-31 16:18:00,770000,770200
300850,2020-06-29 08:43:00,630302,2020-08-17 10:53:00,630000,630300
300850,2021-07-30 00:00:00,630602,2025-10-15 10:57:00,630000,630600
300851,2020-06-29 08:44:00,640501,2020-08-17 10:52:00,640000,640500
300852,2020-06-29 08:44:00,270202,2020-08-17 10:48:00,270000,270200
300853,2020-07-07 09:10:00,640106,2020-08-17 10:52:00,640000,640100
300853,2021-07-30 00:00:00,640701,2022-05-06 11:26:00,640000,640700
300853,2022-07-29 00:00:00,630803,2025-10-15 10:57:00,630000,630800
300854,2021-08-27 00:00:00,760103,2025-10-15 10:57:00,760000,760100
300855,2020-07-06 18:24:00,240201,2021-07-05 09:25:00,240000,240200
300856,2020-07-06 18:24:00,220304,2020-09-22 09:41:00,220000,220300
300856,2021-07-30 00:00:00,770201,2024-05-09 08:25:00,770000,770200
300857,2020-07-13 21:31:00,270501,2020-08-17 10:48:00,270000,270500
300857,2021-07-30 00:00:00,270504,2024-02-01 10:00:00,270000,270500
300858,2020-07-13 21:31:00,340404,2020-08-17 11:01:00,340000,340400
300858,2021-07-30 00:00:00,220315,2021-07-31 16:18:00,220000,220300
300859,2020-07-22 13:43:00,460102,2021-05-31 15:08:00,460000,460100
300859,2021-07-30 00:00:00,461003,2021-07-31 16:18:00,460000,461000
300860,2020-07-31 15:44:00,460501,2021-05-31 15:11:00,460000,460500
300860,2021-07-30 00:00:00,460803,2023-05-04 10:29:00,460000,460800
300861,2020-07-31 15:44:00,640103,2020-08-17 10:52:00,640000,640100
300862,2020-07-31 15:44:00,640205,2020-08-17 10:52:00,640000,640200
300862,2021-07-30 00:00:00,640107,2025-10-15 10:57:00,640000,640100
300863,2020-08-04 23:28:00,280201,2020-08-17 10:56:00,280000,280200
300863,2021-07-30 00:00:00,280206,2025-01-08 14:36:00,280000,280200
300864,2020-08-07 08:32:00,410401,2020-08-17 10:59:00,410000,410400
300864,2021-07-30 00:00:00,760104,2025-10-15 10:57:00,760000,760100
300865,2020-08-04 23:28:00,640203,2020-08-17 10:52:00,640000,640200
300866,2020-08-04 23:28:00,270401,2021-03-03 15:31:00,270000,270400
300866,2021-07-30 00:00:00,270503,2021-09-02 15:04:00,270000,270500
300867,2020-08-04 23:28:00,410401,2020-08-17 10:59:00,410000,410400
300867,2021-07-30 00:00:00,760103,2025-10-15 10:57:00,760000,760100
300868,2020-08-04 23:29:00,270401,2020-08-17 10:48:00,270000,270400
300868,2024-07-30 12:45:00,270504,2024-07-30 12:45:00,270000,270500
300869,2020-08-04 23:29:00,370501,2020-08-17 10:55:00,370000,370500
300869,2021-07-30 00:00:00,370502,2021-07-31 16:18:00,370000,370500
300870,2020-08-07 08:32:00,630306,2020-08-17 10:53:00,630000,630300
300871,2020-08-07 08:32:00,110801,2020-08-17 11:00:00,110000,110800
300872,2020-08-07 08:32:00,710202,2020-08-17 10:50:00,710000,710200
300872,2021-07-30 00:00:00,710301,2021-07-31 16:18:00,710000,710300
300873,2020-08-07 08:33:00,420801,2021-02-02 10:25:00,420000,420800
300873,2021-07-30 00:00:00,420803,2025-10-15 10:57:00,420000,420800
300875,2020-08-07 08:33:00,650301,2020-08-17 10:54:00,650000,650300
300876,2020-08-07 08:33:00,220404,2020-08-17 10:51:00,220000,220400
300877,2020-08-08 15:07:00,350106,2020-08-17 10:57:00,350000,350100
300878,2020-08-08 15:08:00,370201,2020-08-17 10:55:00,370000,370200
300879,2020-08-15 10:16:00,640209,2020-08-17 10:52:00,640000,640200
300879,2022-07-29 00:00:00,640207,2025-10-15 10:57:00,640000,640200
300880,2020-08-15 10:16:00,630203,2020-08-17 10:53:00,630000,630200
300880,2021-07-30 00:00:00,630804,2025-10-15 10:57:00,630000,630800
300881,2020-08-21 23:01:00,230102,2020-09-08 13:10:00,230000,230100
300881,2021-07-30 00:00:00,230501,2025-01-08 14:36:00,230000,230500
300882,2020-08-21 23:02:00,630203,2020-09-08 13:08:00,630000,630200
300882,2021-07-30 00:00:00,630804,2025-10-15 10:57:00,630000,630800
300883,2020-08-29 11:05:00,360201,2020-09-08 13:07:00,360000,360200
300883,2021-07-30 00:00:00,360205,2021-07-31 16:18:00,360000,360200
300884,2020-10-29 15:23:00,710101,2020-11-02 15:27:00,710000,710100
300884,2021-07-30 00:00:00,710102,2021-07-31 16:18:00,710000,710100
300885,2020-09-01 09:53:00,640401,2020-09-08 13:04:00,640000,640400
300885,2021-07-30 00:00:00,640108,2025-10-15 10:57:00,640000,640100
300886,2020-09-01 09:53:00,220309,2020-09-08 13:05:00,220000,220300
300886,2021-07-30 00:00:00,770201,2021-07-31 16:18:00,770000,770200
300886,2026-07-01 10:24:00,220315,2026-07-01 10:24:00,220000,220300
300887,2020-08-31 09:43:00,510101,2020-12-04 13:45:00,510000,510100
300887,2021-07-30 00:00:00,460802,2025-10-15 10:57:00,460000,460800
300888,2020-09-01 09:53:00,350102,2021-03-03 15:31:00,350000,350100
300888,2021-07-30 00:00:00,770101,2023-01-12 14:35:00,770000,770100
300889,2020-08-31 09:44:00,270302,2020-09-08 13:06:00,270000,270300
300890,2020-09-04 10:03:00,220309,2021-05-31 10:19:00,220000,220300
300890,2021-07-30 00:00:00,630702,2025-10-15 10:57:00,630000,630700
300891,2020-09-04 10:03:00,220309,2020-09-08 13:05:00,220000,220300
300891,2021-07-30 00:00:00,220206,2021-07-31 16:18:00,220000,220200
300892,2020-09-05 20:48:00,340404,2021-03-04 10:32:00,340000,340400
300892,2021-07-30 00:00:00,450201,2021-07-31 16:18:00,450000,450200
300892,2022-07-29 00:00:00,340702,2022-08-31 13:37:00,340000,340700
300893,2020-09-09 13:55:00,280201,2020-09-25 15:09:00,280000,280200
300893,2021-07-30 00:00:00,280205,2021-07-31 16:18:00,280000,280200
300893,2022-07-29 00:00:00,280202,2026-02-26 16:27:00,280000,280200
300894,2020-12-23 10:23:00,330104,2021-03-03 15:32:00,330000,330100
300894,2021-07-30 00:00:00,330401,2026-02-26 16:27:00,330000,330400
300895,2020-09-09 13:55:00,710202,2020-09-25 15:06:00,710000,710200
300895,2021-07-30 00:00:00,710301,2021-07-31 16:18:00,710000,710300
300896,2020-09-14 08:37:00,370501,2024-07-14 10:44:00,370000,370500
300896,2021-07-30 00:00:00,770301,2026-01-21 14:02:00,770000,770300
300897,2020-09-21 19:14:00,640301,2020-09-25 15:09:00,640000,640300
300897,2021-07-30 00:00:00,640107,2025-10-15 10:57:00,640000,640100
300898,2020-09-24 09:01:00,340403,2020-09-25 15:07:00,340000,340400
300898,2021-07-30 00:00:00,340702,2021-07-31 16:18:00,340000,340700
300899,2020-09-24 09:02:00,410401,2020-09-25 15:11:00,410000,410400
300899,2021-07-30 00:00:00,760102,2025-10-15 10:57:00,760000,760100
300900,2020-10-16 16:01:00,650201,2020-11-02 15:27:00,650000,650200
300901,2020-10-16 16:01:00,350205,2020-11-02 15:26:00,350000,350200
300901,2021-07-30 00:00:00,350209,2021-07-31 16:18:00,350000,350200
300902,2020-10-16 16:01:00,640209,2020-11-02 15:26:00,640000,640200
300903,2020-10-26 19:16:00,270202,2020-11-02 15:25:00,270000,270200
300904,2023-07-31 00:00:00,630602,2025-10-15 10:57:00,630000,630600
300905,2020-10-26 19:16:00,220501,2020-11-02 15:24:00,220000,220500
300905,2021-07-30 00:00:00,220308,2023-12-25 16:34:00,220000,220300
300905,2024-07-30 12:45:00,220404,2024-07-30 12:45:00,220000,220400
300906,2020-10-29 15:23:00,640501,2020-11-02 15:26:00,640000,640500
300906,2021-07-30 00:00:00,640107,2025-10-15 10:57:00,640000,640100
300907,2020-11-10 10:04:00,630101,2020-12-31 09:53:00,630000,630100
300908,2020-11-10 10:05:00,340402,2020-12-22 14:57:00,340000,340400
300908,2021-07-30 00:00:00,340901,2023-01-03 10:31:00,340000,340900
300909,2020-11-10 10:05:00,270301,2020-12-31 09:49:00,270000,270300
300910,2020-11-21 09:37:00,220309,2021-07-01 09:33:00,220000,220300
300911,2020-11-21 09:37:00,330104,2020-12-31 09:55:00,330000,330100
300911,2021-07-30 00:00:00,330401,2023-01-09 16:24:00,330000,330400
300912,2020-11-25 14:42:00,280201,2020-12-21 09:12:00,280000,280200
300912,2021-07-30 00:00:00,280205,2025-01-08 14:36:00,280000,280200
300913,2020-11-25 14:40:00,730202,2020-12-31 09:55:00,730000,730200
300913,2021-07-30 00:00:00,730205,2026-06-01 14:47:00,730000,730200
300915,2020-11-25 14:42:00,340404,2020-12-31 09:54:00,340000,340400
300915,2021-07-30 00:00:00,340702,2025-06-01 08:45:00,340000,340700
300916,2020-11-25 14:42:00,270502,2020-12-31 09:50:00,270000,270500
300916,2021-07-30 00:00:00,270504,2023-04-25 09:32:00,270000,270500
300917,2020-12-05 11:13:00,430101,2020-12-31 09:57:00,430000,430100
300917,2021-07-30 00:00:00,430301,2021-07-31 16:18:00,430000,430300
300918,2020-12-05 11:13:00,350202,2020-12-31 09:57:00,350000,350200
300918,2021-07-30 00:00:00,350106,2026-01-26 16:15:00,350000,350100
300919,2020-12-14 14:42:00,220309,2021-05-31 10:19:00,220000,220300
300919,2021-07-30 00:00:00,630702,2025-10-15 10:57:00,630000,630700
300920,2020-12-14 14:42:00,220501,2020-12-31 09:50:00,220000,220500
300921,2020-12-14 14:43:00,730203,2020-12-31 09:55:00,730000,730200
300921,2021-07-30 00:00:00,730104,2026-06-01 14:47:00,730000,730100
300922,2020-12-14 14:43:00,650301,2020-12-31 09:51:00,650000,650300
300923,2020-12-14 14:43:00,640501,2020-12-31 09:51:00,640000,640500
300925,2020-12-14 14:44:00,710201,2020-12-31 09:52:00,710000,710200
300925,2021-07-30 00:00:00,710401,2021-07-31 16:18:00,710000,710400
300926,2020-12-23 10:23:00,280201,2020-12-31 09:56:00,280000,280200
300926,2021-07-30 00:00:00,280205,2025-01-08 14:36:00,280000,280200
300927,2020-12-23 10:23:00,220204,2020-12-31 09:50:00,220000,220200
300928,2021-01-03 09:08:00,280201,2021-01-15 09:21:00,280000,280200
300928,2021-07-30 00:00:00,280206,2025-01-08 14:36:00,280000,280200
300929,2021-01-08 14:27:00,410201,2021-01-15 09:19:00,410000,410200
300929,2021-07-30 00:00:00,760102,2025-10-15 10:57:00,760000,760100
300930,2021-01-11 13:14:00,240201,2021-01-15 09:22:00,240000,240200
300931,2021-01-08 14:26:00,640204,2021-01-15 09:21:00,640000,640200
300932,2021-01-08 14:27:00,630403,2021-01-15 09:20:00,630000,630400
300932,2021-07-30 00:00:00,630802,2025-10-15 10:57:00,630000,630800
300933,2021-01-08 14:26:00,630404,2021-01-15 09:20:00,630000,630400
300933,2021-07-30 00:00:00,630805,2025-10-15 10:57:00,630000,630800
300935,2021-01-19 14:36:00,710201,2021-01-25 13:32:00,710000,710200
300935,2021-07-30 00:00:00,710401,2021-07-31 16:18:00,710000,710400
300936,2021-01-26 15:59:00,270202,2021-03-04 13:04:00,270000,270200
300937,2021-01-26 16:01:00,370401,2021-03-04 13:05:00,370000,370400
300937,2021-07-30 00:00:00,370402,2021-07-31 16:18:00,370000,370400
300938,2021-01-25 09:13:00,510101,2021-03-04 13:16:00,510000,510100
300938,2021-07-30 00:00:00,460802,2022-10-11 14:52:00,460000,460800
300939,2021-01-25 09:13:00,270301,2021-03-04 13:04:00,270000,270300
300940,2021-01-25 09:13:00,270302,2021-03-04 13:04:00,270000,270300
300941,2021-01-29 22:07:00,710101,2021-03-04 13:06:00,710000,710100
300941,2021-07-30 00:00:00,710103,2021-07-31 16:18:00,710000,710100
300942,2021-01-29 22:07:00,510101,2021-03-04 13:16:00,510000,510100
300942,2021-07-30 00:00:00,370504,2022-10-11 14:52:00,370000,370500
300943,2021-01-29 22:08:00,640102,2021-03-04 13:03:00,640000,640100
300943,2021-07-30 00:00:00,640108,2025-10-15 10:57:00,640000,640100
300945,2021-01-29 22:08:00,360304,2021-03-04 13:14:00,360000,360300
300945,2021-07-30 00:00:00,350301,2021-07-31 16:18:00,350000,350300
300946,2021-01-29 22:08:00,640401,2021-03-04 13:03:00,640000,640400
300946,2021-07-30 00:00:00,640108,2025-12-08 13:06:00,640000,640100
300947,2021-02-05 18:00:00,450501,2021-03-04 13:15:00,450000,450500
300947,2021-07-30 00:00:00,450304,2021-07-31 16:18:00,450000,450300
300948,2021-02-05 18:01:00,620501,2021-03-04 13:05:00,620000,620500
300948,2021-07-30 00:00:00,620307,2021-08-02 13:20:00,620000,620300
300949,2021-02-19 15:23:00,620501,2021-03-04 13:05:00,620000,620500
300949,2021-07-30 00:00:00,620307,2021-08-02 13:20:00,620000,620300
300950,2021-02-19 15:24:00,640209,2021-03-04 13:03:00,640000,640200
300950,2021-07-30 00:00:00,640203,2025-10-15 10:57:00,640000,640200
300951,2021-02-19 15:24:00,270502,2021-03-04 13:04:00,270000,270500
300951,2021-07-30 00:00:00,270504,2023-04-25 09:32:00,270000,270500
300952,2021-03-01 16:20:00,350207,2021-03-04 13:16:00,350000,350200
300952,2021-07-30 00:00:00,350205,2026-01-26 16:15:00,350000,350200
300953,2021-03-05 19:21:00,640401,2021-04-12 13:48:00,640000,640400
300953,2021-07-30 00:00:00,640108,2021-08-02 13:24:00,640000,640100
300953,2022-07-29 00:00:00,630701,2025-10-15 10:57:00,630000,630700
300955,2021-03-12 20:15:00,360201,2021-04-12 13:55:00,360000,360200
300955,2021-07-30 00:00:00,770201,2022-10-25 09:12:00,770000,770200
300956,2021-03-12 20:15:00,270502,2021-04-12 13:47:00,270000,270500
300956,2021-07-30 00:00:00,270504,2023-04-25 09:32:00,270000,270500
300957,2021-03-12 20:14:00,220304,2024-07-14 10:42:00,220000,220300
300957,2021-07-30 00:00:00,770202,2024-07-14 10:42:00,770000,770200
300958,2021-03-12 20:15:00,410401,2021-04-12 13:54:00,410000,410400
300958,2021-07-30 00:00:00,760104,2025-10-15 10:57:00,760000,760100
300959,2021-03-12 20:16:00,730101,2021-04-12 13:50:00,730000,730100
300959,2021-07-30 00:00:00,730104,2026-06-01 14:47:00,730000,730100
300960,2021-03-29 15:18:00,640501,2021-04-12 13:48:00,640000,640500
300961,2021-03-29 15:17:00,410201,2021-04-12 13:54:00,410000,410200
300961,2021-07-30 00:00:00,760102,2025-10-15 10:57:00,760000,760100
300962,2021-03-20 10:43:00,510101,2021-04-12 13:55:00,510000,510100
300962,2021-07-30 00:00:00,460804,2021-11-01 14:26:00,460000,460800
300963,2021-03-25 09:11:00,240201,2021-04-12 13:54:00,240000,240200
300964,2021-07-27 13:28:00,270202,2021-07-27 13:28:00,270000,270200
300965,2021-03-25 09:12:00,650201,2021-04-12 13:48:00,650000,650200
300966,2021-03-25 09:12:00,370101,2021-04-12 13:52:00,370000,370100
300967,2021-03-29 22:18:00,110701,2021-04-12 13:54:00,110000,110700
300967,2021-07-30 00:00:00,110703,2024-05-27 10:52:00,110000,110700
300968,2021-03-29 22:18:00,270502,2021-04-12 13:47:00,270000,270500
300968,2021-07-30 00:00:00,270504,2023-04-25 09:32:00,270000,270500
300969,2021-03-29 22:18:00,280201,2021-04-12 13:50:00,280000,280200
300969,2021-07-30 00:00:00,280202,2021-07-31 16:18:00,280000,280200
300969,2022-07-29 00:00:00,280205,2025-01-08 14:36:00,280000,280200
300970,2021-03-29 22:18:00,110102,2021-04-12 13:54:00,110000,110100
300970,2021-07-30 00:00:00,110104,2024-05-27 10:52:00,110000,110100
300971,2021-03-29 22:20:00,640102,2021-04-12 13:48:00,640000,640100
300971,2021-07-30 00:00:00,640209,2025-10-15 10:57:00,640000,640200
300972,2021-03-29 22:19:00,110102,2021-04-12 13:54:00,110000,110100
300972,2021-07-30 00:00:00,110104,2024-05-27 10:52:00,110000,110100
300972,2024-07-30 12:45:00,340801,2025-01-10 08:42:00,340000,340800
300972,2026-03-05 11:31:00,450302,2026-07-03 16:36:00,450000,450300
300973,2021-03-29 22:19:00,340404,2021-04-12 13:56:00,340000,340400
300973,2021-07-30 00:00:00,340802,2025-01-24 16:29:00,340000,340800
300975,2021-04-05 18:39:00,270401,2021-04-12 13:47:00,270000,270400
300975,2022-07-29 00:00:00,270203,2023-04-25 09:32:00,270000,270200
300976,2021-04-05 18:39:00,270502,2021-04-12 13:47:00,270000,270500
300976,2021-07-30 00:00:00,270504,2023-04-25 09:32:00,270000,270500
300977,2021-04-05 18:40:00,510101,2021-07-05 09:26:00,510000,510100
300977,2021-07-30 00:00:00,620601,2021-10-08 14:19:00,620000,620600
300978,2021-04-05 18:40:00,280201,2021-04-12 13:50:00,280000,280200
300978,2021-07-30 00:00:00,280202,2025-01-08 14:36:00,280000,280200
300979,2021-04-05 18:40:00,350205,2021-04-08 12:59:00,350000,350200
300979,2021-07-30 00:00:00,350107,2021-07-31 16:18:00,350000,350100
300980,2021-04-05 18:40:00,220501,2021-04-12 13:49:00,220000,220500
300981,2021-04-05 18:40:00,370501,2021-04-12 13:52:00,370000,370500
300981,2021-07-30 00:00:00,370503,2021-07-31 16:18:00,370000,370500
300982,2021-04-05 18:40:00,620305,2021-05-26 09:10:00,620000,620300
300982,2021-07-30 00:00:00,620306,2023-11-01 17:17:00,620000,620300
300983,2021-04-15 08:44:00,620101,2021-04-28 15:21:00,620000,620100
300983,2021-07-30 00:00:00,620601,2021-07-31 16:18:00,620000,620600
300984,2021-06-09 16:30:00,640102,2021-07-06 09:07:00,640000,640100
300984,2021-07-30 00:00:00,640106,2025-10-15 10:57:00,640000,640100
300985,2021-04-15 08:44:00,640401,2021-04-28 15:17:00,640000,640400
300985,2021-07-30 00:00:00,640108,2025-10-15 10:57:00,640000,640100
300986,2021-04-15 08:50:00,240301,2021-04-28 15:22:00,240000,240300
300986,2022-07-27 00:00:00,620404,2022-07-30 16:28:00,620000,620400
300987,2021-04-26 15:38:00,720301,2021-04-28 15:22:00,720000,720300
300987,2021-07-30 00:00:00,720704,2025-10-15 10:57:00,720000,720700
300988,2021-04-26 15:38:00,640401,2021-04-28 15:17:00,640000,640400
300988,2021-07-30 00:00:00,640209,2025-10-15 10:57:00,640000,640200
300989,2021-04-26 15:38:00,620305,2021-04-28 15:21:00,620000,620300
300989,2021-07-30 00:00:00,620601,2021-07-31 16:18:00,620000,620600
300990,2021-04-26 15:58:00,640105,2021-04-28 15:17:00,640000,640100
300991,2021-05-08 15:53:00,270502,2021-07-06 09:15:00,270000,270500
300991,2021-07-30 00:00:00,270401,2023-04-25 09:32:00,270000,270400
300992,2021-05-08 15:53:00,640106,2021-07-06 09:07:00,640000,640100
300993,2021-05-10 23:32:00,360303,2021-06-03 10:31:00,360000,360300
300993,2021-07-30 00:00:00,360311,2022-05-05 19:37:00,360000,360300
300994,2021-07-23 11:13:00,280401,2021-07-23 11:13:00,280000,280400
300995,2021-05-12 08:58:00,220503,2021-07-06 09:08:00,220000,220500
300996,2021-05-18 11:26:00,710201,2021-07-06 09:17:00,710000,710200
300996,2021-07-30 00:00:00,710401,2021-07-31 16:18:00,710000,710400
300997,2021-05-18 11:26:00,340304,2021-07-06 09:19:00,340000,340300
300997,2021-07-30 00:00:00,340701,2021-07-31 16:18:00,340000,340700
300998,2021-05-18 11:26:00,280201,2021-07-06 09:10:00,280000,280200
300998,2021-07-30 00:00:00,280205,2025-01-08 14:36:00,280000,280200
300999,2020-09-21 19:15:00,110502,2021-03-03 15:31:00,110000,110500
301000,2021-05-21 09:51:00,280201,2021-07-06 09:10:00,280000,280200
301000,2021-07-30 00:00:00,280205,2025-01-08 14:36:00,280000,280200
301001,2021-05-21 09:51:00,720201,2021-07-06 09:18:00,720000,720200
301001,2021-07-30 00:00:00,450603,2021-07-31 16:18:00,450000,450600
301002,2021-05-21 09:51:00,270302,2021-07-06 09:15:00,270000,270300
301002,2021-07-30 00:00:00,630801,2025-10-15 10:57:00,630000,630800
301003,2021-05-21 09:51:00,220503,2021-07-06 09:08:00,220000,220500
301004,2021-06-09 16:31:00,360303,2021-07-06 09:21:00,360000,360300
301004,2021-07-30 00:00:00,360311,2025-01-24 16:29:00,360000,360300
301005,2021-05-23 22:24:00,280201,2021-07-06 09:10:00,280000,280200
301005,2021-07-30 00:00:00,280205,2025-01-08 14:36:00,280000,280200
301006,2021-05-23 22:25:00,640301,2021-07-06 09:07:00,640000,640300
301006,2021-07-30 00:00:00,640107,2025-10-15 10:57:00,640000,640100
301007,2021-05-29 21:09:00,280201,2021-07-06 09:10:00,280000,280200
301007,2021-07-30 00:00:00,280203,2025-01-08 14:36:00,280000,280200
301008,2021-05-29 21:10:00,330105,2021-07-06 09:21:00,330000,330100
301008,2021-07-30 00:00:00,330601,2021-07-31 16:18:00,330000,330600
301009,2021-05-29 21:10:00,360101,2021-06-17 16:52:00,360000,360100
301009,2021-07-30 00:00:00,770101,2021-09-01 09:15:00,770000,770100
301010,2021-06-06 21:31:00,220309,2021-07-06 09:08:00,220000,220300
301010,2021-07-30 00:00:00,610303,2021-07-31 16:18:00,610000,610300
301011,2021-06-06 21:31:00,640209,2021-07-06 09:07:00,640000,640200
301011,2022-07-29 00:00:00,360502,2022-07-29 11:54:00,360000,360500
301012,2021-06-06 21:31:00,630402,2021-07-06 09:11:00,630000,630400
301012,2021-07-30 00:00:00,630801,2025-10-15 10:57:00,630000,630800
301013,2021-06-09 16:31:00,640209,2021-07-06 09:07:00,640000,640200
301015,2021-06-14 10:01:00,370401,2021-07-06 09:17:00,370000,370400
301015,2021-07-30 00:00:00,370402,2021-07-31 16:18:00,370000,370400
301016,2021-06-14 10:01:00,640501,2021-07-06 09:07:00,640000,640500
301017,2021-06-14 10:01:00,370401,2021-07-06 09:17:00,370000,370400
301017,2021-07-30 00:00:00,370403,2021-07-31 16:18:00,370000,370400
301018,2021-06-22 18:14:00,640209,2021-07-06 09:07:00,640000,640200
301018,2021-07-30 00:00:00,640105,2025-10-15 10:57:00,640000,640100
301019,2021-06-22 18:13:00,220501,2021-07-06 09:08:00,220000,220500
301020,2021-06-22 18:15:00,280201,2021-07-06 09:10:00,280000,280200
301020,2021-07-30 00:00:00,280203,2025-01-08 14:36:00,280000,280200
301021,2021-06-22 18:14:00,270401,2021-07-06 09:15:00,270000,270400
301021,2021-07-30 00:00:00,640703,2025-10-15 10:57:00,640000,640700
301022,2021-06-22 18:16:00,280201,2021-07-06 09:10:00,280000,280200
301022,2021-07-30 00:00:00,280205,2025-01-08 14:36:00,280000,280200
301023,2021-07-05 08:48:00,630101,2021-07-06 09:11:00,630000,630100
301024,2021-07-23 11:13:00,620101,2021-07-23 11:13:00,620000,620100
301024,2021-07-30 00:00:00,620601,2021-09-17 14:14:00,620000,620600
301025,2021-07-05 08:46:00,720101,2021-07-06 09:18:00,720000,720100
301025,2021-07-30 00:00:00,720902,2025-10-15 10:57:00,720000,720900
301026,2021-07-05 08:46:00,240504,2021-07-06 09:19:00,240000,240500
301027,2021-07-05 08:47:00,620101,2021-07-06 09:20:00,620000,620100
301027,2021-07-30 00:00:00,620601,2021-07-31 16:18:00,620000,620600
301028,2021-07-05 08:47:00,640106,2021-07-06 09:07:00,640000,640100
301029,2021-07-05 08:47:00,640102,2021-07-06 09:07:00,640000,640100
301029,2021-07-30 00:00:00,640704,2025-10-15 10:57:00,640000,640700
301030,2021-07-05 08:47:00,640205,2021-07-06 09:07:00,640000,640200
301030,2021-07-30 00:00:00,760201,2025-10-15 10:57:00,760000,760200
301030,2026-07-01 10:24:00,630502,2026-07-01 10:24:00,630000,630500
301031,2021-07-05 08:47:00,280201,2021-07-06 09:10:00,280000,280200
301031,2021-07-30 00:00:00,270401,2021-07-31 16:18:00,270000,270400
301032,2021-07-09 14:06:00,640104,2021-07-09 14:06:00,640000,640100
301032,2021-07-30 00:00:00,640106,2025-10-15 10:57:00,640000,640100
301033,2021-07-09 14:06:00,370501,2021-07-28 15:56:00,370000,370500
301033,2021-07-30 00:00:00,370503,2021-10-08 14:19:00,370000,370500
301035,2021-07-12 18:01:00,220303,2021-07-12 18:01:00,220000,220300
301035,2021-07-30 00:00:00,220803,2025-12-30 17:35:00,220000,220800
301036,2021-07-12 18:01:00,220305,2021-07-12 18:01:00,220000,220300
301037,2021-07-12 18:01:00,220204,2021-07-12 18:01:00,220000,220200
301037,2021-07-30 00:00:00,220305,2021-09-17 14:10:00,220000,220300
301038,2021-07-12 18:02:00,620303,2021-07-12 18:02:00,620000,620300
301038,2021-07-30 00:00:00,620601,2023-09-27 15:21:00,620000,620600
301039,2021-06-30 18:04:00,280102,2021-07-06 09:10:00,280000,280100
301039,2021-07-30 00:00:00,280601,2025-01-08 14:36:00,280000,280600
301040,2021-07-23 11:14:00,630302,2021-07-23 11:14:00,630000,630300
301040,2021-07-30 00:00:00,630602,2025-10-15 10:57:00,630000,630600
301041,2021-07-27 13:28:00,270202,2021-07-27 13:28:00,270000,270200
301042,2021-07-27 13:28:00,710101,2021-07-27 13:28:00,710000,710100
301042,2021-07-30 00:00:00,710102,2023-09-27 15:22:00,710000,710100
301043,2021-07-27 13:28:00,640106,2021-07-27 13:28:00,640000,640100
301043,2024-07-30 12:45:00,640105,2025-10-15 10:57:00,640000,640100
301045,2021-08-06 00:00:00,270303,2021-09-17 14:09:00,270000,270300
301045,2022-07-29 00:00:00,270301,2023-12-25 17:08:00,270000,270300
301046,2021-08-06 00:00:00,620404,2021-09-17 14:14:00,620000,620400
301047,2021-08-06 00:00:00,370603,2021-11-01 14:17:00,370000,370600
301047,2022-07-29 00:00:00,370304,2022-07-29 11:54:00,370000,370300
301048,2021-08-13 00:00:00,640501,2025-10-15 10:57:00,640000,640500
301049,2021-08-13 00:00:00,760103,2025-10-15 10:57:00,760000,760100
301050,2021-08-13 00:00:00,650501,2025-10-15 10:57:00,650000,650500
301051,2021-08-13 00:00:00,270504,2023-04-25 09:32:00,270000,270500
301052,2021-08-20 00:00:00,720902,2025-10-15 10:57:00,720000,720900
301053,2021-08-20 00:00:00,640206,2025-10-15 10:57:00,640000,640200
301055,2021-08-20 00:00:00,360311,2021-09-17 14:13:00,360000,360300
301056,2021-08-20 00:00:00,640204,2025-10-15 10:57:00,640000,640200
301057,2021-08-20 00:00:00,220401,2021-09-17 14:10:00,220000,220400
301058,2021-08-20 00:00:00,620601,2024-01-23 09:18:00,620000,620600
301059,2021-08-27 00:00:00,220309,2021-09-17 14:10:00,220000,220300
301060,2021-08-27 00:00:00,370602,2021-12-01 10:37:00,370000,370600
301061,2021-09-03 00:00:00,360307,2023-12-29 17:16:00,360000,360300
301062,2021-08-27 00:00:00,360205,2021-12-01 10:38:00,360000,360200
301063,2021-09-03 00:00:00,640108,2021-09-17 14:11:00,640000,640100
301063,2022-07-29 00:00:00,630602,2022-07-29 11:54:00,630000,630600
301063,2024-07-30 12:45:00,640203,2025-10-15 10:57:00,640000,640200
301065,2021-09-03 00:00:00,220309,2021-09-17 14:10:00,220000,220300
301065,2022-07-29 00:00:00,370101,2022-07-29 11:54:00,370000,370100
301066,2021-09-03 00:00:00,350205,2021-09-17 14:16:00,350000,350200
301066,2022-07-29 00:00:00,350106,2022-07-29 11:54:00,350000,350100
301067,2021-09-03 00:00:00,270504,2023-04-25 09:32:00,270000,270500
301068,2021-09-03 00:00:00,760103,2025-10-15 10:57:00,760000,760100
301069,2021-09-10 00:00:00,220204,2024-04-01 15:29:00,220000,220200
301070,2021-09-17 00:00:00,640106,2021-11-18 09:13:00,640000,640100
301070,2024-07-30 12:45:00,640105,2025-10-15 10:57:00,640000,640100
301071,2021-09-17 00:00:00,640103,2024-01-24 16:04:00,640000,640100
301071,2021-12-13 00:00:00,220901,2024-01-24 16:04:00,220000,220900
301072,2021-09-10 00:00:00,280203,2025-01-08 14:36:00,280000,280200
301073,2021-09-10 00:00:00,460901,2024-04-01 15:29:00,460000,460900
301075,2021-09-17 00:00:00,370102,2021-11-18 09:15:00,370000,370100
301076,2021-09-17 00:00:00,220309,2021-11-18 09:12:00,220000,220300
301077,2021-09-17 00:00:00,220309,2021-11-18 09:12:00,220000,220300
301078,2021-09-17 00:00:00,450401,2026-01-26 16:15:00,450000,450400
301079,2021-09-24 00:00:00,640602,2025-10-15 10:57:00,640000,640600
301080,2021-10-15 00:00:00,370603,2022-01-01 17:06:00,370000,370600
301080,2022-07-29 00:00:00,370304,2022-07-29 11:54:00,370000,370300
301081,2021-10-15 00:00:00,760201,2025-10-15 10:57:00,760000,760200
301082,2021-09-30 00:00:00,630805,2025-10-15 10:57:00,630000,630800
301083,2021-10-15 00:00:00,640209,2025-10-15 10:57:00,640000,640200
301085,2021-10-15 00:00:00,710301,2021-11-18 09:18:00,710000,710300
301086,2021-10-15 00:00:00,270504,2023-04-25 09:32:00,270000,270500
301087,2021-09-30 00:00:00,370504,2021-11-18 09:15:00,370000,370500
301087,2022-07-29 00:00:00,370503,2024-11-25 16:31:00,370000,370500
301087,2026-08-21 13:22:00,370502,2026-08-21 13:22:00,370000,370500
301088,2021-09-30 00:00:00,350209,2023-03-31 08:22:00,350000,350200
301089,2021-09-30 00:00:00,370101,2021-11-18 09:15:00,370000,370100
301090,2021-09-30 00:00:00,220313,2021-11-18 09:12:00,220000,220300
301090,2022-07-29 00:00:00,220501,2024-04-01 15:28:00,220000,220500
301091,2021-09-30 00:00:00,620601,2025-10-21 15:46:00,620000,620600
301092,2021-10-15 00:00:00,220504,2021-11-18 09:12:00,220000,220500
301093,2021-10-15 00:00:00,370503,2021-11-18 09:15:00,370000,370500
301095,2022-07-25 00:00:00,710401,2024-01-24 12:32:00,710000,710400
301096,2021-12-03 00:00:00,370603,2021-12-29 14:01:00,370000,370600
301097,2022-03-18 00:00:00,370503,2023-09-08 10:19:00,370000,370500
301098,2021-10-29 00:00:00,620307,2021-11-18 09:21:00,620000,620300
301099,2021-11-05 00:00:00,270203,2021-11-18 09:16:00,270000,270200
301099,2022-07-29 00:00:00,270401,2023-04-25 09:32:00,270000,270400
301100,2021-12-03 00:00:00,220309,2021-12-29 13:59:00,220000,220300
301101,2021-12-03 00:00:00,360501,2023-06-28 21:39:00,360000,360500
301102,2022-03-04 00:00:00,720502,2025-10-15 10:57:00,720000,720500
301103,2022-03-04 00:00:00,370604,2023-09-08 10:19:00,370000,370600
301105,2022-12-23 00:00:00,640208,2025-10-15 10:57:00,640000,640200
301106,2022-01-14 00:00:00,270301,2023-04-25 09:32:00,270000,270300
301107,2022-05-13 00:00:00,640106,2025-10-15 10:57:00,640000,640100
301108,2021-11-19 00:00:00,770101,2025-09-25 15:57:00,770000,770100
301109,2022-03-25 00:00:00,760103,2026-04-02 13:26:00,760000,760100
301110,2021-07-30 00:00:00,450603,2025-09-21 11:38:00,450000,450600
301111,2021-11-19 00:00:00,370102,2021-12-29 14:01:00,370000,370100
301111,2022-07-29 00:00:00,370201,2022-07-29 11:54:00,370000,370200
301112,2022-06-02 00:00:00,640701,2025-10-15 10:57:00,640000,640700
301113,2021-12-10 00:00:00,360311,2021-12-29 14:08:00,360000,360300
301115,2022-08-12 00:00:00,460802,2023-09-08 10:19:00,460000,460800
301116,2021-12-31 00:00:00,110703,2023-09-08 10:19:00,110000,110700
301117,2021-12-24 00:00:00,710102,2025-10-15 10:57:00,710000,710100
301118,2021-11-05 00:00:00,220204,2021-11-18 09:14:00,220000,220200
301119,2021-11-12 00:00:00,280203,2025-01-08 14:36:00,280000,280200
301120,2022-03-25 00:00:00,630801,2025-10-15 10:57:00,630000,630800
301121,2022-07-25 00:00:00,630701,2025-10-15 10:57:00,630000,630700
301122,2022-01-14 00:00:00,370503,2023-09-08 10:19:00,370000,370500
301123,2022-01-07 00:00:00,270504,2023-04-25 09:32:00,270000,270500
301125,2022-05-20 00:00:00,640106,2025-10-15 10:57:00,640000,640100
301126,2021-11-19 00:00:00,370402,2021-12-29 14:01:00,370000,370400
301127,2021-12-10 00:00:00,760102,2026-04-02 13:26:00,760000,760100
301128,2021-10-29 00:00:00,640209,2025-10-15 10:57:00,640000,640200
301129,2021-10-22 00:00:00,640107,2025-10-15 10:57:00,640000,640100
301130,2022-01-28 00:00:00,370102,2023-09-08 10:19:00,370000,370100
301131,2022-03-04 00:00:00,220503,2023-09-08 10:19:00,220000,220500
301132,2022-07-25 00:00:00,270202,2023-09-08 10:19:00,270000,270200
301133,2021-11-05 00:00:00,280202,2025-01-08 14:36:00,280000,280200
301135,2022-03-25 00:00:00,270504,2023-09-08 10:19:00,270000,270500
301135,2024-07-30 12:45:00,330601,2025-01-08 14:36:00,330000,330600
301136,2021-12-24 00:00:00,620601,2021-12-29 14:09:00,620000,620600
301137,2022-03-04 00:00:00,640108,2025-10-15 10:57:00,640000,640100
301138,2021-12-03 00:00:00,640209,2021-12-29 14:10:00,640000,640200
301138,2022-07-29 00:00:00,640208,2025-10-15 10:57:00,640000,640200
301139,2022-06-24 00:00:00,730103,2026-06-01 14:47:00,730000,730100
301141,2023-03-17 00:00:00,240202,2025-01-08 14:36:00,240000,240200
301148,2022-04-01 00:00:00,760102,2025-10-15 10:57:00,760000,760100
301149,2021-10-29 00:00:00,220309,2021-11-18 09:14:00,220000,220300
301150,2022-04-01 00:00:00,240302,2022-04-01 18:41:00,240000,240300
301150,2022-07-29 00:00:00,630701,2025-10-15 10:57:00,630000,630700
301151,2022-03-18 00:00:00,640108,2025-10-15 10:57:00,640000,640100
301152,2022-08-12 00:00:00,630702,2025-10-15 10:57:00,630000,630700
301153,2022-04-29 00:00:00,710401,2023-09-08 10:19:00,710000,710400
301155,2021-11-05 00:00:00,630602,2025-10-15 10:57:00,630000,630600
301156,2022-06-10 00:00:00,220315,2023-09-08 10:19:00,220000,220300
301157,2023-03-09 00:00:00,630306,2025-10-15 10:57:00,630000,630300
301158,2021-12-31 00:00:00,640203,2025-10-15 10:57:00,640000,640200
301159,2021-12-24 00:00:00,710401,2021-12-29 14:08:00,710000,710400
301160,2022-05-20 00:00:00,230501,2025-01-08 14:36:00,230000,230500
301160,2026-07-01 10:24:00,640108,2026-07-01 10:24:00,640000,640100
301161,2022-08-26 00:00:00,640602,2025-10-15 10:57:00,640000,640600
301162,2022-04-01 00:00:00,710401,2025-10-15 10:57:00,710000,710400
301163,2022-03-25 00:00:00,640108,2022-03-25 17:55:00,640000,640100
301163,2022-07-29 00:00:00,630602,2025-10-15 10:57:00,630000,630600
301165,2022-11-04 00:00:00,730204,2026-06-01 14:47:00,730000,730200
301166,2021-12-10 00:00:00,370304,2021-12-29 14:01:00,370000,370300
301167,2021-11-26 00:00:00,620601,2021-12-29 14:09:00,620000,620600
301168,2021-11-26 00:00:00,630504,2022-07-11 13:29:00,630000,630500
301168,2024-07-30 12:45:00,630502,2025-10-15 10:57:00,630000,630500
301169,2021-10-22 00:00:00,460804,2022-02-08 15:57:00,460000,460800
301170,2023-06-09 00:00:00,280203,2025-01-08 14:36:00,280000,280200
301171,2022-08-05 00:00:00,720501,2025-10-15 10:57:00,720000,720500
301172,2023-07-14 00:00:00,710301,2023-09-08 10:19:00,710000,710300
301173,2025-02-14 14:07:00,280202,2025-02-19 17:18:00,280000,280200
301175,2022-06-17 00:00:00,760103,2025-10-15 10:57:00,760000,760100
301176,2022-09-09 00:00:00,270202,2023-09-08 10:19:00,270000,270200
301177,2021-12-03 00:00:00,350301,2026-01-26 16:15:00,350000,350300
301178,2021-11-05 00:00:00,710301,2021-11-18 09:18:00,710000,710300
301179,2021-11-26 00:00:00,630803,2025-10-15 10:57:00,630000,630800
301180,2021-11-05 00:00:00,270504,2023-04-25 09:32:00,270000,270500
301181,2022-01-28 00:00:00,280205,2025-01-08 14:36:00,280000,280200
301182,2021-12-03 00:00:00,270504,2023-04-25 09:32:00,270000,270500
301182,2024-07-30 12:45:00,710102,2025-01-08 14:36:00,710000,710100
301183,2022-05-13 00:00:00,270303,2023-04-25 09:32:00,270000,270300
301185,2021-11-05 00:00:00,710301,2021-11-18 09:18:00,710000,710300
301186,2021-12-10 00:00:00,280205,2025-01-08 14:36:00,280000,280200
301187,2022-04-01 00:00:00,330302,2025-01-24 17:35:00,330000,330300
301188,2021-10-29 00:00:00,360311,2021-11-18 09:23:00,360000,360300
301188,2024-11-15 18:02:00,370503,2025-01-08 14:36:00,370000,370500
301189,2021-12-10 00:00:00,270503,2023-04-25 09:32:00,270000,270500
301190,2021-12-03 00:00:00,220308,2021-12-29 13:59:00,220000,220300
301190,2024-07-30 12:45:00,220204,2024-07-30 12:45:00,220000,220200
301191,2022-05-13 00:00:00,730206,2026-06-01 14:47:00,730000,730200
301192,2022-08-05 00:00:00,280203,2025-01-08 14:36:00,280000,280200
301193,2021-11-26 00:00:00,360311,2021-12-29 14:08:00,360000,360300
301195,2022-07-25 00:00:00,710401,2023-09-08 10:19:00,710000,710400
301196,2021-12-17 00:00:00,220501,2021-12-29 13:59:00,220000,220500
301197,2022-07-25 00:00:00,640107,2025-10-15 10:57:00,640000,640100
301198,2021-11-19 00:00:00,360204,2021-12-29 14:08:00,360000,360200
301199,2021-11-26 00:00:00,640701,2025-10-15 10:57:00,640000,640700
301200,2022-01-28 00:00:00,640209,2025-10-15 10:57:00,640000,640200
301201,2021-12-31 00:00:00,370603,2023-09-08 10:19:00,370000,370600
301202,2023-06-30 00:00:00,730207,2026-06-01 14:47:00,730000,730200
301203,2023-03-17 00:00:00,760102,2025-10-15 10:57:00,760000,760100
301205,2022-09-02 00:00:00,730204,2026-06-01 14:47:00,730000,730200
301206,2022-01-14 00:00:00,220315,2023-09-08 10:19:00,220000,220300
301207,2022-01-28 00:00:00,370303,2023-09-08 10:19:00,370000,370300
301208,2022-07-01 00:00:00,710301,2023-09-08 10:19:00,710000,710300
301209,2022-08-12 00:00:00,220305,2023-09-08 10:19:00,220000,220300
301210,2023-06-09 00:00:00,630701,2025-10-15 10:57:00,630000,630700
301211,2021-12-03 00:00:00,370101,2021-12-29 14:01:00,370000,370100
301212,2022-03-25 00:00:00,220309,2023-09-08 10:19:00,220000,220300
301213,2021-11-26 00:00:00,650501,2025-10-15 10:57:00,650000,650500
301215,2022-02-18 00:00:00,280303,2025-01-08 14:36:00,280000,280300
301216,2022-03-11 00:00:00,220313,2022-03-11 16:12:00,220000,220300
301216,2022-07-29 00:00:00,220501,2026-04-03 21:12:00,220000,220500
301217,2022-01-14 00:00:00,240302,2022-01-17 11:16:00,240000,240300
301217,2023-07-04 00:00:00,630701,2025-10-15 10:57:00,630000,630700
301218,2022-02-25 00:00:00,710301,2023-09-08 10:19:00,710000,710300
301219,2022-03-04 00:00:00,240601,2025-01-08 14:36:00,240000,240600
301220,2022-06-02 00:00:00,220315,2023-09-08 10:19:00,220000,220300
301221,2021-12-03 00:00:00,280206,2025-01-08 14:36:00,280000,280200
301222,2022-02-25 00:00:00,630705,2025-10-15 10:57:00,630000,630700
301223,2022-09-23 00:00:00,360205,2023-09-08 10:19:00,360000,360200
301225,2023-05-26 00:00:00,280203,2025-11-26 17:21:00,280000,280200
301226,2022-03-11 00:00:00,630101,2025-10-15 10:57:00,630000,630100
301227,2022-09-02 00:00:00,360308,2022-09-02 14:39:00,360000,360300
301228,2022-01-14 00:00:00,460802,2022-01-17 11:16:00,460000,460800
301229,2022-02-11 00:00:00,280202,2022-02-11 14:47:00,280000,280200
301229,2024-11-15 18:02:00,280203,2025-01-08 14:36:00,280000,280200
301230,2022-09-30 00:00:00,370603,2025-09-17 18:39:00,370000,370600
301231,2022-08-19 00:00:00,720902,2025-10-15 10:57:00,720000,720900
301232,2023-05-26 00:00:00,630602,2025-10-15 10:57:00,630000,630600
301233,2022-06-10 00:00:00,280205,2025-01-08 14:36:00,280000,280200
301234,2022-06-24 00:00:00,370503,2022-06-24 16:54:00,370000,370500
301235,2022-01-14 00:00:00,620404,2022-01-17 11:16:00,620000,620400
301235,2022-01-21 00:00:00,370502,2025-09-09 10:17:00,370000,370500
301236,2022-02-25 00:00:00,710301,2023-05-24 15:41:00,710000,710300
301237,2022-03-04 00:00:00,220505,2022-03-04 17:42:00,220000,220500
301238,2022-06-02 00:00:00,630702,2025-10-15 10:57:00,630000,630700
301239,2022-06-10 00:00:00,370604,2026-02-26 16:27:00,370000,370600
301246,2023-02-24 00:00:00,370101,2026-05-24 14:02:00,370000,370100
301248,2022-04-01 00:00:00,710301,2022-04-01 18:41:00,710000,710300
301251,2023-08-21 00:00:00,270202,2023-08-21 11:01:00,270000,270200
301252,2023-05-12 00:00:00,330601,2023-05-15 13:30:00,330000,330600
301255,2022-12-09 00:00:00,640108,2025-10-15 10:57:00,640000,640100
301256,2022-03-04 00:00:00,220203,2022-03-04 17:42:00,220000,220200
301257,2022-04-29 00:00:00,370603,2025-09-09 10:17:00,370000,370600
301258,2022-03-11 00:00:00,370101,2022-03-11 16:12:00,370000,370100
301259,2022-04-08 00:00:00,760104,2025-10-15 10:57:00,760000,760100
301260,2023-01-20 00:00:00,640207,2025-10-15 10:57:00,640000,640200
301261,2023-06-30 00:00:00,640108,2025-10-15 10:57:00,640000,640100
301262,2023-06-09 00:00:00,721001,2025-10-15 10:57:00,720000,721000
301263,2022-03-11 00:00:00,370102,2022-03-11 16:12:00,370000,370100
301265,2022-11-25 00:00:00,760103,2025-10-15 10:57:00,760000,760100
301266,2022-05-20 00:00:00,630504,2025-10-15 10:57:00,630000,630500
301267,2022-11-04 00:00:00,370604,2023-01-13 13:04:00,370000,370600
301268,2022-03-18 00:00:00,640108,2025-10-15 10:57:00,640000,640100
301269,2022-07-15 00:00:00,710401,2023-06-01 14:03:00,710000,710400
301270,2022-08-12 00:00:00,710402,2022-08-12 16:35:00,710000,710400
301272,2023-06-30 00:00:00,640105,2025-09-04 08:48:00,640000,640100
301273,2022-09-23 00:00:00,640106,2025-10-15 10:57:00,640000,640100
301275,2025-02-21 14:46:00,270401,2025-10-15 10:57:00,270000,270400
301276,2022-08-26 00:00:00,350209,2026-01-26 16:15:00,350000,350200
301277,2022-10-28 00:00:00,370101,2022-10-28 16:09:00,370000,370100
301278,2022-07-25 00:00:00,630504,2023-02-02 10:24:00,630000,630500
301278,2024-07-30 12:45:00,630502,2025-10-15 10:57:00,630000,630500
301279,2022-03-25 00:00:00,640602,2025-10-15 10:57:00,640000,640600
301280,2022-12-02 00:00:00,270504,2022-12-05 13:48:00,270000,270500
301280,2024-07-30 12:45:00,330601,2025-01-08 14:36:00,330000,330600
301281,2023-03-17 00:00:00,370101,2023-03-20 11:17:00,370000,370100
301282,2022-08-05 00:00:00,270202,2022-08-08 11:04:00,270000,270200
301283,2022-08-19 00:00:00,220317,2022-08-19 12:04:00,220000,220300
301285,2022-09-09 00:00:00,270504,2022-09-14 17:12:00,270000,270500
301286,2022-05-27 00:00:00,220309,2023-12-25 16:35:00,220000,220300
301287,2023-06-09 00:00:00,360502,2023-06-14 10:58:00,360000,360500
301288,2022-04-01 00:00:00,760201,2025-10-15 10:57:00,760000,760200
301289,2022-06-10 00:00:00,460802,2022-06-10 17:27:00,460000,460800
301290,2022-11-11 00:00:00,370502,2022-11-14 09:48:00,370000,370500
301291,2023-06-09 00:00:00,630802,2025-10-15 10:57:00,630000,630800
301292,2023-06-09 00:00:00,630702,2025-10-15 10:57:00,630000,630700
301293,2023-04-14 00:00:00,370604,2023-04-17 16:58:00,370000,370600
301295,2023-06-09 00:00:00,630801,2025-10-15 10:57:00,630000,630800
301296,2022-08-19 00:00:00,360205,2026-02-26 16:27:00,360000,360200
301297,2022-12-23 00:00:00,270108,2025-01-08 14:36:00,270000,270100
301298,2022-05-20 00:00:00,280205,2025-01-08 14:36:00,280000,280200
301299,2022-09-30 00:00:00,720704,2025-10-15 10:57:00,720000,720700
301300,2022-08-05 00:00:00,220603,2022-08-08 11:04:00,220000,220600
301301,2022-12-09 00:00:00,370102,2022-12-09 17:00:00,370000,370100
301301,2024-07-30 12:45:00,370101,2024-07-30 12:45:00,370000,370100
301302,2022-06-02 00:00:00,650501,2025-10-15 10:57:00,650000,650500
301303,2023-02-13 00:00:00,640107,2025-10-15 10:57:00,640000,640100
301305,2023-05-04 00:00:00,760103,2025-10-15 10:57:00,760000,760100
301306,2022-07-08 00:00:00,650501,2025-10-15 10:57:00,650000,650500
301307,2023-03-31 00:00:00,730204,2026-06-01 14:47:00,730000,730200
301307,2026-07-01 10:24:00,640108,2026-07-01 10:24:00,640000,640100
301308,2022-07-25 00:00:00,270104,2024-05-13 16:24:00,270000,270100
301309,2022-09-02 00:00:00,640108,2025-10-15 10:57:00,640000,640100
301310,2023-05-26 00:00:00,280206,2025-01-08 14:36:00,280000,280200
301311,2022-11-21 00:00:00,640106,2025-10-15 10:57:00,640000,640100
301312,2022-07-01 00:00:00,640704,2025-10-15 10:57:00,640000,640700
301313,2022-09-16 00:00:00,720706,2025-10-15 10:57:00,720000,720700
301314,2023-03-17 00:00:00,730204,2026-06-01 14:47:00,730000,730200
301315,2023-06-09 00:00:00,710402,2023-06-14 10:58:00,710000,710400
301316,2022-09-16 00:00:00,710301,2022-09-16 16:36:00,710000,710300
301317,2023-01-06 00:00:00,640106,2025-10-15 10:57:00,640000,640100
301318,2022-07-25 00:00:00,710102,2022-07-25 11:55:00,710000,710100
301319,2022-09-09 00:00:00,270601,2022-09-14 17:12:00,270000,270600
301320,2023-05-26 00:00:00,640702,2025-10-15 10:57:00,640000,640700
301321,2022-08-18 00:00:00,270301,2022-10-10 12:37:00,270000,270300
301322,2023-02-24 00:00:00,280401,2025-01-08 14:36:00,280000,280400
301323,2023-05-26 00:00:00,240202,2025-01-08 14:36:00,240000,240200
301325,2023-05-04 00:00:00,630703,2025-10-15 10:57:00,630000,630700
301326,2022-09-02 00:00:00,270504,2022-09-02 14:39:00,270000,270500
301327,2022-09-02 00:00:00,630701,2025-10-15 10:57:00,630000,630700
301328,2022-08-19 00:00:00,270401,2025-10-15 10:57:00,270000,270400
301329,2023-06-30 00:00:00,270504,2023-06-30 14:13:00,270000,270500
301330,2022-08-05 00:00:00,710102,2022-08-08 11:04:00,710000,710100
301331,2022-09-02 00:00:00,370201,2022-09-02 14:39:00,370000,370200
301332,2023-05-04 00:00:00,330302,2024-05-30 21:55:00,330000,330300
301333,2022-07-25 00:00:00,370603,2022-07-25 11:55:00,370000,370600
301335,2022-11-04 00:00:00,360502,2023-02-02 10:25:00,360000,360500
301336,2022-08-05 00:00:00,360307,2022-11-01 13:53:00,360000,360300
301337,2023-05-04 00:00:00,710401,2023-05-04 09:15:00,710000,710400
301338,2022-08-05 00:00:00,640209,2025-10-15 10:57:00,640000,640200
301339,2022-08-26 00:00:00,710103,2022-08-26 13:27:00,710000,710100
301345,2023-02-24 00:00:00,280402,2026-03-12 11:14:00,280000,280400
301348,2023-07-31 00:00:00,270107,2023-07-31 17:08:00,270000,270100
301349,2022-08-19 00:00:00,630702,2025-10-15 10:57:00,630000,630700
301353,2023-05-26 00:00:00,640106,2025-10-15 10:57:00,640000,640100
301355,2023-05-26 00:00:00,360205,2023-05-29 12:16:00,360000,360200
301356,2022-10-21 00:00:00,360306,2024-11-26 13:47:00,360000,360300
301357,2023-03-31 00:00:00,650301,2025-10-15 10:57:00,650000,650300
301358,2023-01-20 00:00:00,630702,2025-10-15 10:57:00,630000,630700
301359,2022-10-21 00:00:00,270401,2022-10-21 15:53:00,270000,270400
301360,2023-03-31 00:00:00,640107,2025-12-08 07:08:00,640000,640100
301361,2022-10-28 00:00:00,630802,2025-10-15 10:57:00,630000,630800
301362,2023-07-31 00:00:00,330501,2023-09-25 10:04:00,330000,330500
301363,2022-09-16 00:00:00,370502,2023-01-03 10:27:00,370000,370500
301365,2022-11-04 00:00:00,620601,2022-11-07 13:51:00,620000,620600
301366,2022-09-09 00:00:00,270202,2022-09-14 17:12:00,270000,270200
301367,2022-09-30 00:00:00,370502,2023-12-07 17:42:00,370000,370500
301368,2022-11-25 00:00:00,640108,2025-10-15 10:57:00,640000,640100
301369,2022-09-09 00:00:00,270108,2026-05-25 10:38:00,270000,270100
301370,2023-06-30 00:00:00,370503,2023-06-30 14:13:00,370000,370500
301371,2023-07-14 00:00:00,770202,2025-01-24 16:29:00,770000,770200
301372,2023-07-31 00:00:00,760102,2025-10-15 10:57:00,760000,760100
301373,2023-01-20 00:00:00,220309,2023-01-20 13:22:00,220000,220300
301376,2023-06-09 00:00:00,360307,2023-12-27 22:00:00,360000,360300
301377,2022-11-04 00:00:00,640108,2025-10-15 10:57:00,640000,640100
301378,2023-02-24 00:00:00,710401,2023-03-03 15:31:00,710000,710400
301379,2022-09-30 00:00:00,270301,2022-10-10 12:20:00,270000,270300
301380,2022-09-30 00:00:00,730104,2026-06-01 14:47:00,730000,730100
301381,2023-06-30 00:00:00,450602,2024-01-24 15:42:00,450000,450600
301382,2023-05-04 00:00:00,730104,2026-06-01 14:47:00,730000,730100
301383,2023-05-26 00:00:00,270504,2023-05-29 12:16:00,270000,270500
301386,2023-03-10 00:00:00,630802,2025-10-15 10:57:00,630000,630800
301387,2023-03-31 00:00:00,270504,2023-04-03 11:04:00,270000,270500
301388,2022-11-04 00:00:00,630802,2025-10-15 10:57:00,630000,630800
301389,2022-09-30 00:00:00,270504,2022-10-10 12:20:00,270000,270500
301390,2023-05-04 00:00:00,620404,2023-05-04 09:15:00,620000,620400
301390,2024-07-30 12:45:00,620601,2024-07-30 12:45:00,620000,620600
301391,2022-11-21 00:00:00,710103,2022-11-21 12:26:00,710000,710100
301392,2024-05-17 00:00:00,640209,2025-10-15 10:57:00,640000,640200
301393,2023-06-30 00:00:00,370304,2025-09-17 18:36:00,370000,370300
301395,2023-06-09 00:00:00,220504,2023-06-14 10:58:00,220000,220500
301396,2022-10-28 00:00:00,710301,2022-10-28 16:09:00,710000,710300
301397,2023-06-09 00:00:00,280203,2025-01-08 14:36:00,280000,280200
301398,2022-11-25 00:00:00,280202,2025-01-08 14:36:00,280000,280200
301399,2023-05-04 00:00:00,640105,2025-10-15 10:57:00,640000,640100
301408,2023-02-13 00:00:00,370403,2023-02-14 14:22:00,370000,370400
301413,2023-12-01 00:00:00,640107,2025-10-15 10:57:00,640000,640100
301418,2023-07-31 00:00:00,640702,2025-10-15 10:57:00,640000,640700
301419,2023-01-20 00:00:00,730204,2026-06-01 14:47:00,730000,730200
301421,2023-08-21 00:00:00,270303,2023-08-21 11:01:00,270000,270300
301428,2023-05-04 00:00:00,730104,2026-06-01 14:47:00,730000,730100
301429,2023-03-31 00:00:00,610303,2024-01-14 08:47:00,610000,610300
301439,2023-02-24 00:00:00,630805,2025-10-15 10:57:00,630000,630800
301446,2023-07-14 00:00:00,640602,2025-10-15 10:57:00,640000,640600
301448,2023-06-09 00:00:00,640106,2025-10-15 10:57:00,640000,640100
301449,2025-12-12 13:27:00,460802,2026-04-27 14:53:00,460000,460800
301456,2023-06-30 00:00:00,630602,2025-10-15 10:57:00,630000,630600
301458,2024-12-20 13:24:00,270203,2025-01-08 14:36:00,270000,270200
301459,2023-12-01 00:00:00,220602,2024-07-29 11:30:00,220000,220600
301468,2023-06-30 00:00:00,640106,2025-10-15 10:57:00,640000,640100
301469,2023-07-31 00:00:00,360103,2023-07-31 17:08:00,360000,360100
301479,2025-02-21 14:46:00,270303,2025-07-09 12:06:00,270000,270300
301486,2023-06-30 00:00:00,270504,2023-06-30 14:13:00,270000,270500
301487,2023-07-31 00:00:00,630702,2025-10-15 10:57:00,630000,630700
301488,2023-06-09 00:00:00,280206,2025-01-08 14:36:00,280000,280200
301489,2023-10-13 00:00:00,270601,2023-10-16 10:26:00,270000,270600
301491,2025-07-18 13:48:00,270504,2025-10-15 10:57:00,270000,270500
301498,2023-07-31 00:00:00,110404,2023-09-04 15:40:00,110000,110400
301499,2023-06-30 00:00:00,280206,2025-01-08 14:36:00,280000,280200
301500,2023-09-08 00:00:00,240302,2023-09-08 15:31:00,240000,240300
301500,2024-07-30 12:45:00,760103,2025-10-15 10:57:00,760000,760100
301501,2025-02-28 19:56:00,360311,2025-06-26 16:21:00,360000,360300
301502,2024-01-19 00:00:00,630101,2025-10-15 10:57:00,630000,630100
301503,2023-06-30 00:00:00,710103,2023-06-30 14:13:00,710000,710100
301505,2023-06-30 00:00:00,620601,2023-06-30 14:13:00,620000,620600
301507,2023-08-21 00:00:00,370102,2023-08-21 11:01:00,370000,370100
301508,2023-11-17 00:00:00,460802,2024-07-29 11:30:00,460000,460800
301509,2023-07-14 00:00:00,370603,2023-07-14 16:28:00,370000,370600
301510,2023-07-31 00:00:00,640702,2025-10-15 10:57:00,640000,640700
301511,2023-07-31 00:00:00,630701,2025-10-15 10:57:00,630000,630700
301512,2023-07-14 00:00:00,640704,2025-10-15 10:57:00,640000,640700
301513,2026-04-03 12:27:00,630703,2026-04-27 14:53:00,630000,630700
301515,2023-07-14 00:00:00,370502,2023-07-14 16:28:00,370000,370500
301516,2023-11-17 00:00:00,630306,2025-10-15 10:57:00,630000,630300
301517,2023-10-13 00:00:00,650501,2023-10-16 10:26:00,650000,650500
301518,2023-07-14 00:00:00,220309,2023-07-14 16:28:00,220000,220300
301519,2023-07-14 00:00:00,760102,2025-10-15 10:57:00,760000,760100
301520,2023-09-08 00:00:00,370603,2023-09-08 15:31:00,370000,370600
301522,2024-09-20 12:12:00,240201,2025-01-08 14:36:00,240000,240200
301525,2023-08-21 00:00:00,640105,2025-10-15 10:57:00,640000,640100
301526,2023-12-08 00:00:00,610202,2024-07-29 11:30:00,610000,610200
301528,2023-08-21 00:00:00,640107,2025-10-15 10:57:00,640000,640100
301529,2023-09-08 00:00:00,280202,2025-01-08 14:36:00,280000,280200
301531,2026-04-17 12:56:00,240202,2026-04-27 14:53:00,240000,240200
301533,2023-07-31 00:00:00,640207,2025-10-15 10:57:00,640000,640200
301535,2025-03-07 12:05:00,280205,2025-10-15 10:57:00,280000,280200
301536,2024-03-18 00:00:00,270104,2024-07-29 11:30:00,270000,270100
301538,2024-03-01 00:00:00,220503,2024-07-29 11:30:00,220000,220500
301539,2024-03-22 00:00:00,280204,2025-01-08 14:36:00,280000,280200
301548,2023-09-08 00:00:00,640108,2023-12-01 10:04:00,640000,640100
301550,2023-09-08 00:00:00,280204,2023-09-08 15:31:00,280000,280200
301550,2024-07-30 12:45:00,280203,2025-01-08 14:36:00,280000,280200
301551,2024-09-06 13:21:00,721001,2025-10-15 10:57:00,720000,721000
301552,2024-07-05 00:00:00,280202,2024-07-05 16:32:00,280000,280200
301555,2023-10-13 00:00:00,220504,2023-10-16 10:26:00,220000,220500
301556,2024-09-20 12:12:00,710301,2025-01-08 14:36:00,710000,710300
301557,2025-02-14 14:07:00,630602,2025-10-15 10:57:00,630000,630600
301558,2023-09-15 00:00:00,450602,2023-09-18 10:17:00,450000,450600
301559,2023-09-15 00:00:00,640108,2025-10-15 10:57:00,640000,640100
301560,2025-04-10 10:24:00,280203,2025-10-15 10:57:00,280000,280200
301563,2025-09-12 11:39:00,270401,2025-10-15 10:57:00,270000,270400
301565,2024-05-31 00:00:00,220505,2024-05-31 16:26:00,220000,220500
301566,2023-12-22 00:00:00,270203,2024-07-29 11:30:00,270000,270200
301567,2024-01-08 00:00:00,270504,2024-07-29 11:30:00,270000,270500
301568,2023-11-17 00:00:00,640704,2025-10-15 10:57:00,640000,640700
301571,2024-08-02 10:19:00,650501,2026-06-11 17:32:00,650000,650500
301575,2025-08-22 16:02:00,360309,2025-10-15 10:57:00,360000,360300
301577,2024-01-12 00:00:00,730204,2026-06-01 14:47:00,730000,730200
301578,2023-12-22 00:00:00,330202,2024-07-29 11:30:00,330000,330200
301580,2024-06-14 00:00:00,370503,2024-06-14 14:59:00,370000,370500
301581,2024-12-20 13:24:00,280206,2025-01-08 14:36:00,280000,280200
301583,2026-06-19 11:15:00,270108,2026-07-27 11:59:00,270000,270100
301584,2025-09-05 18:59:00,370402,2025-10-15 10:57:00,370000,370400
301585,2024-12-06 10:29:00,220308,2025-01-08 14:36:00,220000,220300
301586,2024-08-16 10:09:00,650201,2025-10-15 10:57:00,650000,650200
301587,2024-03-18 00:00:00,630701,2025-10-15 10:57:00,630000,630700
301588,2024-03-01 00:00:00,360306,2024-07-29 11:30:00,360000,360300
301589,2024-01-26 00:00:00,710103,2026-02-26 16:27:00,710000,710100
301590,2025-05-16 16:10:00,630306,2025-10-15 10:57:00,630000,630300
301591,2024-02-02 00:00:00,220501,2024-07-29 11:30:00,220000,220500
301592,2024-10-11 10:01:00,650501,2025-10-15 10:57:00,650000,650500
301595,2025-04-25 11:34:00,360311,2025-10-15 10:57:00,360000,360300
301596,2024-05-09 00:00:00,640108,2025-10-15 10:57:00,640000,640100
301598,2024-12-06 10:29:00,640209,2025-10-15 10:57:00,640000,640200
301599,2026-04-17 12:56:00,630703,2026-04-27 14:53:00,630000,630700
301600,2024-08-30 10:28:00,710103,2025-01-08 14:36:00,710000,710100
301601,2024-12-27 16:23:00,640203,2025-10-15 10:57:00,640000,640200
301602,2025-01-03 13:09:00,370502,2025-01-08 14:36:00,370000,370500
301603,2024-07-04 00:00:00,640101,2024-07-04 11:57:00,640000,640100
301606,2024-07-05 00:00:00,270503,2024-07-05 16:32:00,270000,270500
301607,2024-08-16 10:09:00,280206,2026-04-14 11:02:00,280000,280200
301608,2024-07-12 14:59:00,710103,2024-07-29 11:30:00,710000,710100
301609,2025-07-11 10:48:00,630803,2025-10-15 10:57:00,630000,630800
301611,2024-08-02 10:19:00,270103,2026-08-19 07:04:00,270000,270100
301613,2024-09-27 11:02:00,280205,2025-01-08 14:36:00,280000,280200
301616,2025-03-14 16:43:00,640106,2025-10-15 10:57:00,640000,640100
301617,2024-11-22 17:17:00,220309,2025-01-08 14:36:00,220000,220300
301618,2024-09-13 16:22:00,220308,2025-01-08 14:36:00,220000,220300
301622,2024-11-15 18:02:00,240202,2025-01-08 14:36:00,240000,240200
301626,2024-09-27 11:02:00,270504,2025-01-08 14:36:00,270000,270500
301628,2024-10-18 09:54:00,270202,2025-01-08 14:36:00,270000,270200
301629,2025-03-07 12:05:00,270108,2025-10-15 10:57:00,270000,270100
301630,2025-06-27 13:13:00,270601,2025-10-15 10:57:00,270000,270600
301631,2024-11-01 17:29:00,280206,2025-01-08 14:36:00,280000,280200
301632,2025-08-01 16:34:00,460802,2025-10-15 10:57:00,460000,460800
301633,2024-11-01 17:29:00,640702,2025-10-15 10:57:00,640000,640700
301636,2025-04-18 14:26:00,630502,2025-10-15 10:57:00,630000,630500
301638,2025-11-07 13:55:00,710301,2026-04-27 14:53:00,710000,710300
301655,2026-07-31 13:59:00,280206,2026-07-31 13:59:00,280000,280200
301656,2025-09-05 18:59:00,280206,2025-10-15 10:57:00,280000,280200
301658,2025-03-14 16:43:00,630503,2025-10-15 10:57:00,630000,630500
301662,2025-03-28 09:37:00,630703,2025-10-15 10:57:00,630000,630700
301665,2025-03-21 20:48:00,220803,2025-10-15 10:57:00,220000,220800
301666,2026-04-03 12:27:00,270104,2026-04-03 12:27:00,270000,270100
301667,2025-12-01 14:00:00,280203,2026-04-27 14:53:00,280000,280200
301668,2025-09-05 18:59:00,630802,2025-10-15 10:57:00,630000,630800
301669,2026-05-22 09:53:00,630306,2026-05-22 09:53:00,630000,630300
301677,2026-07-10 09:46:00,640108,2026-07-10 09:46:00,640000,640100
301678,2025-05-30 09:59:00,270103,2025-10-15 10:57:00,270000,270100
301680,2026-03-05 11:31:00,280205,2026-04-27 14:53:00,280000,280200
301682,2026-03-05 11:31:00,650501,2026-06-01 08:42:00,650000,650500
301683,2026-03-23 16:17:00,220305,2026-04-27 14:53:00,220000,220300
301687,2025-12-12 13:27:00,220505,2026-04-27 14:53:00,220000,220500
301688,2026-08-07 13:52:00,220309,2026-08-07 13:52:00,220000,220300
301689,2026-08-21 13:22:00,640107,2026-08-21 13:22:00,640000,640100
301696,2026-03-23 16:17:00,630101,2026-03-23 16:17:00,630000,630100
301697,2026-08-14 16:46:00,630504,2026-08-14 16:46:00,630000,630500
301699,2026-08-21 13:22:00,630602,2026-08-21 13:22:00,630000,630600
301707,2026-07-17 10:20:00,650501,2026-07-17 10:20:00,650000,650500
301717,2026-07-24 11:13:00,270108,2026-07-24 11:13:00,270000,270100
302132,2025-02-17 00:00:00,650501,2025-02-17 18:01:00,650000,650500
302132,2026-08-21 13:22:00,650201,2026-08-21 13:22:00,650000,650200
600000,1999-11-10 00:00:00,440101,2015-10-27 15:29:00,440000,440100
600000,2014-02-21 00:00:00,480101,2024-09-27 12:41:00,480000,480100
600000,2021-07-30 00:00:00,480301,2022-12-08 15:30:00,480000,480300
600001,1998-01-22 00:00:00,230101,2015-10-27 15:28:00,230000,230100
600002,1998-04-08 00:00:00,220101,2015-10-27 15:29:00,220000,220100
600003,1999-08-10 00:00:00,420201,2015-10-27 15:28:00,420000,420200
600004,2003-04-28 00:00:00,420501,2015-10-27 15:28:00,420000,420500
600004,2021-07-30 00:00:00,421002,2025-10-15 10:57:00,420000,421000
600005,1999-08-03 00:00:00,230101,2015-10-27 15:29:00,230000,230100
600006,1999-07-27 00:00:00,310102,2015-10-27 15:28:00,310000,310100
600006,2014-02-21 00:00:00,280102,2024-09-27 12:41:00,280000,280100
600006,2021-07-30 00:00:00,280601,2025-01-08 14:36:00,280000,280600
600007,1999-03-12 00:00:00,430101,2015-10-27 15:29:00,430000,430100
600007,2021-07-30 00:00:00,430102,2022-02-09 17:18:00,430000,430100
600008,2000-04-24 15:51:00,410401,2015-10-27 15:29:00,410000,410400
600008,2004-04-01 00:00:00,410201,2015-10-27 15:29:00,410000,410200
600008,2021-07-30 00:00:00,760102,2026-04-27 15:47:00,760000,760100
600009,1998-02-18 00:00:00,420501,2015-10-27 15:29:00,420000,420500
600009,2021-07-30 00:00:00,421002,2025-10-15 10:57:00,420000,421000
600010,2001-02-22 14:02:00,230101,2015-10-27 15:28:00,230000,230100
600010,2021-07-30 00:00:00,230402,2025-12-03 14:34:00,230000,230400
600011,2001-12-06 00:00:00,410101,2015-10-27 15:29:00,410000,410100
600012,2003-01-07 00:00:00,420201,2015-10-27 15:29:00,420000,420200
600012,2021-07-30 00:00:00,420901,2025-10-15 10:57:00,420000,420900
600015,2003-09-10 00:00:00,440101,2015-10-27 15:29:00,440000,440100
600015,2014-02-21 00:00:00,480101,2024-09-27 12:41:00,480000,480100
600015,2021-07-30 00:00:00,480301,2025-01-16 20:07:00,480000,480300
600016,2000-12-19 00:00:00,440101,2015-10-27 15:29:00,440000,440100
600016,2014-02-21 00:00:00,480101,2024-09-27 12:41:00,480000,480100
600016,2021-07-30 00:00:00,480301,2025-01-16 20:07:00,480000,480300
600017,2006-10-17 00:00:00,420101,2015-10-27 15:29:00,420000,420100
600017,2021-07-30 00:00:00,421102,2025-10-15 10:57:00,420000,421100
600018,2000-07-19 00:00:00,420101,2015-10-27 15:29:00,420000,420100
600018,2021-07-30 00:00:00,421102,2025-10-15 10:57:00,420000,421100
600019,2000-12-12 00:00:00,230101,2015-10-27 15:28:00,230000,230100
600019,2021-07-30 00:00:00,230402,2022-07-05 09:16:00,230000,230400
600020,2003-08-01 00:00:00,420201,2015-10-27 15:29:00,420000,420200
600020,2021-07-30 00:00:00,420901,2025-10-15 10:57:00,420000,420900
600021,2003-10-27 00:00:00,410101,2015-10-27 15:29:00,410000,410100
600022,2004-06-28 00:00:00,230101,2015-10-27 15:29:00,230000,230100
600022,2021-07-30 00:00:00,230402,2025-01-08 14:36:00,230000,230400
600023,2013-01-19 00:00:00,410101,2015-10-27 15:29:00,410000,410100
600025,2017-11-21 13:45:00,410102,2021-03-03 15:31:00,410000,410100
600026,2002-05-23 00:00:00,420601,2024-07-07 07:42:00,420000,420600
600026,2021-07-30 00:00:00,421101,2025-10-15 10:57:00,420000,421100
600027,2005-02-03 00:00:00,410101,2015-10-27 15:29:00,410000,410100
600028,2001-08-08 00:00:00,220101,2015-10-27 15:29:00,220000,220100
600028,2021-07-30 00:00:00,750301,2025-09-11 15:39:00,750000,750300
600029,2003-07-23 00:00:00,420401,2015-10-27 15:29:00,420000,420400
600029,2021-07-30 00:00:00,421001,2025-10-15 10:57:00,420000,421000
600030,2003-01-06 00:00:00,440301,2015-10-27 15:29:00,440000,440300
600030,2014-02-21 00:00:00,490101,2024-09-27 12:41:00,490000,490100
600031,2003-06-26 00:00:00,260202,2015-10-27 15:29:00,260000,260200
600031,2014-02-21 00:00:00,640201,2024-09-27 12:41:00,640000,640200
600031,2021-07-30 00:00:00,640601,2025-10-15 10:57:00,640000,640600
600032,2021-04-15 08:51:00,410105,2021-04-28 15:20:00,410000,410100
600032,2021-07-30 00:00:00,410106,2025-10-15 10:57:00,410000,410100
600033,2001-02-09 00:00:00,420201,2015-10-27 15:28:00,420000,420200
600033,2021-07-30 00:00:00,420901,2025-10-15 10:57:00,420000,420900
600035,2004-03-08 00:00:00,420201,2015-10-27 15:28:00,420000,420200
600035,2021-07-30 00:00:00,420901,2025-10-15 10:57:00,420000,420900
600036,2002-04-09 00:00:00,440101,2015-10-27 15:29:00,440000,440100
600036,2014-02-21 00:00:00,480101,2024-09-27 12:41:00,480000,480100
600036,2021-07-30 00:00:00,480301,2021-07-31 16:18:00,480000,480300
600037,2001-02-08 00:00:00,470204,2015-10-27 15:28:00,470000,470200
600037,2014-02-21 00:00:00,720103,2024-09-27 12:41:00,720000,720100
600037,2021-07-30 00:00:00,721001,2025-10-15 10:57:00,720000,721000
600038,2000-12-18 00:00:00,310303,2015-10-27 15:29:00,310000,310300
600038,2008-06-02 00:00:00,310304,2015-10-27 15:29:00,310000,310300
600038,2014-02-21 00:00:00,650201,2024-09-27 12:41:00,650000,650200
600039,2003-03-25 00:00:00,250201,2015-10-27 15:29:00,250000,250200
600039,2011-10-10 00:00:00,250204,2015-10-27 15:29:00,250000,250200
600039,2014-02-21 00:00:00,620302,2024-09-27 12:41:00,620000,620300
600039,2021-07-30 00:00:00,620306,2021-08-25 10:04:00,620000,620300
600048,2006-07-11 00:00:00,430101,2015-10-27 15:25:00,430000,430100
600050,2002-10-01 00:00:00,470101,2015-10-27 15:29:00,470000,470100
600050,2014-02-21 00:00:00,730101,2024-09-27 12:41:00,730000,730100
600050,2021-07-30 00:00:00,730102,2026-06-01 14:47:00,730000,730100
600051,1997-04-10 00:00:00,430101,2024-07-29 11:30:00,430000,430100
600051,2007-07-02 00:00:00,510101,2024-07-29 11:30:00,510000,510100
600052,1997-04-01 00:00:00,250201,2015-10-27 15:29:00,250000,250200
600052,2002-05-01 00:00:00,430101,2015-10-27 15:29:00,430000,430100
600052,2020-07-20 00:00:00,720102,2021-01-25 14:34:00,720000,720100
600052,2021-07-30 00:00:00,720601,2021-07-31 16:18:00,720000,720600
600052,2023-07-04 00:00:00,410104,2025-10-15 10:57:00,410000,410100
600053,1997-04-18 00:00:00,360101,2015-10-27 15:29:00,360000,360100
600053,2007-07-02 00:00:00,430101,2015-10-27 15:29:00,430000,430100
600053,2013-01-01 00:00:00,510101,2015-10-27 15:29:00,510000,510100
600053,2018-07-13 00:00:00,490301,2021-03-03 15:36:00,490000,490300
600053,2021-07-30 00:00:00,490307,2021-07-31 16:18:00,490000,490300
600054,1997-05-06 00:00:00,460301,2015-10-27 15:29:00,460000,460300
600054,2005-07-01 00:00:00,460102,2015-10-27 15:29:00,460000,460100
600054,2021-07-30 00:00:00,461003,2025-05-27 13:54:00,460000,461000
600055,1997-05-19 00:00:00,370501,2015-10-27 15:29:00,370000,370500
600055,2021-07-30 00:00:00,370502,2021-07-31 16:18:00,370000,370500
600056,1997-05-15 00:00:00,450201,2015-10-27 15:29:00,450000,450200
600056,2014-07-01 00:00:00,370401,2015-10-27 15:29:00,370000,370400
600056,2021-07-30 00:00:00,370402,2021-07-31 16:18:00,370000,370400
600057,1997-05-13 00:00:00,330202,2015-10-27 15:29:00,330000,330200
600057,2002-09-01 00:00:00,320102,2015-10-27 15:29:00,320000,320100
600057,2012-01-02 00:00:00,420801,2015-10-27 15:29:00,420000,420800
600057,2021-07-30 00:00:00,420802,2025-10-15 10:57:00,420000,420800
600058,1997-05-28 00:00:00,450201,2015-10-27 15:29:00,450000,450200
600059,1997-05-16 00:00:00,340303,2015-10-27 15:28:00,340000,340300
600059,2011-01-10 00:00:00,340306,2015-10-27 15:28:00,340000,340300
600059,2021-07-30 00:00:00,340602,2021-07-31 16:18:00,340000,340600
600060,1997-04-22 00:00:00,330201,2015-10-27 15:28:00,330000,330200
600061,1997-05-19 00:00:00,220401,2015-10-27 15:28:00,220000,220400
600061,2018-06-19 16:12:00,490101,2021-07-01 09:03:00,490000,490100
600061,2021-07-30 00:00:00,490302,2023-11-24 15:36:00,490000,490300
600061,2025-08-11 17:30:00,490101,2025-08-11 17:30:00,490000,490100
600062,1997-05-22 00:00:00,370103,2015-10-27 15:29:00,370000,370100
600062,2008-01-02 00:00:00,370102,2015-10-27 15:29:00,370000,370100
600063,1997-05-28 00:00:00,220402,2015-10-27 15:29:00,220000,220400
600063,2021-07-30 00:00:00,220404,2025-12-09 11:03:00,220000,220400
600064,1997-05-06 00:00:00,430201,2015-10-27 15:29:00,430000,430200
600064,2021-07-30 00:00:00,430101,2021-07-31 16:18:00,430000,430100
600065,1997-05-23 00:00:00,220101,2015-10-27 15:28:00,220000,220100
600066,1997-05-08 00:00:00,310103,2015-10-27 15:29:00,310000,310100
600066,2014-02-21 00:00:00,280103,2024-09-27 12:41:00,280000,280100
600066,2021-07-30 00:00:00,280602,2023-07-03 20:57:00,280000,280600
600067,1997-05-08 00:00:00,260405,2015-10-27 15:28:00,260000,260400
600067,2007-07-02 00:00:00,510101,2015-10-27 15:28:00,510000,510100
600067,2009-01-01 00:00:00,430101,2015-10-27 15:28:00,430000,430100
600067,2024-08-07 17:12:00,630805,2025-10-15 10:57:00,630000,630800
600068,1997-05-26 00:00:00,250201,2015-10-27 15:28:00,250000,250200
600068,2011-10-10 00:00:00,250204,2015-10-27 15:28:00,250000,250200
600068,2014-02-21 00:00:00,620303,2024-09-27 12:41:00,620000,620300
600068,2021-07-30 00:00:00,620306,2021-08-25 10:04:00,620000,620300
600069,1997-04-30 00:00:00,360101,2015-10-27 15:28:00,360000,360100
600070,1997-06-04 00:00:00,350101,2024-07-29 11:30:00,350000,350100
600070,2011-10-10 00:00:00,350106,2024-07-29 11:30:00,350000,350100
600070,2018-07-13 00:00:00,510101,2024-07-29 11:30:00,510000,510100
600071,1997-05-28 00:00:00,260301,2015-10-27 15:28:00,260000,260300
600071,2011-10-10 00:00:00,270303,2015-10-27 15:28:00,270000,270300
600071,2018-07-13 00:00:00,270401,2019-08-09 15:38:00,270000,270400
600071,2021-07-30 00:00:00,270303,2023-04-25 09:32:00,270000,270300
600072,1997-06-03 00:00:00,260204,2015-10-27 15:28:00,260000,260200
600072,2008-06-02 00:00:00,310305,2015-10-27 15:28:00,310000,310300
600072,2014-02-21 00:00:00,650401,2024-09-27 12:41:00,650000,650400
600072,2024-07-30 12:45:00,630602,2025-10-21 15:41:00,630000,630600
600073,1997-07-04 00:00:00,340304,2015-10-27 15:29:00,340000,340300
600073,2008-06-02 00:00:00,340103,2015-10-27 15:29:00,340000,340100
600073,2011-10-10 00:00:00,340404,2015-10-27 15:29:00,340000,340400
600073,2019-07-24 00:00:00,340401,2019-08-09 15:40:00,340000,340400
600074,1997-06-23 00:00:00,220501,2015-10-27 15:28:00,220000,220500
600074,2015-04-01 00:00:00,270401,2015-10-27 15:28:00,270000,270400
600075,1997-06-17 00:00:00,220501,2015-10-27 15:29:00,220000,220500
600075,2008-01-02 00:00:00,220202,2015-10-27 15:29:00,220000,220200
600076,1997-05-26 00:00:00,320101,2015-10-27 15:29:00,320000,320100
600076,2007-07-02 00:00:00,320201,2015-10-27 15:29:00,320000,320200
600076,2013-07-01 00:00:00,430101,2015-10-27 15:29:00,430000,430100
600076,2014-02-21 00:00:00,730203,2024-09-27 12:41:00,730000,730200
600076,2017-05-26 10:00:00,360201,2019-08-09 15:39:00,360000,360200
600076,2021-07-30 00:00:00,360306,2021-07-31 16:18:00,360000,360300
600076,2022-07-29 00:00:00,360206,2022-07-29 11:54:00,360000,360200
600077,1997-05-05 00:00:00,260106,2015-10-27 15:29:00,260000,260100
600077,2000-05-01 00:00:00,320101,2015-10-27 15:29:00,320000,320100
600077,2007-07-02 00:00:00,420801,2015-10-27 15:29:00,420000,420800
600077,2016-05-25 00:00:00,430101,2021-01-25 14:38:00,430000,430100
600078,1997-06-27 00:00:00,220203,2015-10-27 15:28:00,220000,220200
600078,2011-10-10 00:00:00,220312,2019-08-09 15:39:00,220000,220300
600078,2021-07-30 00:00:00,220802,2021-07-31 16:18:00,220000,220800
600079,1997-06-06 00:00:00,370501,2015-10-27 15:29:00,370000,370500
600079,2011-01-10 00:00:00,370102,2015-10-27 15:29:00,370000,370100
600080,1997-06-12 00:00:00,370301,2015-10-27 15:29:00,370000,370300
600080,2021-07-19 00:00:00,370201,2021-07-19 18:28:00,370000,370200
600081,1997-07-03 00:00:00,310201,2015-10-27 15:28:00,310000,310200
600081,2014-02-21 00:00:00,280201,2024-09-27 12:41:00,280000,280200
600081,2021-07-30 00:00:00,280202,2025-01-08 14:36:00,280000,280200
600082,1997-06-20 00:00:00,450101,2015-10-27 15:28:00,450000,450100
600082,2004-07-01 00:00:00,430101,2015-10-27 15:28:00,430000,430100
600082,2007-07-02 00:00:00,430201,2015-10-27 15:28:00,430000,430200
600082,2014-01-01 00:00:00,450201,2015-10-27 15:28:00,450000,450200
600082,2017-06-29 00:00:00,510101,2019-01-11 14:17:00,510000,510100
600082,2019-07-24 00:00:00,430201,2020-12-16 15:10:00,430000,430200
600082,2021-07-30 00:00:00,430103,2021-07-31 16:18:00,430000,430100
600083,1997-06-06 00:00:00,270301,2024-07-29 11:30:00,270000,270300
600083,2011-01-10 00:00:00,510101,2024-07-29 11:30:00,510000,510100
600084,1997-07-11 00:00:00,450201,2015-10-27 15:29:00,450000,450200
600084,2008-06-02 00:00:00,340305,2015-10-27 15:29:00,340000,340300
600084,2021-07-30 00:00:00,340602,2021-07-31 16:18:00,340000,340600
600085,1997-06-25 00:00:00,370201,2015-10-27 15:29:00,370000,370200
600086,1997-06-06 00:00:00,350201,2015-10-27 15:28:00,350000,350200
600086,2006-09-01 00:00:00,360301,2015-10-27 15:28:00,360000,360300
600086,2008-06-02 00:00:00,360303,2015-10-27 15:28:00,360000,360300
600086,2011-10-10 00:00:00,360304,2019-08-09 15:40:00,360000,360300
600086,2021-07-30 00:00:00,350301,2021-07-31 16:18:00,350000,350300
600087,1997-06-12 00:00:00,420601,2015-10-27 15:28:00,420000,420600
600088,1997-06-16 00:00:00,470402,2015-10-27 15:29:00,470000,470400
600088,2011-10-10 00:00:00,470403,2015-10-27 15:29:00,470000,470400
600088,2014-02-21 00:00:00,720201,2024-09-27 12:41:00,720000,720200
600088,2018-06-19 16:10:00,720102,2019-08-09 15:38:00,720000,720100
600088,2021-07-30 00:00:00,720501,2021-07-31 16:18:00,720000,720500
600088,2022-07-29 00:00:00,720601,2025-10-15 10:57:00,720000,720600
600089,1997-06-18 00:00:00,260404,2015-10-27 15:29:00,260000,260400
600089,2014-02-21 00:00:00,630401,2024-09-27 12:41:00,630000,630400
600089,2021-07-30 00:00:00,630801,2025-12-08 07:07:00,630000,630800
600090,1997-06-16 00:00:00,340302,2015-10-27 15:29:00,340000,340300
600090,2017-06-29 00:00:00,370401,2020-12-04 14:32:00,370000,370400
600090,2021-07-30 00:00:00,370402,2021-07-31 16:18:00,370000,370400
600091,1997-07-04 00:00:00,220202,2015-10-27 15:28:00,220000,220200
600092,1997-06-26 00:00:00,240101,2015-10-27 15:28:00,240000,240100
600093,1997-06-26 00:00:00,110601,2015-10-27 15:29:00,110000,110600
600093,2011-10-10 00:00:00,310201,2015-10-27 15:29:00,310000,310200
600093,2014-02-21 00:00:00,280201,2024-09-27 12:41:00,280000,280200
600093,2017-06-29 00:00:00,490301,2021-03-03 15:37:00,490000,490300
600093,2021-07-30 00:00:00,490308,2021-07-31 16:18:00,490000,490300
600094,1997-07-03 00:00:00,220401,2015-10-27 15:28:00,220000,220400
600094,2012-07-02 00:00:00,430101,2015-10-27 15:28:00,430000,430100
600095,1997-07-08 00:00:00,510101,2015-10-27 15:28:00,510000,510100
600095,2014-01-01 00:00:00,430101,2015-10-27 15:28:00,430000,430100
600095,2020-07-09 00:00:00,490101,2021-03-03 15:37:00,490000,490100
600096,1997-07-08 00:00:00,220301,2015-10-27 15:29:00,220000,220300
600096,2017-06-29 00:00:00,220302,2020-03-04 06:33:00,220000,220300
600096,2021-07-30 00:00:00,220802,2023-02-20 17:02:00,220000,220800
600097,1997-06-19 00:00:00,260402,2015-10-27 15:29:00,260000,260400
600097,2010-01-01 00:00:00,110201,2015-10-27 15:29:00,110000,110200
600098,1997-07-18 00:00:00,410101,2015-10-27 15:28:00,410000,410100
600099,1997-07-04 00:00:00,310301,2015-10-27 15:29:00,310000,310300
600099,2014-02-21 00:00:00,280401,2024-09-27 12:41:00,280000,280400
600100,1997-06-27 00:00:00,320201,2015-10-27 15:29:00,320000,320200
600100,2014-02-21 00:00:00,710101,2024-09-27 12:41:00,710000,710100
600100,2021-07-30 00:00:00,710103,2021-07-31 16:18:00,710000,710100
600101,1997-06-27 00:00:00,410102,2015-10-27 15:29:00,410000,410100
600101,2021-07-30 00:00:00,410110,2025-10-15 10:57:00,410000,410100
600102,1997-08-28 00:00:00,230101,2015-10-27 15:29:00,230000,230100
600103,1997-07-03 00:00:00,360101,2015-10-27 15:29:00,360000,360100
600103,2021-07-30 00:00:00,360103,2021-07-31 16:18:00,360000,360100
600104,1997-11-25 00:00:00,310101,2015-10-27 15:29:00,310000,310100
600104,2014-02-21 00:00:00,280101,2024-09-27 12:41:00,280000,280100
600104,2021-07-30 00:00:00,280502,2023-09-01 10:46:00,280000,280500
600105,1997-09-29 00:00:00,320103,2015-10-27 15:29:00,320000,320100
600105,2014-02-21 00:00:00,730202,2024-09-27 12:41:00,730000,730200
600105,2021-07-30 00:00:00,730205,2025-10-15 10:57:00,730000,730200
600106,1997-06-18 00:00:00,420201,2015-10-27 15:29:00,420000,420200
600106,2021-07-30 00:00:00,420901,2025-10-15 10:57:00,420000,420900
600107,1997-11-06 00:00:00,350201,2015-10-27 15:29:00,350000,350200
600107,2011-10-10 00:00:00,350207,2018-06-20 15:07:00,350000,350200
600107,2018-07-13 00:00:00,350202,2019-08-09 15:38:00,350000,350200
600107,2021-07-30 00:00:00,350209,2021-07-31 16:18:00,350000,350200
600108,1997-08-18 00:00:00,110601,2015-10-27 15:29:00,110000,110600
600108,2011-01-10 00:00:00,110103,2015-10-27 15:29:00,110000,110100
600109,1997-08-07 00:00:00,450101,2015-10-27 15:28:00,450000,450100
600109,2007-07-02 00:00:00,440301,2015-10-27 15:28:00,440000,440300
600109,2014-02-21 00:00:00,490101,2024-09-27 12:41:00,490000,490100
600110,1997-10-07 00:00:00,240201,2015-10-27 15:29:00,240000,240200
600110,2008-06-02 00:00:00,510101,2015-10-27 15:29:00,510000,510100
600110,2009-06-01 00:00:00,260404,2015-10-27 15:29:00,260000,260400
600110,2014-02-21 00:00:00,630404,2024-09-27 12:41:00,630000,630400
600110,2017-06-29 00:00:00,270401,2020-12-04 13:45:00,270000,270400
600110,2021-07-30 00:00:00,240302,2021-08-10 14:27:00,240000,240300
600110,2022-07-29 00:00:00,630701,2025-10-15 10:57:00,630000,630700
600111,1997-09-24 00:00:00,240201,2015-10-27 15:28:00,240000,240200
600111,2008-06-02 00:00:00,240106,2015-10-27 15:28:00,240000,240100
600111,2014-02-21 00:00:00,240501,2024-09-27 12:41:00,240000,240500
600112,1997-11-27 00:00:00,260404,2015-10-27 15:29:00,260000,260400
600112,2011-10-10 00:00:00,260402,2015-10-27 15:29:00,260000,260400
600112,2014-02-21 00:00:00,630402,2024-09-27 12:41:00,630000,630400
600112,2021-07-30 00:00:00,630801,2022-10-11 14:52:00,630000,630800
600113,1997-10-21 00:00:00,250201,2015-10-27 15:29:00,250000,250200
600113,2007-07-02 00:00:00,510101,2015-10-27 15:29:00,510000,510100
600113,2011-01-10 00:00:00,430101,2015-10-27 15:29:00,430000,430100
600113,2018-06-19 16:12:00,510101,2018-06-20 15:07:00,510000,510100
600113,2018-07-13 00:00:00,450502,2019-08-09 15:40:00,450000,450500
600113,2021-07-30 00:00:00,450304,2021-07-31 16:18:00,450000,450300
600114,2004-04-30 00:00:00,230201,2015-10-27 15:28:00,230000,230200
600114,2007-07-02 00:00:00,260102,2015-10-27 15:28:00,260000,260100
600114,2014-01-23 00:00:00,240201,2021-01-25 13:36:00,240000,240200
600114,2014-02-21 00:00:00,640102,2024-09-27 12:41:00,640000,640100
600114,2021-07-30 00:00:00,640108,2025-10-15 10:57:00,640000,640100
600115,1997-11-05 00:00:00,420401,2015-10-27 15:28:00,420000,420400
600115,2021-07-30 00:00:00,421001,2025-10-22 09:59:00,420000,421000
600116,1997-08-04 00:00:00,410102,2015-10-27 15:29:00,410000,410100
600116,2021-07-30 00:00:00,410110,2025-10-15 10:57:00,410000,410100
600117,1997-10-15 00:00:00,230102,2015-10-27 15:29:00,230000,230100
600117,2021-07-30 00:00:00,230501,2025-01-08 14:36:00,230000,230500
600118,1997-09-08 00:00:00,510101,2015-10-27 15:29:00,510000,510100
600118,2008-06-02 00:00:00,310304,2015-10-27 15:29:00,310000,310300
600118,2014-02-21 00:00:00,650101,2024-09-27 12:41:00,650000,650100
600119,1998-01-15 00:00:00,510101,2015-10-27 15:28:00,510000,510100
600119,2009-01-01 00:00:00,420801,2015-10-27 15:28:00,420000,420800
600119,2021-07-30 00:00:00,420805,2025-10-15 10:57:00,420000,420800
600120,1997-12-01 00:00:00,450201,2015-10-27 15:29:00,450000,450200
600120,2019-07-24 00:00:00,490301,2021-03-03 15:37:00,490000,490300
600120,2021-07-30 00:00:00,490302,2021-07-31 16:18:00,490000,490300
600121,1998-01-07 00:00:00,210201,2015-10-27 15:29:00,210000,210200
600121,2021-07-30 00:00:00,740101,2025-10-15 10:57:00,740000,740100
600122,1998-04-20 00:00:00,330202,2015-10-27 15:29:00,330000,330200
600122,2007-07-02 00:00:00,450102,2015-10-27 15:29:00,450000,450100
600122,2014-02-21 00:00:00,450401,2024-09-27 12:41:00,450000,450400
600123,1998-12-17 00:00:00,210201,2015-10-27 15:29:00,210000,210200
600123,2021-07-30 00:00:00,740102,2025-10-15 10:57:00,740000,740100
600125,1998-05-11 00:00:00,420701,2015-10-27 15:29:00,420000,420700
600125,2021-07-30 00:00:00,420903,2025-10-15 10:57:00,420000,420900
600126,1998-03-11 00:00:00,230101,2015-10-27 15:29:00,230000,230100
600126,2021-07-30 00:00:00,230402,2025-01-08 14:36:00,230000,230400
600127,1998-05-06 00:00:00,110502,2015-10-27 15:29:00,110000,110500
600128,1997-09-01 00:00:00,450201,2015-10-27 15:29:00,450000,450200
600128,2017-06-29 00:00:00,510101,2019-08-09 15:40:00,510000,510100
600128,2021-07-30 00:00:00,450201,2021-07-31 16:18:00,450000,450200
600129,1997-11-18 00:00:00,370201,2015-10-27 15:29:00,370000,370200
600130,2000-07-06 00:00:00,320102,2015-10-27 15:28:00,320000,320100
600130,2014-02-21 00:00:00,730201,2024-09-27 12:41:00,730000,730200
600130,2021-07-30 00:00:00,270504,2021-07-31 16:18:00,270000,270500
600131,1998-04-02 00:00:00,410102,2015-10-27 15:29:00,410000,410100
600131,2021-07-30 00:00:00,710301,2026-02-26 16:27:00,710000,710300
600132,1997-10-30 00:00:00,340302,2015-10-27 15:29:00,340000,340300
600132,2021-07-30 00:00:00,340601,2026-08-18 08:03:00,340000,340600
600133,1998-02-12 00:00:00,430201,2015-10-27 15:28:00,430000,430200
600133,2007-07-02 00:00:00,510101,2017-05-20 01:33:00,510000,510100
600133,2017-06-29 00:00:00,620305,2019-08-09 15:39:00,620000,620300
600133,2021-07-30 00:00:00,620306,2021-07-31 16:18:00,620000,620300
600133,2025-01-10 11:00:00,760104,2025-01-10 13:12:00,760000,760100
600135,1998-01-22 00:00:00,360301,2015-10-27 15:29:00,360000,360300
600135,2008-06-02 00:00:00,360303,2015-10-27 15:29:00,360000,360300
600135,2021-07-30 00:00:00,220505,2021-07-31 16:18:00,220000,220500
600136,1998-03-03 00:00:00,340304,2015-10-27 15:28:00,340000,340300
600136,2006-09-01 00:00:00,320103,2015-10-27 15:28:00,320000,320100
600136,2007-07-02 00:00:00,430101,2015-10-27 15:28:00,430000,430100
600136,2013-01-01 00:00:00,510101,2015-10-27 15:28:00,510000,510100
600136,2016-02-19 00:00:00,720102,2016-06-23 18:36:00,720000,720100
600136,2021-07-30 00:00:00,460601,2021-07-31 16:18:00,460000,460600
600136,2025-08-11 17:30:00,430301,2025-08-11 17:30:00,430000,430300
600137,1998-04-16 00:00:00,460201,2015-10-27 15:29:00,460000,460200
600137,2007-07-02 00:00:00,350201,2015-10-27 15:29:00,350000,350200
600137,2011-10-10 00:00:00,350207,2019-08-09 15:38:00,350000,350200
600137,2021-07-30 00:00:00,350205,2021-07-31 16:18:00,350000,350200
600137,2024-07-30 12:45:00,350209,2024-07-30 12:45:00,350000,350200
600138,1997-12-03 00:00:00,460301,2015-10-27 15:29:00,460000,460300
600138,2021-07-30 00:00:00,461002,2024-01-23 17:12:00,460000,461000
600139,1990-01-01 00:00:00,260405,2024-10-08 17:00:00,260000,260400
600139,1999-09-01 00:00:00,320201,2015-10-27 15:29:00,320000,320200
600139,2008-06-02 00:00:00,240103,2015-10-27 15:29:00,240000,240100
600139,2014-02-21 00:00:00,240302,2024-09-27 12:41:00,240000,240300
600139,2017-06-29 00:00:00,510101,2020-09-30 09:59:00,510000,510100
600139,2021-07-30 00:00:00,490305,2022-10-11 14:52:00,490000,490300
600141,1999-06-16 00:00:00,220203,2015-10-27 15:29:00,220000,220200
600141,2011-10-10 00:00:00,220312,2020-04-20 14:04:00,220000,220300
600141,2021-07-30 00:00:00,220802,2025-11-28 08:40:00,220000,220800
600143,2004-06-22 00:00:00,220501,2015-10-27 15:29:00,220000,220500
600143,2011-10-10 00:00:00,220503,2015-10-27 15:29:00,220000,220500
600145,1999-09-23 00:00:00,250103,2015-10-27 15:28:00,250000,250100
600145,2012-10-08 00:00:00,210201,2015-10-27 15:28:00,210000,210200
600145,2014-02-21 00:00:00,610303,2024-09-27 12:41:00,610000,610300
600145,2019-07-24 00:00:00,450201,2019-08-09 15:40:00,450000,450200
600146,1999-07-07 00:00:00,220101,2015-10-27 15:29:00,220000,220100
600146,2011-10-10 00:00:00,240105,2015-10-27 15:29:00,240000,240100
600146,2014-02-21 00:00:00,240401,2024-09-27 12:41:00,240000,240400
600146,2017-06-29 00:00:00,350203,2020-07-15 16:33:00,350000,350200
600146,2021-07-30 00:00:00,350209,2021-07-31 16:18:00,350000,350200
600148,1998-05-20 00:00:00,310201,2015-10-27 15:28:00,310000,310200
600148,2014-02-21 00:00:00,280201,2024-09-27 12:41:00,280000,280200
600148,2021-07-30 00:00:00,280203,2025-01-08 14:36:00,280000,280200
600149,1999-10-14 00:00:00,260106,2015-10-27 15:29:00,260000,260100
600149,2007-07-02 00:00:00,320201,2015-10-27 15:29:00,320000,320200
600149,2013-01-01 00:00:00,430101,2015-10-27 15:29:00,430000,430100
600149,2018-06-19 16:12:00,510101,2020-09-30 09:59:00,510000,510100
600149,2021-07-30 00:00:00,410104,2025-10-15 10:57:00,410000,410100
600150,1998-05-20 00:00:00,260104,2015-10-27 15:29:00,260000,260100
600150,2008-06-02 00:00:00,310305,2015-10-27 15:29:00,310000,310300
600150,2014-02-21 00:00:00,650401,2024-09-27 12:41:00,650000,650400
600151,1998-06-05 00:00:00,310201,2015-10-27 15:29:00,310000,310200
600151,2007-07-02 00:00:00,510101,2015-10-27 15:29:00,510000,510100
600151,2011-10-10 00:00:00,260403,2015-10-27 15:29:00,260000,260400
600151,2014-02-21 00:00:00,630303,2024-09-27 12:41:00,630000,630300
600151,2021-07-30 00:00:00,630502,2025-10-15 10:57:00,630000,630500
600151,2026-07-01 10:24:00,280203,2026-07-01 10:24:00,280000,280200
600152,1998-06-09 00:00:00,350102,2015-10-27 15:29:00,350000,350100
600152,2018-07-13 00:00:00,270401,2019-08-09 15:38:00,270000,270400
600152,2021-07-30 00:00:00,630701,2025-10-15 10:57:00,630000,630700
600153,1998-06-16 00:00:00,450201,2015-10-27 15:29:00,450000,450200
600153,2012-01-02 00:00:00,420801,2015-10-27 15:29:00,420000,420800
600153,2021-07-30 00:00:00,420802,2025-10-15 10:57:00,420000,420800
600155,1998-09-18 00:00:00,220501,2015-10-27 15:28:00,220000,220500
600155,2017-06-29 00:00:00,490101,2020-03-06 13:55:00,490000,490100
600156,1998-05-27 00:00:00,350102,2015-10-27 15:29:00,350000,350100
600156,2017-06-29 00:00:00,350106,2019-08-09 15:38:00,350000,350100
600157,1998-05-13 00:00:00,220103,2015-10-27 15:29:00,220000,220100
600157,2007-07-02 00:00:00,430101,2015-10-27 15:29:00,430000,430100
600157,2009-06-01 00:00:00,220103,2015-10-27 15:29:00,220000,220100
600157,2012-01-02 00:00:00,210201,2015-10-27 15:29:00,210000,210200
600157,2021-07-03 00:00:00,410101,2021-07-03 08:39:00,410000,410100
600157,2021-07-30 00:00:00,740102,2025-10-15 10:57:00,740000,740100
600157,2026-07-01 10:24:00,410110,2026-07-01 10:24:00,410000,410100
600158,1998-03-27 00:00:00,510101,2015-10-27 15:29:00,510000,510100
600158,2010-01-01 00:00:00,430101,2015-10-27 15:29:00,430000,430100
600158,2017-05-26 10:00:00,720104,2019-08-09 15:38:00,720000,720100
600158,2021-07-30 00:00:00,460601,2024-04-01 15:28:00,460000,460600
600159,1998-05-26 00:00:00,340301,2015-10-27 15:28:00,340000,340300
600159,2006-09-01 00:00:00,430101,2015-10-27 15:28:00,430000,430100
600160,1998-06-26 00:00:00,220701,2015-10-27 15:29:00,220000,220700
600160,2011-10-10 00:00:00,220311,2021-03-03 15:31:00,220000,220300
600161,1998-06-16 00:00:00,370301,2015-10-27 15:29:00,370000,370300
600161,2021-07-30 00:00:00,370302,2023-03-26 20:35:00,370000,370300
600162,1998-06-09 00:00:00,260202,2015-10-27 15:29:00,260000,260200
600162,2006-09-01 00:00:00,450102,2015-10-27 15:29:00,450000,450100
600162,2008-06-02 00:00:00,450103,2015-10-27 15:29:00,450000,450100
600162,2011-01-10 00:00:00,430101,2015-10-27 15:29:00,430000,430100
600163,1998-06-02 00:00:00,360101,2015-10-27 15:28:00,360000,360100
600163,2018-06-19 16:11:00,410105,2019-08-09 15:38:00,410000,410100
600163,2021-07-30 00:00:00,410107,2025-10-15 10:57:00,410000,410100
600165,1998-05-29 00:00:00,230201,2015-10-27 15:29:00,230000,230200
600165,2008-06-02 00:00:00,260501,2015-10-27 15:29:00,260000,260500
600165,2014-02-21 00:00:00,640401,2024-09-27 12:41:00,640000,640400
600165,2019-07-24 00:00:00,220309,2019-08-09 15:39:00,220000,220300
600166,1998-06-02 00:00:00,310102,2015-10-27 15:28:00,310000,310100
600166,2014-02-21 00:00:00,280102,2024-09-27 12:41:00,280000,280100
600166,2021-07-30 00:00:00,280601,2025-01-24 16:29:00,280000,280600
600167,1999-01-28 00:00:00,410104,2015-10-27 15:29:00,410000,410100
600168,1998-04-27 00:00:00,410201,2015-10-27 15:29:00,410000,410200
600168,2021-07-30 00:00:00,760102,2025-10-15 10:57:00,760000,760100
600169,1998-09-04 00:00:00,260204,2015-10-27 15:29:00,260000,260200
600169,2007-07-02 00:00:00,260205,2015-10-27 15:29:00,260000,260200
600169,2014-02-21 00:00:00,640203,2024-09-27 12:41:00,640000,640200
600170,1998-06-23 00:00:00,250201,2015-10-27 15:29:00,250000,250200
600170,2011-10-10 00:00:00,250203,2015-10-27 15:29:00,250000,250200
600170,2014-02-21 00:00:00,620101,2024-09-27 12:41:00,620000,620100
600171,1998-09-24 00:00:00,270101,2015-10-27 15:29:00,270000,270100
600171,2021-07-30 00:00:00,270105,2022-12-01 14:32:00,270000,270100
600172,1998-11-26 00:00:00,260103,2015-10-27 15:29:00,260000,260100
600172,2014-02-21 00:00:00,640103,2024-09-27 12:41:00,640000,640100
600173,1999-04-15 00:00:00,250102,2015-10-27 15:29:00,250000,250100
600173,2010-01-01 00:00:00,430101,2015-10-27 15:29:00,430000,430100
600175,1999-03-23 00:00:00,460201,2015-10-27 15:29:00,460000,460200
600175,2003-05-01 00:00:00,430101,2015-10-27 15:29:00,430000,430100
600175,2017-12-11 18:00:00,510101,2019-08-09 15:40:00,510000,510100
600176,1999-01-01 00:00:00,220701,2015-10-27 15:29:00,220000,220700
600176,2011-10-10 00:00:00,220703,2015-10-27 15:29:00,220000,220700
600176,2014-02-21 00:00:00,220314,2024-09-27 12:41:00,220000,220300
600176,2021-07-30 00:00:00,610202,2024-02-29 13:17:00,610000,610200
600177,1998-11-19 00:00:00,350201,2015-10-27 15:29:00,350000,350200
600177,2011-10-10 00:00:00,350202,2018-06-26 10:36:00,350000,350200
600177,2018-07-13 00:00:00,430101,2020-02-24 23:01:00,430000,430100
600177,2021-07-30 00:00:00,350209,2024-04-01 15:27:00,350000,350200
600178,1998-10-14 00:00:00,260104,2015-10-27 15:28:00,260000,260100
600178,2011-10-10 00:00:00,310201,2015-10-27 15:28:00,310000,310200
600178,2014-02-21 00:00:00,280201,2024-09-27 12:41:00,280000,280200
600178,2021-07-30 00:00:00,280203,2025-01-08 14:36:00,280000,280200
600179,1998-11-04 00:00:00,210202,2015-10-27 15:29:00,210000,210200
600179,2017-06-29 00:00:00,420801,2019-08-09 15:39:00,420000,420800
600179,2021-07-30 00:00:00,420807,2021-07-31 16:18:00,420000,420800
600179,2021-12-03 00:00:00,421101,2025-10-15 10:57:00,420000,421100
600180,1998-07-03 00:00:00,110501,2015-10-27 15:29:00,110000,110500
600180,2013-01-01 00:00:00,420801,2015-10-27 15:29:00,420000,420800
600180,2021-07-30 00:00:00,420802,2025-10-15 10:57:00,420000,420800
600181,1998-09-28 00:00:00,220303,2015-10-27 15:28:00,220000,220300
600181,2007-07-02 00:00:00,440301,2015-10-27 15:28:00,440000,440300
600182,1999-01-01 00:00:00,220601,2015-10-27 15:28:00,220000,220600
600182,2021-07-30 00:00:00,280204,2025-01-08 14:36:00,280000,280200
600183,1998-10-28 00:00:00,270201,2015-10-27 15:29:00,270000,270200
600183,2011-10-10 00:00:00,270202,2015-10-27 15:29:00,270000,270200
600184,2003-11-04 00:00:00,250101,2015-10-27 15:28:00,250000,250100
600184,2009-06-01 00:00:00,310304,2015-10-27 15:28:00,310000,310300
600184,2014-02-21 00:00:00,650301,2024-09-27 12:41:00,650000,650300
600185,1999-06-11 00:00:00,320201,2015-10-27 15:28:00,320000,320200
600185,2010-01-16 00:00:00,430101,2015-10-27 15:28:00,430000,430100
600185,2026-03-05 11:31:00,450701,2026-03-05 11:31:00,450000,450700
600186,1998-08-25 00:00:00,340201,2015-10-27 15:29:00,340000,340200
600186,2011-10-10 00:00:00,340402,2019-08-09 15:40:00,340000,340400
600186,2021-07-30 00:00:00,340901,2021-07-31 16:18:00,340000,340900
600187,1998-11-11 00:00:00,360101,2015-10-27 15:28:00,360000,360100
600187,2010-01-08 00:00:00,410201,2015-10-27 15:28:00,410000,410200
600187,2021-07-30 00:00:00,760102,2025-10-15 10:57:00,760000,760100
600188,1998-07-01 00:00:00,210201,2015-10-27 15:29:00,210000,210200
600188,2021-07-30 00:00:00,740101,2025-10-15 10:57:00,740000,740100
600189,1998-10-07 00:00:00,110301,2015-10-27 15:29:00,110000,110300
600189,2019-07-24 00:00:00,340304,2019-08-09 15:40:00,340000,340300
600189,2021-07-30 00:00:00,340701,2023-12-07 10:03:00,340000,340700
600190,1998-04-30 00:00:00,420101,2015-10-27 15:29:00,420000,420100
600190,2021-07-30 00:00:00,421102,2021-08-02 13:18:00,420000,421100
600191,1998-12-10 00:00:00,340102,2015-10-27 15:29:00,340000,340100
600191,2011-10-10 00:00:00,110504,2015-10-27 15:29:00,110000,110500
600192,1998-12-24 00:00:00,260404,2015-10-27 15:28:00,260000,260400
600192,2014-02-21 00:00:00,630402,2024-09-27 12:41:00,630000,630400
600192,2021-07-30 00:00:00,630801,2025-10-15 10:57:00,630000,630800
600193,1999-05-27 00:00:00,430101,2015-10-27 15:28:00,430000,430100
600193,2007-07-02 00:00:00,510101,2015-10-27 15:28:00,510000,510100
600193,2013-01-01 00:00:00,210301,2015-10-27 15:28:00,210000,210300
600193,2018-07-13 00:00:00,620201,2019-08-09 15:39:00,620000,620200
600195,1999-01-07 00:00:00,370301,2015-10-27 15:29:00,370000,370300
600195,2011-10-10 00:00:00,110801,2021-04-01 14:13:00,110000,110800
600196,1998-08-07 00:00:00,370301,2015-10-27 15:28:00,370000,370300
600196,2021-07-30 00:00:00,370102,2021-07-31 16:18:00,370000,370100
600197,1999-09-16 00:00:00,340301,2015-10-27 15:29:00,340000,340300
600197,2021-07-30 00:00:00,340501,2025-01-24 16:29:00,340000,340500
600198,1998-10-21 00:00:00,320101,2015-10-27 15:28:00,320000,320100
600198,2008-06-02 00:00:00,320103,2015-10-27 15:28:00,320000,320100
600198,2014-02-21 00:00:00,730202,2024-09-27 12:41:00,730000,730200
600198,2019-07-24 00:00:00,270101,2019-08-09 15:38:00,270000,270100
600198,2021-07-30 00:00:00,270104,2021-07-31 16:18:00,270000,270100
600198,2022-07-29 00:00:00,730206,2026-06-01 14:47:00,730000,730200
600199,1998-08-12 00:00:00,340301,2015-10-27 15:29:00,340000,340300
600199,2021-07-30 00:00:00,340501,2024-12-04 10:24:00,340000,340500
600200,1999-04-01 00:00:00,370301,2015-10-27 15:29:00,370000,370300
600200,2014-01-01 00:00:00,510101,2015-10-27 15:29:00,510000,510100
600200,2019-07-24 00:00:00,370102,2020-12-04 14:32:00,370000,370100
600201,1998-01-15 00:00:00,370301,2015-10-27 15:29:00,370000,370300
600201,2011-10-10 00:00:00,110801,2015-10-27 15:29:00,110000,110800
600202,1999-06-03 00:00:00,260105,2015-10-27 15:28:00,260000,260100
600202,2005-07-01 00:00:00,260403,2015-10-27 15:28:00,260000,260400
600202,2014-02-21 00:00:00,630304,2024-09-27 12:41:00,630000,630300
600202,2022-07-29 00:00:00,640105,2025-10-15 10:57:00,640000,640100
600203,1999-05-14 00:00:00,320201,2015-10-27 15:28:00,320000,320200
600203,2005-07-01 00:00:00,270401,2015-10-27 15:28:00,270000,270400
600203,2013-01-01 00:00:00,270301,2015-10-27 15:28:00,270000,270300
600203,2017-06-29 00:00:00,730201,2018-06-20 15:08:00,730000,730200
600203,2018-07-13 00:00:00,270502,2019-08-09 15:38:00,270000,270500
600203,2021-07-30 00:00:00,270504,2023-04-25 09:32:00,270000,270500
600205,1999-06-30 00:00:00,240101,2015-10-27 15:28:00,240000,240100
600206,1999-03-19 00:00:00,270101,2015-10-27 15:29:00,270000,270100
600206,2008-06-02 00:00:00,240203,2016-06-23 18:40:00,240000,240200
600206,2021-07-30 00:00:00,270103,2021-08-02 11:09:00,270000,270100
600207,1999-07-14 00:00:00,270301,2015-10-27 15:28:00,270000,270300
600207,2013-01-01 00:00:00,510101,2015-10-27 15:28:00,510000,510100
600207,2018-07-13 00:00:00,630303,2020-12-04 14:32:00,630000,630300
600207,2021-07-30 00:00:00,630504,2025-10-15 10:57:00,630000,630500
600208,1999-06-23 00:00:00,360301,2015-10-27 15:29:00,360000,360300
600208,2007-07-02 00:00:00,430101,2015-10-27 15:29:00,430000,430100
600209,1999-03-25 00:00:00,460301,2015-10-27 15:29:00,460000,460300
600209,2007-07-02 00:00:00,510101,2015-10-27 15:29:00,510000,510100
600209,2009-06-01 00:00:00,460301,2015-10-27 15:29:00,460000,460300
600209,2012-10-08 00:00:00,250202,2015-10-27 15:29:00,250000,250200
600209,2014-02-21 00:00:00,620201,2024-09-27 12:41:00,620000,620200
600210,1999-08-24 00:00:00,360201,2015-10-27 15:29:00,360000,360200
600210,2021-07-30 00:00:00,360204,2023-06-28 21:40:00,360000,360200
600211,1999-07-21 00:00:00,370201,2015-10-27 15:29:00,370000,370200
600211,2023-07-04 00:00:00,370304,2023-07-04 15:14:00,370000,370300
600212,1999-08-17 00:00:00,250103,2015-10-27 15:29:00,250000,250100
600212,2007-07-02 00:00:00,510101,2015-10-27 15:29:00,510000,510100
600212,2023-07-04 00:00:00,630306,2025-10-15 10:57:00,630000,630300
600213,1999-08-31 00:00:00,310103,2015-10-27 15:29:00,310000,310100
600213,2014-02-21 00:00:00,280103,2024-09-27 12:41:00,280000,280100
600213,2021-07-30 00:00:00,280602,2021-08-02 13:17:00,280000,280600
600215,1999-09-09 00:00:00,430201,2015-10-27 15:28:00,430000,430200
600215,2021-07-30 00:00:00,430101,2021-07-31 16:18:00,430000,430100
600215,2022-07-29 00:00:00,640701,2025-10-15 10:57:00,640000,640700
600216,1999-10-21 00:00:00,370101,2015-10-27 15:29:00,370000,370100
600217,1999-12-16 00:00:00,250102,2015-10-27 15:28:00,250000,250100
600217,2014-02-21 00:00:00,610101,2024-09-27 12:41:00,610000,610100
600217,2015-07-01 00:00:00,410401,2015-11-05 16:54:00,410000,410400
600217,2021-07-30 00:00:00,760103,2025-10-15 10:57:00,760000,760100
600218,1998-12-03 00:00:00,260104,2015-10-27 15:29:00,260000,260100
600218,2014-02-21 00:00:00,640104,2024-09-27 12:41:00,640000,640100
600218,2021-07-30 00:00:00,280203,2025-01-08 14:36:00,280000,280200
600219,1999-12-23 00:00:00,350101,2015-10-27 15:29:00,350000,350100
600219,2005-07-01 00:00:00,240101,2015-10-27 15:29:00,240000,240100
600219,2008-06-02 00:00:00,240102,2015-10-27 15:29:00,240000,240100
600219,2014-02-21 00:00:00,240301,2024-09-27 12:41:00,240000,240300
600220,1999-09-27 00:00:00,350101,2015-10-27 15:29:00,350000,350100
600220,2021-07-30 00:00:00,350106,2021-07-31 16:18:00,350000,350100
600221,1999-11-25 00:00:00,420401,2015-10-27 15:28:00,420000,420400
600221,2021-07-30 00:00:00,421001,2025-10-15 10:57:00,420000,421000
600222,1999-11-05 00:00:00,370201,2015-10-27 15:29:00,370000,370200
600223,2000-01-13 00:00:00,370501,2015-10-27 15:29:00,370000,370500
600223,2010-01-01 00:00:00,430101,2015-10-27 15:29:00,430000,430100
600223,2024-02-02 00:00:00,770202,2025-01-24 16:29:00,770000,770200
600225,2007-07-02 00:00:00,110601,2015-10-27 15:29:00,110000,110600
600225,2010-01-01 00:00:00,430101,2015-10-27 15:29:00,430000,430100
600225,2022-07-29 00:00:00,710301,2022-07-29 11:54:00,710000,710300
600226,1999-11-12 00:00:00,370301,2015-10-27 15:29:00,370000,370300
600226,2011-10-10 00:00:00,110801,2018-06-20 15:08:00,110000,110800
600226,2019-07-24 00:00:00,720302,2019-08-09 15:38:00,720000,720300
600226,2021-07-30 00:00:00,720401,2021-07-31 16:18:00,720000,720400
600226,2022-07-29 00:00:00,410104,2025-10-15 10:57:00,410000,410100
600227,2000-02-21 00:00:00,220301,2015-10-27 15:28:00,220000,220300
600227,2017-06-29 00:00:00,370102,2020-12-04 14:32:00,370000,370100
600227,2022-07-29 00:00:00,220801,2022-07-29 11:54:00,220000,220800
600228,1999-01-18 00:00:00,220301,2015-10-27 15:28:00,220000,220300
600228,2008-06-02 00:00:00,220309,2019-08-09 15:39:00,220000,220300
600228,2021-08-20 00:00:00,720704,2025-10-15 10:57:00,720000,720700
600229,2000-03-09 00:00:00,220201,2015-10-27 15:28:00,220000,220200
600229,2017-05-26 09:59:00,720101,2019-08-09 15:38:00,720000,720100
600229,2021-07-30 00:00:00,720902,2025-10-15 10:57:00,720000,720900
600230,2000-04-06 00:00:00,220301,2015-10-27 15:28:00,220000,220300
600230,2011-10-10 00:00:00,220702,2015-10-27 15:28:00,220000,220700
600230,2014-02-21 00:00:00,220313,2024-09-27 12:41:00,220000,220300
600231,2000-04-24 16:10:00,230101,2015-10-27 15:29:00,230000,230100
600231,2021-07-30 00:00:00,230401,2025-01-08 14:36:00,230000,230400
600232,2000-04-24 16:07:00,350103,2015-10-27 15:29:00,350000,350100
600232,2021-07-30 00:00:00,640206,2025-10-15 10:57:00,640000,640200
600233,2000-04-24 15:43:00,350201,2015-10-27 15:28:00,350000,350200
600233,2011-10-10 00:00:00,350202,2015-10-27 15:28:00,350000,350200
600233,2016-01-01 00:00:00,420801,2021-03-03 15:31:00,420000,420800
600233,2021-07-30 00:00:00,420804,2025-10-15 10:57:00,420000,420800
600234,2000-06-15 00:00:00,450101,2015-10-27 15:29:00,450000,450100
600234,2011-10-10 00:00:00,330202,2015-10-27 15:29:00,330000,330200
600234,2014-01-01 00:00:00,510101,2015-10-27 15:29:00,510000,510100
600234,2023-07-04 00:00:00,620201,2023-07-04 15:14:00,620000,620200
600235,2000-06-15 00:00:00,360101,2015-10-27 15:29:00,360000,360100
600235,2021-07-30 00:00:00,360103,2021-07-31 16:18:00,360000,360100
600236,2000-03-23 00:00:00,410102,2015-10-27 15:28:00,410000,410100
600237,2000-06-09 00:00:00,270201,2015-10-27 15:29:00,270000,270200
600237,2011-10-10 00:00:00,270203,2015-10-27 15:29:00,270000,270200
600238,2000-01-20 00:00:00,340303,2015-10-27 15:28:00,340000,340300
600238,2021-07-30 00:00:00,340602,2021-07-31 16:18:00,340000,340600
600239,1999-12-02 00:00:00,340302,2015-10-27 15:29:00,340000,340300
600239,2007-07-02 00:00:00,430101,2015-10-27 15:29:00,430000,430100
600239,2023-07-04 00:00:00,430102,2023-07-04 15:14:00,430000,430100
600240,2000-06-28 00:00:00,350201,2015-10-27 15:29:00,350000,350200
600240,2006-09-01 00:00:00,430101,2015-10-27 15:29:00,430000,430100
600241,2000-11-06 00:00:00,450201,2015-10-27 15:29:00,450000,450200
600241,2019-07-24 00:00:00,630305,2020-12-04 14:32:00,630000,630300
600241,2021-07-30 00:00:00,630705,2022-07-11 13:29:00,630000,630700
600241,2022-07-29 00:00:00,630701,2025-10-15 10:57:00,630000,630700
600242,2000-12-07 00:00:00,110202,2015-10-27 15:28:00,110000,110200
600242,2011-01-10 00:00:00,420601,2015-10-27 15:28:00,420000,420600
600242,2017-06-29 00:00:00,720201,2019-08-09 15:38:00,720000,720200
600242,2021-07-30 00:00:00,720501,2021-07-31 16:18:00,720000,720500
600243,2000-11-20 00:00:00,260101,2015-10-27 15:29:00,260000,260100
600243,2014-02-21 00:00:00,640101,2024-09-27 12:41:00,640000,640100
600243,2017-06-29 00:00:00,640106,2019-08-09 15:39:00,640000,640100
600246,2000-09-04 00:00:00,110502,2015-10-27 15:29:00,110000,110500
600246,2002-09-01 00:00:00,430101,2015-10-27 15:29:00,430000,430100
600247,2000-10-31 00:00:00,510101,2015-10-27 15:28:00,510000,510100
600247,2006-09-01 00:00:00,430101,2015-10-27 15:28:00,430000,430100
600247,2009-06-01 00:00:00,450201,2019-08-09 15:40:00,450000,450200
600247,2021-07-30 00:00:00,450304,2021-07-31 16:18:00,450000,450300
600248,2000-06-22 00:00:00,110101,2015-10-27 15:29:00,110000,110100
600248,2010-06-01 00:00:00,250201,2015-10-27 15:29:00,250000,250200
600248,2011-10-10 00:00:00,250205,2015-10-27 15:29:00,250000,250200
600248,2014-02-21 00:00:00,620402,2024-09-27 12:41:00,620000,620400
600248,2021-07-30 00:00:00,620101,2021-07-31 16:18:00,620000,620100
600249,2004-01-29 00:00:00,220304,2015-10-27 15:29:00,220000,220300
600249,2021-07-30 00:00:00,770102,2021-07-31 16:18:00,770000,770100
600250,2001-03-06 00:00:00,450201,2015-10-27 15:29:00,450000,450200
600250,2026-07-01 10:24:00,461004,2026-07-01 10:24:00,460000,461000
600251,2003-06-09 00:00:00,110102,2015-10-27 15:28:00,110000,110100
600251,2008-01-02 00:00:00,220306,2015-10-27 15:28:00,220000,220300
600251,2015-07-01 00:00:00,110501,2015-10-27 15:28:00,110000,110500
600251,2015-11-02 00:00:00,220306,2015-11-05 14:03:00,220000,220300
600251,2017-05-20 01:33:00,110501,2019-08-09 15:39:00,110000,110500
600252,2000-11-30 00:00:00,250201,2015-10-27 15:29:00,250000,250200
600252,2003-12-23 00:00:00,430101,2015-10-27 15:29:00,430000,430100
600252,2007-07-02 00:00:00,370102,2015-10-27 15:29:00,370000,370100
600252,2011-01-10 00:00:00,370201,2015-10-27 15:29:00,370000,370200
600253,2000-12-27 00:00:00,370103,2015-10-27 15:29:00,370000,370100
600253,2008-06-02 00:00:00,370101,2015-10-27 15:29:00,370000,370100
600255,2000-11-22 00:00:00,240201,2015-10-27 15:29:00,240000,240200
600255,2009-06-01 00:00:00,240103,2015-10-27 15:29:00,240000,240100
600255,2014-02-21 00:00:00,240302,2024-09-27 12:41:00,240000,240300
600255,2021-07-30 00:00:00,240201,2025-01-08 14:36:00,240000,240200
600256,2000-04-24 15:45:00,250104,2015-10-27 15:28:00,250000,250100
600256,2007-07-02 00:00:00,220101,2015-10-27 15:28:00,220000,220100
600256,2021-07-30 00:00:00,750302,2026-02-26 16:27:00,750000,750300
600257,2000-06-12 00:00:00,110202,2015-10-27 15:28:00,110000,110200
600258,2000-05-12 16:22:00,460201,2015-10-27 15:29:00,460000,460200
600258,2005-07-01 00:00:00,460301,2015-10-27 15:29:00,460000,460300
600258,2015-08-14 00:00:00,460201,2021-05-31 15:11:00,460000,460200
600258,2021-07-30 00:00:00,460901,2024-01-23 17:12:00,460000,460900
600259,2000-05-25 00:00:00,220401,2015-10-27 15:28:00,220000,220400
600259,2010-06-01 00:00:00,240106,2015-10-27 15:28:00,240000,240100
600259,2014-02-21 00:00:00,240501,2024-09-27 12:41:00,240000,240500
600260,2000-07-06 00:00:00,220501,2015-10-27 15:29:00,220000,220500
600260,2014-01-01 00:00:00,510101,2015-10-27 15:29:00,510000,510100
600260,2017-06-29 00:00:00,730201,2019-08-09 15:40:00,730000,730200
600260,2021-07-30 00:00:00,730207,2021-07-31 16:18:00,730000,730200
600261,2000-07-20 00:00:00,270401,2015-10-27 15:29:00,270000,270400
600261,2017-05-20 01:33:00,270302,2019-08-09 15:38:00,270000,270300
600261,2021-07-30 00:00:00,330501,2023-04-25 09:32:00,330000,330500
600262,2000-06-30 00:00:00,260202,2015-10-27 15:28:00,260000,260200
600262,2007-07-02 00:00:00,260205,2015-10-27 15:28:00,260000,260200
600262,2011-10-10 00:00:00,310306,2015-10-27 15:28:00,310000,310300
600262,2014-02-21 00:00:00,640501,2024-09-27 12:41:00,640000,640500
600262,2018-07-13 00:00:00,640203,2019-08-09 15:39:00,640000,640200
600263,2000-07-25 00:00:00,250201,2015-10-27 15:29:00,250000,250200
600263,2011-10-10 00:00:00,250204,2015-10-27 15:29:00,250000,250200
600265,2000-08-25 00:00:00,110301,2015-10-27 15:28:00,110000,110300
600266,1998-12-09 00:00:00,250201,2015-10-27 15:28:00,250000,250200
600266,2001-09-01 00:00:00,430101,2015-10-27 15:28:00,430000,430100
600267,2000-07-25 00:00:00,370101,2015-10-27 15:28:00,370000,370100
600267,2022-07-29 00:00:00,370102,2022-07-29 11:54:00,370000,370100
600268,1999-11-18 00:00:00,260402,2015-10-27 15:28:00,260000,260400
600268,2014-02-21 00:00:00,630201,2024-09-27 12:41:00,630000,630200
600268,2021-07-30 00:00:00,630803,2025-10-15 10:57:00,630000,630800
600269,2000-04-20 00:00:00,420201,2015-10-27 15:28:00,420000,420200
600269,2021-07-30 00:00:00,420901,2025-10-15 10:57:00,420000,420900
600270,2000-12-28 00:00:00,420801,2015-10-27 15:29:00,420000,420800
600270,2004-04-01 00:00:00,420401,2015-10-27 15:29:00,420000,420400
600270,2011-01-10 00:00:00,420801,2015-10-27 15:29:00,420000,420800
600271,2003-07-07 00:00:00,470301,2015-10-27 15:29:00,470000,470300
600271,2008-06-02 00:00:00,470303,2015-10-27 15:29:00,470000,470300
600271,2014-02-21 00:00:00,710202,2024-09-27 12:41:00,710000,710200
600271,2021-07-30 00:00:00,710301,2024-04-01 15:27:00,710000,710300
600272,2001-02-28 00:00:00,350201,2015-10-27 15:29:00,350000,350200
600272,2011-10-10 00:00:00,350207,2023-09-25 16:48:00,350000,350200
600272,2018-06-19 16:13:00,370401,2020-12-04 14:32:00,370000,370400
600272,2021-07-30 00:00:00,370402,2021-07-31 16:18:00,370000,370400
600273,2003-06-23 00:00:00,350102,2015-10-27 15:29:00,350000,350100
600273,2015-07-01 00:00:00,220309,2021-03-03 15:18:00,220000,220300
600275,2000-08-10 00:00:00,110202,2015-10-27 15:29:00,110000,110200
600275,2011-10-10 00:00:00,430101,2015-10-27 15:29:00,430000,430100
600275,2013-01-01 00:00:00,510101,2015-10-27 15:29:00,510000,510100
600275,2018-07-13 00:00:00,110202,2019-08-09 15:39:00,110000,110200
600276,2000-10-18 00:00:00,370101,2015-10-27 15:29:00,370000,370100
600276,2008-01-02 00:00:00,370102,2015-10-27 15:29:00,370000,370100
600277,2000-07-25 00:00:00,370201,2015-10-27 15:29:00,370000,370200
600277,2011-01-10 00:00:00,510101,2015-10-27 15:29:00,510000,510100
600277,2017-06-29 00:00:00,220202,2019-08-09 15:39:00,220000,220200
600278,2000-07-12 00:00:00,450201,2015-10-27 15:28:00,450000,450200
600279,2000-07-31 00:00:00,420101,2015-10-27 15:29:00,420000,420100
600279,2021-07-30 00:00:00,421102,2025-10-15 10:57:00,420000,421100
600280,2000-09-26 00:00:00,450101,2015-10-27 15:29:00,450000,450100
600280,2014-02-21 00:00:00,450301,2024-09-27 12:41:00,450000,450300
600281,2000-11-09 00:00:00,220202,2015-10-27 15:29:00,220000,220200
600281,2018-07-13 00:00:00,510101,2019-08-09 15:40:00,510000,510100
600281,2021-07-30 00:00:00,240504,2025-01-08 14:36:00,240000,240500
600282,2000-09-19 00:00:00,230101,2015-10-27 15:29:00,230000,230100
600282,2021-07-30 00:00:00,230402,2025-01-08 14:36:00,230000,230400
600282,2026-07-01 10:24:00,230501,2026-07-01 10:24:00,230000,230500
600283,2000-09-15 00:00:00,410201,2015-10-27 15:29:00,410000,410200
600283,2021-07-30 00:00:00,760102,2025-10-15 10:57:00,760000,760100
600284,2004-03-11 00:00:00,250201,2015-10-27 15:29:00,250000,250200
600284,2011-10-10 00:00:00,250204,2015-10-27 15:29:00,250000,250200
600284,2014-02-21 00:00:00,620302,2024-09-27 12:41:00,620000,620300
600284,2021-07-30 00:00:00,620306,2021-07-31 16:18:00,620000,620300
600285,2000-10-18 00:00:00,370201,2015-10-27 15:29:00,370000,370200
600286,1999-12-09 00:00:00,250103,2015-10-27 15:28:00,250000,250100
600287,2000-09-01 00:00:00,450201,2015-10-27 15:29:00,450000,450200
600288,2000-11-29 00:00:00,270401,2015-10-27 15:28:00,270000,270400
600288,2024-07-30 12:45:00,710402,2025-01-08 14:36:00,710000,710400
600289,2000-07-20 00:00:00,470301,2015-10-27 15:29:00,470000,470300
600289,2008-06-02 00:00:00,470303,2015-10-27 15:29:00,470000,470300
600289,2009-06-01 00:00:00,320104,2015-10-27 15:29:00,320000,320100
600289,2014-02-21 00:00:00,730203,2024-09-27 12:41:00,730000,730200
600289,2021-07-30 00:00:00,730103,2026-06-01 14:47:00,730000,730100
600290,2000-11-06 00:00:00,260207,2015-10-27 15:29:00,260000,260200
600290,2007-07-02 00:00:00,260403,2015-10-27 15:29:00,260000,260400
600290,2011-10-10 00:00:00,260404,2015-10-27 15:29:00,260000,260400
600290,2014-02-21 00:00:00,630302,2024-09-27 12:41:00,630000,630300
600290,2021-07-30 00:00:00,630802,2022-10-11 14:52:00,630000,630800
600291,2000-07-31 00:00:00,250102,2015-10-27 15:29:00,250000,250100
600291,2012-10-08 00:00:00,440401,2015-10-27 15:29:00,440000,440400
600291,2014-02-21 00:00:00,490201,2024-09-27 12:41:00,490000,490200
600292,2000-11-01 00:00:00,410101,2015-10-27 15:29:00,410000,410100
600292,2013-01-01 00:00:00,410401,2015-10-27 15:29:00,410000,410400
600292,2021-07-30 00:00:00,760101,2025-10-15 10:57:00,760000,760100
600292,2026-07-01 10:24:00,410102,2026-07-01 10:24:00,410000,410100
600293,2000-09-19 00:00:00,250101,2015-10-27 15:29:00,250000,250100
600293,2014-02-21 00:00:00,610201,2024-09-27 12:41:00,610000,610200
600293,2017-06-29 00:00:00,730201,2019-08-09 15:40:00,730000,730200
600293,2021-07-30 00:00:00,610201,2021-08-04 10:42:00,610000,610200
600295,2001-04-26 00:00:00,350201,2015-10-27 15:28:00,350000,350200
600295,2008-10-07 00:00:00,230101,2015-10-27 15:28:00,230000,230100
600295,2013-01-01 00:00:00,210301,2015-10-27 15:28:00,210000,210300
600295,2021-07-30 00:00:00,230302,2025-01-08 14:36:00,230000,230300
600296,2000-07-19 00:00:00,240101,2015-10-27 15:28:00,240000,240100
600297,2000-11-16 00:00:00,370102,2015-10-27 15:28:00,370000,370100
600297,2014-01-01 00:00:00,370201,2015-10-27 15:28:00,370000,370200
600297,2015-07-01 00:00:00,280301,2015-11-05 17:00:00,280000,280300
600297,2021-07-30 00:00:00,280302,2024-03-14 10:16:00,280000,280300
600298,2000-08-18 00:00:00,340201,2015-10-27 15:28:00,340000,340200
600298,2011-10-10 00:00:00,110504,2015-10-27 15:28:00,110000,110500
600298,2021-07-30 00:00:00,340901,2026-08-17 10:00:00,340000,340900
600299,2000-04-20 00:00:00,220701,2015-10-27 15:29:00,220000,220700
600299,2014-01-01 00:00:00,220309,2015-10-27 15:29:00,220000,220300
600299,2021-07-30 00:00:00,220315,2025-05-06 20:02:00,220000,220300
600300,2000-06-29 14:14:00,340304,2015-10-27 15:29:00,340000,340300
600300,2021-07-30 00:00:00,340701,2021-07-31 16:18:00,340000,340700
600301,2000-07-12 00:00:00,220202,2015-10-27 15:28:00,220000,220200
600301,2019-07-24 00:00:00,450201,2019-08-09 15:40:00,450000,450200
600301,2022-07-29 00:00:00,620601,2023-10-23 10:09:00,620000,620600
600301,2024-07-30 12:45:00,240504,2025-01-14 10:08:00,240000,240500
600302,2000-12-13 00:00:00,260201,2015-10-27 15:28:00,260000,260200
600302,2014-02-21 00:00:00,640206,2024-09-27 12:41:00,640000,640200
600303,2000-12-26 00:00:00,310103,2015-10-27 15:29:00,310000,310100
600303,2014-02-21 00:00:00,280103,2024-09-27 12:41:00,280000,280100
600303,2021-07-30 00:00:00,280602,2025-01-08 14:36:00,280000,280600
600305,2001-02-06 00:00:00,340201,2015-10-27 15:29:00,340000,340200
600305,2011-10-10 00:00:00,340402,2015-10-27 15:29:00,340000,340400
600305,2021-07-30 00:00:00,340901,2025-09-02 09:38:00,340000,340900
600306,2000-12-26 00:00:00,450101,2015-10-27 15:29:00,450000,450100
600306,2012-07-02 00:00:00,450103,2015-10-27 15:29:00,450000,450100
600306,2014-02-21 00:00:00,450501,2024-09-27 12:41:00,450000,450500
600306,2018-04-20 01:43:00,450301,2019-08-09 15:40:00,450000,450300
600307,2000-12-20 00:00:00,230101,2015-10-27 15:29:00,230000,230100
600307,2021-07-30 00:00:00,230402,2025-01-08 14:36:00,230000,230400
600308,2000-09-28 00:00:00,360101,2015-10-27 15:29:00,360000,360100
600308,2021-07-30 00:00:00,360102,2021-07-31 16:18:00,360000,360100
600309,2001-01-05 00:00:00,220701,2015-10-27 15:29:00,220000,220700
600309,2011-10-10 00:00:00,220702,2015-10-27 15:29:00,220000,220700
600309,2014-02-21 00:00:00,220313,2024-09-27 12:41:00,220000,220300
600310,2001-02-28 00:00:00,410102,2015-10-27 15:28:00,410000,410100
600310,2021-07-30 00:00:00,410110,2025-10-15 10:57:00,410000,410100
600311,2001-06-21 10:36:00,110502,2015-10-27 15:29:00,110000,110500
600311,2011-10-10 00:00:00,240105,2015-10-27 15:29:00,240000,240100
600311,2014-02-21 00:00:00,240401,2024-09-27 12:41:00,240000,240400
600312,2001-02-21 00:00:00,260404,2015-10-27 15:29:00,260000,260400
600312,2014-02-21 00:00:00,630401,2024-09-27 12:41:00,630000,630400
600312,2021-07-30 00:00:00,630801,2025-10-15 10:57:00,630000,630800
600313,2001-01-09 16:55:00,110101,2015-10-27 15:29:00,110000,110100
600313,2011-01-10 00:00:00,110601,2015-10-27 15:29:00,110000,110600
600313,2018-12-24 00:00:00,110101,2019-08-09 15:39:00,110000,110100
600315,2001-03-15 00:00:00,220304,2024-07-14 10:42:00,220000,220300
600315,2021-07-30 00:00:00,770202,2026-01-21 14:03:00,770000,770200
600316,2000-12-14 10:39:00,310303,2015-10-27 15:29:00,310000,310300
600316,2008-06-02 00:00:00,310304,2015-10-27 15:29:00,310000,310300
600316,2014-02-21 00:00:00,650201,2024-09-27 12:41:00,650000,650200
600317,2001-01-31 00:00:00,420101,2015-10-27 15:29:00,420000,420100
600318,2000-12-08 00:00:00,250102,2015-10-27 15:28:00,250000,250100
600318,2014-02-21 00:00:00,610101,2024-09-27 12:41:00,610000,610100
600318,2017-06-29 00:00:00,490301,2021-03-03 15:37:00,490000,490300
600318,2021-07-30 00:00:00,490302,2021-07-31 16:18:00,490000,490300
600319,2001-03-26 00:00:00,220701,2015-10-27 15:29:00,220000,220700
600319,2014-01-01 00:00:00,220309,2015-10-27 15:29:00,220000,220300
600319,2019-07-24 00:00:00,220202,2019-08-09 15:39:00,220000,220200
600320,2000-12-21 00:00:00,260204,2015-10-27 15:29:00,260000,260200
600320,2014-02-21 00:00:00,640202,2024-09-27 12:41:00,640000,640200
600320,2021-07-30 00:00:00,640203,2025-10-15 10:57:00,640000,640200
600321,2001-05-24 00:00:00,250201,2015-10-27 15:28:00,250000,250200
600321,2011-10-10 00:00:00,250104,2015-10-27 15:28:00,250000,250100
600321,2014-02-21 00:00:00,610303,2024-09-27 12:41:00,610000,610300
600321,2022-07-29 00:00:00,620404,2023-12-07 10:03:00,620000,620400
600322,2001-08-06 00:00:00,430101,2015-10-27 15:29:00,430000,430100
600323,2000-12-25 00:00:00,410201,2015-10-27 15:29:00,410000,410200
600323,2017-05-26 09:59:00,410401,2021-03-03 15:31:00,410000,410400
600323,2021-07-30 00:00:00,760103,2026-04-02 13:26:00,760000,760100
600325,2004-02-25 00:00:00,430101,2015-10-27 15:29:00,430000,430100
600326,2001-01-16 00:00:00,420201,2015-10-27 15:29:00,420000,420200
600326,2006-09-01 00:00:00,250202,2015-10-27 15:29:00,250000,250200
600326,2011-10-10 00:00:00,250204,2015-10-27 15:29:00,250000,250200
600326,2014-02-21 00:00:00,620302,2024-09-27 12:41:00,620000,620300
600326,2019-07-24 00:00:00,610101,2019-08-09 15:39:00,610000,610100
600327,2002-06-25 00:00:00,450101,2015-10-27 15:28:00,450000,450100
600327,2013-07-01 00:00:00,450102,2015-10-27 15:28:00,450000,450100
600327,2014-02-21 00:00:00,450303,2024-09-27 12:41:00,450000,450300
600327,2017-06-29 00:00:00,280301,2019-08-09 15:39:00,280000,280300
600327,2021-07-30 00:00:00,280302,2021-07-31 16:18:00,280000,280300
600327,2023-07-04 00:00:00,450301,2023-07-04 15:14:00,450000,450300
600328,2000-12-22 00:00:00,220203,2015-10-27 15:29:00,220000,220200
600329,2001-06-06 00:00:00,370201,2015-10-27 15:29:00,370000,370200
600330,2001-01-08 09:31:00,240201,2015-10-27 15:29:00,240000,240200
600330,2008-06-02 00:00:00,240202,2015-10-27 15:29:00,240000,240200
600330,2021-07-30 00:00:00,640209,2021-08-02 11:12:00,640000,640200
600330,2024-07-30 12:45:00,270601,2025-01-08 14:36:00,270000,270600
600331,2001-12-20 00:00:00,220302,2015-10-27 15:29:00,220000,220300
600331,2005-07-01 00:00:00,240101,2015-10-27 15:29:00,240000,240100
600331,2008-06-02 00:00:00,240104,2015-10-27 15:29:00,240000,240100
600331,2014-02-21 00:00:00,240303,2024-09-27 12:41:00,240000,240300
600331,2022-07-29 00:00:00,220802,2022-07-29 11:54:00,220000,220800
600332,2001-02-06 00:00:00,370201,2015-10-27 15:28:00,370000,370200
600333,2000-12-11 00:00:00,410301,2015-10-27 15:28:00,410000,410300
600335,2001-03-05 00:00:00,260202,2015-10-27 15:28:00,260000,260200
600335,2012-07-02 00:00:00,310401,2015-10-27 15:28:00,310000,310400
600335,2014-02-21 00:00:00,280301,2024-09-27 12:41:00,280000,280300
600335,2021-07-30 00:00:00,280302,2025-01-08 14:36:00,280000,280300
600336,2000-12-29 00:00:00,330101,2015-10-27 15:28:00,330000,330100
600336,2021-07-30 00:00:00,330106,2021-07-31 16:18:00,330000,330100
600337,2000-11-27 00:00:00,360301,2015-10-27 15:29:00,360000,360300
600337,2008-06-02 00:00:00,360302,2020-08-26 11:25:00,360000,360300
600337,2021-07-30 00:00:00,360307,2023-05-04 10:29:00,360000,360300
600338,2000-12-27 00:00:00,310301,2015-10-27 15:29:00,310000,310300
600338,2008-06-02 00:00:00,240104,2015-10-27 15:29:00,240000,240100
600338,2014-02-21 00:00:00,240303,2024-09-27 12:41:00,240000,240300
600339,2000-12-25 00:00:00,220101,2015-10-27 15:29:00,220000,220100
600339,2011-10-10 00:00:00,220702,2015-10-27 15:29:00,220000,220700
600339,2014-02-21 00:00:00,220313,2024-09-27 12:41:00,220000,220300
600339,2017-06-29 00:00:00,210401,2020-11-06 09:13:00,210000,210400
600339,2021-07-30 00:00:00,750202,2023-10-23 16:18:00,750000,750200
600340,2003-12-25 00:00:00,260205,2015-10-27 15:29:00,260000,260200
600340,2007-07-02 00:00:00,260105,2015-10-27 15:29:00,260000,260100
600340,2011-01-10 00:00:00,430101,2015-10-27 15:29:00,430000,430100
600340,2021-07-30 00:00:00,430103,2023-02-20 17:04:00,430000,430100
600343,2003-04-08 00:00:00,260207,2015-10-27 15:29:00,260000,260200
600343,2011-10-10 00:00:00,310304,2015-10-27 15:29:00,310000,310300
600343,2014-02-21 00:00:00,650101,2024-09-27 12:41:00,650000,650100
600343,2022-07-29 00:00:00,640106,2025-10-15 10:57:00,640000,640100
600345,2000-12-22 00:00:00,320103,2015-10-27 15:28:00,320000,320100
600345,2014-02-21 00:00:00,730202,2024-09-27 12:41:00,730000,730200
600345,2021-07-30 00:00:00,730207,2026-06-01 14:47:00,730000,730200
600346,2001-08-01 00:00:00,260207,2015-10-27 15:28:00,260000,260200
600346,2014-02-21 00:00:00,640209,2024-09-27 12:41:00,640000,640200
600346,2017-06-29 00:00:00,220401,2021-03-03 15:31:00,220000,220400
600346,2021-07-30 00:00:00,750301,2026-02-26 16:27:00,750000,750300
600348,2003-08-19 00:00:00,210201,2015-10-27 15:29:00,210000,210200
600348,2021-07-30 00:00:00,740102,2026-06-23 10:38:00,740000,740100
600349,2016-08-23 00:00:00,630404,2018-06-26 11:13:00,630000,630400
600350,2002-03-18 00:00:00,420201,2015-10-27 15:29:00,420000,420200
600350,2021-07-30 00:00:00,420901,2025-10-15 10:57:00,420000,420900
600351,2002-09-20 00:00:00,370201,2015-10-27 15:29:00,370000,370200
600352,2003-07-31 00:00:00,220305,2015-10-27 15:29:00,220000,220300
600352,2008-06-02 00:00:00,220308,2021-07-01 09:33:00,220000,220300
600353,2002-11-20 00:00:00,270301,2015-10-27 15:29:00,270000,270300
600353,2006-09-01 00:00:00,260404,2015-10-27 15:29:00,260000,260400
600353,2014-02-21 00:00:00,630402,2024-09-27 12:41:00,630000,630400
600353,2018-07-13 00:00:00,270401,2019-08-09 15:38:00,270000,270400
600354,2004-01-14 00:00:00,110103,2015-10-27 15:28:00,110000,110100
600354,2007-07-02 00:00:00,110101,2015-10-27 15:28:00,110000,110100
600355,2002-06-12 00:00:00,320102,2015-10-27 15:29:00,320000,320100
600355,2008-06-02 00:00:00,320104,2015-10-27 15:29:00,320000,320100
600355,2013-07-01 00:00:00,320102,2015-10-27 15:29:00,320000,320100
600355,2014-02-21 00:00:00,730201,2024-09-27 12:41:00,730000,730200
600355,2021-07-30 00:00:00,730206,2025-10-15 10:57:00,730000,730200
600356,2001-04-19 00:00:00,360101,2015-10-27 15:29:00,360000,360100
600356,2021-07-30 00:00:00,360103,2021-07-31 16:18:00,360000,360100
600357,2002-08-20 00:00:00,230101,2015-10-27 15:28:00,230000,230100
600358,2000-09-22 00:00:00,460301,2015-10-27 15:28:00,460000,460300
600358,2021-07-30 00:00:00,720501,2025-10-15 10:57:00,720000,720500
600359,1999-04-29 00:00:00,110103,2015-10-27 15:29:00,110000,110100
600360,2001-03-16 00:00:00,270201,2015-10-27 15:29:00,270000,270200
600360,2008-06-02 00:00:00,270102,2015-10-27 15:29:00,270000,270100
600361,2001-11-29 00:00:00,450102,2015-10-27 15:29:00,450000,450100
600361,2014-02-21 00:00:00,450302,2024-09-27 12:41:00,450000,450300
600361,2023-07-04 00:00:00,240301,2025-01-08 14:36:00,240000,240300
600362,2002-01-11 00:00:00,240101,2015-10-27 15:29:00,240000,240100
600362,2008-06-02 00:00:00,240103,2015-10-27 15:29:00,240000,240100
600362,2014-02-21 00:00:00,240302,2024-09-27 12:41:00,240000,240300
600363,2001-03-29 00:00:00,270201,2015-10-27 15:29:00,270000,270200
600363,2008-06-02 00:00:00,270102,2015-10-27 15:29:00,270000,270100
600363,2011-10-10 00:00:00,270302,2015-10-27 15:29:00,270000,270300
600363,2022-07-29 00:00:00,270504,2025-10-15 10:57:00,270000,270500
600365,2001-01-15 00:00:00,340303,2015-10-27 15:29:00,340000,340300
600365,2009-01-01 00:00:00,340305,2015-10-27 15:29:00,340000,340300
600365,2021-07-30 00:00:00,340602,2021-07-31 16:18:00,340000,340600
600365,2022-07-29 00:00:00,450601,2022-07-29 11:54:00,450000,450600
600366,2000-10-30 00:00:00,240201,2015-10-27 15:29:00,240000,240200
600366,2008-06-02 00:00:00,240202,2015-10-27 15:29:00,240000,240200
600366,2009-06-01 00:00:00,270401,2015-10-27 15:29:00,270000,270400
600366,2010-01-02 00:00:00,240202,2015-10-27 15:29:00,240000,240200
600367,2001-03-20 00:00:00,220203,2015-10-27 15:29:00,220000,220200
600368,2000-12-21 00:00:00,420201,2015-10-27 15:29:00,420000,420200
600368,2021-07-30 00:00:00,420901,2025-10-15 10:57:00,420000,420900
600369,2001-01-05 09:59:00,420601,2015-10-27 15:29:00,420000,420600
600369,2007-07-02 00:00:00,440301,2015-10-27 15:29:00,440000,440300
600369,2014-02-21 00:00:00,490101,2024-09-27 12:41:00,490000,490100
600370,2003-03-06 00:00:00,350104,2015-10-27 15:29:00,350000,350100
600370,2022-07-29 00:00:00,220401,2022-07-29 11:54:00,220000,220400
600371,2002-09-16 00:00:00,110601,2015-10-27 15:29:00,110000,110600
600371,2011-01-10 00:00:00,110101,2015-10-27 15:29:00,110000,110100
600372,2001-07-04 13:26:00,310101,2015-10-27 15:29:00,310000,310100
600372,2009-06-01 00:00:00,310304,2015-10-27 15:29:00,310000,310300
600372,2014-02-21 00:00:00,650201,2024-09-27 12:41:00,650000,650200
600373,2002-03-04 00:00:00,310103,2015-10-27 15:29:00,310000,310100
600373,2009-10-09 00:00:00,470401,2015-10-27 15:29:00,470000,470400
600373,2014-02-21 00:00:00,720101,2024-09-27 12:41:00,720000,720100
600373,2017-06-29 00:00:00,720302,2021-03-03 15:18:00,720000,720300
600373,2021-07-30 00:00:00,720902,2026-04-02 13:26:00,720000,720900
600375,2003-04-01 00:00:00,260202,2015-10-27 15:29:00,260000,260200
600375,2014-02-21 00:00:00,640201,2024-09-27 12:41:00,640000,640200
600375,2021-07-30 00:00:00,640601,2021-07-31 16:18:00,640000,640600
600375,2022-07-29 00:00:00,280602,2022-07-29 11:54:00,280000,280600
600375,2023-07-04 00:00:00,280601,2025-01-08 14:36:00,280000,280600
600376,2001-02-09 14:35:00,430101,2015-10-27 15:29:00,430000,430100
600377,2001-01-16 00:00:00,420201,2015-10-27 15:29:00,420000,420200
600377,2021-07-30 00:00:00,420901,2025-10-15 10:57:00,420000,420900
600378,2001-01-11 00:00:00,220304,2015-10-27 15:29:00,220000,220300
600378,2008-06-02 00:00:00,220309,2015-10-27 15:29:00,220000,220300
600378,2021-07-30 00:00:00,220311,2024-01-19 09:02:00,220000,220300
600379,2002-01-16 00:00:00,270301,2015-10-27 15:28:00,270000,270300
600379,2006-09-01 00:00:00,260404,2015-10-27 15:28:00,260000,260400
600379,2014-02-21 00:00:00,630402,2024-09-27 12:41:00,630000,630400
600379,2021-07-30 00:00:00,630801,2025-10-15 10:57:00,630000,630800
600380,2001-06-08 00:00:00,370201,2015-10-27 15:29:00,370000,370200
600380,2011-01-10 00:00:00,370102,2015-10-27 15:29:00,370000,370100
600381,2001-05-06 00:00:00,350101,2015-10-27 15:29:00,350000,350100
600381,2005-07-01 00:00:00,430101,2015-10-27 15:29:00,430000,430100
600381,2009-01-01 00:00:00,210201,2015-10-27 15:29:00,210000,210200
600381,2017-11-09 00:00:00,720201,2019-08-09 15:38:00,720000,720200
600381,2020-11-21 00:00:00,340404,2020-11-21 22:40:00,340000,340400
600381,2021-07-30 00:00:00,340407,2021-07-31 16:18:00,340000,340400
600382,2001-01-18 00:00:00,260102,2015-10-27 15:28:00,260000,260100
600382,2014-02-21 00:00:00,640102,2024-09-27 12:41:00,640000,640100
600382,2018-07-13 00:00:00,510101,2019-08-09 15:40:00,510000,510100
600382,2022-07-29 00:00:00,230301,2025-01-08 14:36:00,230000,230300
600383,2001-02-08 13:41:00,430101,2015-10-27 15:29:00,430000,430100
600385,2001-07-23 00:00:00,370301,2015-10-27 15:29:00,370000,370300
600385,2013-01-01 00:00:00,370102,2015-10-27 15:29:00,370000,370100
600385,2018-06-01 01:48:00,240401,2021-01-25 13:36:00,240000,240400
600385,2021-07-30 00:00:00,370102,2021-07-31 16:18:00,370000,370100
600386,2001-02-08 15:59:00,420301,2015-10-27 15:28:00,420000,420300
600386,2006-09-01 00:00:00,470401,2015-10-27 15:28:00,470000,470400
600386,2011-10-10 00:00:00,470403,2015-10-27 15:28:00,470000,470400
600386,2014-02-21 00:00:00,720201,2024-09-27 12:41:00,720000,720200
600386,2021-07-30 00:00:00,280302,2025-01-08 14:36:00,280000,280300
600387,2004-02-16 00:00:00,220103,2015-10-27 15:28:00,220000,220100
600387,2021-07-30 00:00:00,750302,2021-07-31 16:18:00,750000,750300
600388,2000-12-29 00:00:00,410401,2015-10-27 15:29:00,410000,410400
600388,2011-10-10 00:00:00,260209,2015-10-27 15:29:00,260000,260200
600388,2014-02-21 00:00:00,640205,2024-09-27 12:41:00,640000,640200
600388,2021-07-30 00:00:00,760101,2021-07-31 16:18:00,760000,760100
600388,2022-07-29 00:00:00,760201,2026-04-27 15:47:00,760000,760200
600389,2001-01-10 00:00:00,220303,2015-10-27 15:29:00,220000,220300
600389,2021-07-30 00:00:00,220803,2021-08-02 09:05:00,220000,220800
600390,2001-01-05 09:57:00,240201,2015-10-27 15:29:00,240000,240200
600390,2008-06-02 00:00:00,240202,2015-10-27 15:29:00,240000,240200
600390,2017-06-29 00:00:00,490301,2021-03-03 15:37:00,490000,490300
600390,2021-07-30 00:00:00,490302,2024-05-08 14:16:00,490000,490300
600391,2001-12-12 00:00:00,310303,2015-10-27 15:28:00,310000,310300
600391,2008-06-02 00:00:00,310304,2015-10-27 15:28:00,310000,310300
600391,2014-02-21 00:00:00,650201,2024-09-27 12:41:00,650000,650200
600392,2003-05-29 00:00:00,470301,2015-10-27 15:29:00,470000,470300
600392,2008-06-02 00:00:00,470303,2015-10-27 15:29:00,470000,470300
600392,2010-06-01 00:00:00,210201,2015-10-27 15:29:00,210000,210200
600392,2013-07-01 00:00:00,240106,2015-10-27 15:29:00,240000,240100
600392,2014-02-21 00:00:00,240501,2024-09-27 12:41:00,240000,240500
600393,2001-03-19 00:00:00,430101,2015-10-27 15:28:00,430000,430100
600395,2001-05-31 00:00:00,210201,2015-10-27 15:29:00,210000,210200
600395,2021-07-30 00:00:00,740102,2025-10-15 10:57:00,740000,740100
600396,2001-03-20 15:02:00,410104,2015-10-27 15:29:00,410000,410100
600396,2017-05-26 10:00:00,410101,2019-08-09 15:38:00,410000,410100
600397,2002-07-02 00:00:00,210201,2015-10-27 15:28:00,210000,210200
600397,2021-07-30 00:00:00,740101,2025-10-15 10:57:00,740000,740100
600397,2026-07-01 10:24:00,640203,2026-07-01 10:24:00,640000,640200
600398,2000-12-28 00:00:00,350201,2015-10-27 15:28:00,350000,350200
600398,2011-10-10 00:00:00,350202,2021-03-03 15:31:00,350000,350200
600398,2021-07-30 00:00:00,350209,2025-01-24 16:29:00,350000,350200
600399,2000-12-29 00:00:00,230102,2015-10-27 15:28:00,230000,230100
600399,2021-07-30 00:00:00,230501,2025-12-03 07:23:00,230000,230500
600400,2001-01-08 00:00:00,350201,2015-10-27 15:29:00,350000,350200
600400,2011-10-10 00:00:00,350202,2021-03-03 15:31:00,350000,350200
600400,2021-07-30 00:00:00,350209,2024-01-24 15:48:00,350000,350200
600401,2003-09-19 00:00:00,360201,2015-10-27 15:28:00,360000,360200
600401,2012-07-02 00:00:00,260403,2015-10-27 15:28:00,260000,260400
600401,2014-02-21 00:00:00,630303,2024-09-27 12:41:00,630000,630300
600403,2003-10-09 00:00:00,470301,2015-10-27 15:28:00,470000,470300
600403,2008-06-02 00:00:00,470303,2015-10-27 15:28:00,470000,470300
600403,2010-01-01 00:00:00,210201,2015-10-27 15:28:00,210000,210200
600403,2021-07-30 00:00:00,740101,2025-10-15 10:57:00,740000,740100
600405,2004-03-24 00:00:00,320101,2015-10-27 15:28:00,320000,320100
600405,2008-06-02 00:00:00,320103,2015-10-27 15:28:00,320000,320100
600405,2011-10-10 00:00:00,260405,2015-10-27 15:28:00,260000,260400
600405,2014-02-21 00:00:00,630305,2024-09-27 12:41:00,630000,630300
600405,2021-07-30 00:00:00,630306,2025-10-15 10:57:00,630000,630300
600406,2003-10-15 00:00:00,260402,2015-10-27 15:28:00,260000,260400
600406,2014-02-21 00:00:00,630201,2024-09-27 12:41:00,630000,630200
600406,2021-07-30 00:00:00,630803,2025-11-10 13:32:00,630000,630800
600408,2003-02-12 00:00:00,210202,2015-10-27 15:28:00,210000,210200
600408,2021-07-30 00:00:00,740201,2025-10-15 10:57:00,740000,740200
600409,2003-06-16 00:00:00,220201,2015-10-27 15:29:00,220000,220200
600409,2021-07-30 00:00:00,220403,2022-03-14 09:01:00,220000,220400
600409,2022-07-29 00:00:00,220201,2026-02-26 16:27:00,220000,220200
600410,2004-04-23 00:00:00,470301,2015-10-27 15:29:00,470000,470300
600410,2008-06-02 00:00:00,470303,2015-10-27 15:29:00,470000,470300
600410,2014-02-21 00:00:00,710202,2024-09-27 12:41:00,710000,710200
600410,2021-07-30 00:00:00,710301,2021-07-31 16:18:00,710000,710300
600415,2002-05-09 00:00:00,450101,2015-10-27 15:29:00,450000,450100
600415,2008-06-02 00:00:00,450103,2015-10-27 15:29:00,450000,450100
600415,2014-02-21 00:00:00,450502,2024-09-27 12:41:00,450000,450500
600415,2021-07-30 00:00:00,450304,2026-01-21 08:49:00,450000,450300
600416,2002-07-18 00:00:00,260401,2015-10-27 15:29:00,260000,260400
600416,2011-10-10 00:00:00,260403,2015-10-27 15:29:00,260000,260400
600416,2014-02-21 00:00:00,630302,2024-09-27 12:41:00,630000,630300
600416,2021-07-30 00:00:00,630601,2023-04-19 17:19:00,630000,630600
600416,2024-07-30 12:45:00,630101,2025-10-15 10:57:00,630000,630100
600418,2001-07-26 00:00:00,310102,2015-10-27 15:29:00,310000,310100
600418,2014-02-21 00:00:00,280102,2024-09-27 12:41:00,280000,280100
600418,2017-06-29 00:00:00,280101,2019-08-09 15:39:00,280000,280100
600418,2021-07-30 00:00:00,280601,2026-04-14 11:02:00,280000,280600
600419,2001-06-25 15:21:00,360101,2015-10-27 15:29:00,360000,360100
600419,2012-01-08 00:00:00,510101,2015-10-27 15:29:00,510000,510100
600419,2018-07-13 00:00:00,340403,2019-08-09 15:40:00,340000,340400
600419,2021-07-30 00:00:00,340702,2025-09-11 10:52:00,340000,340700
600420,2004-06-14 00:00:00,370101,2015-10-27 15:29:00,370000,370100
600420,2011-01-10 00:00:00,370102,2015-10-27 15:29:00,370000,370100
600421,2004-06-04 00:00:00,370301,2015-10-27 15:29:00,370000,370300
600421,2013-01-01 00:00:00,510101,2015-10-27 15:29:00,510000,510100
600421,2018-07-13 00:00:00,640102,2019-08-09 15:39:00,640000,640100
600421,2021-07-30 00:00:00,640108,2025-10-15 10:57:00,640000,640100
600422,2000-12-06 00:00:00,370201,2015-10-27 15:29:00,370000,370200
600423,2003-07-14 00:00:00,220301,2015-10-27 15:29:00,220000,220300
600423,2021-07-30 00:00:00,220801,2021-07-31 16:18:00,220000,220800
600423,2024-07-30 12:45:00,220204,2024-07-30 12:45:00,220000,220200
600425,2003-07-21 00:00:00,250102,2015-10-27 15:29:00,250000,250100
600425,2014-02-21 00:00:00,610101,2024-09-27 12:41:00,610000,610100
600426,2002-06-01 00:00:00,220301,2015-10-27 15:29:00,220000,220300
600426,2021-07-30 00:00:00,220205,2022-01-01 15:33:00,220000,220200
600426,2022-07-29 00:00:00,220801,2024-01-19 09:02:00,220000,220800
600428,2002-04-18 00:00:00,420601,2015-10-27 15:29:00,420000,420600
600428,2021-07-30 00:00:00,421101,2025-10-15 10:57:00,420000,421100
600429,2003-09-15 00:00:00,340202,2015-10-27 15:29:00,340000,340200
600429,2011-10-10 00:00:00,340403,2015-10-27 15:29:00,340000,340400
600429,2021-07-30 00:00:00,340702,2025-09-11 10:52:00,340000,340700
600432,2003-09-01 00:00:00,240101,2015-10-27 15:29:00,240000,240100
600432,2008-06-02 00:00:00,240106,2015-10-27 15:29:00,240000,240100
600432,2014-02-21 00:00:00,240504,2024-09-27 12:41:00,240000,240500
600433,2003-06-17 00:00:00,360101,2015-10-27 15:28:00,360000,360100
600433,2021-07-30 00:00:00,360103,2021-07-31 16:18:00,360000,360100
600435,2003-07-01 00:00:00,260201,2015-10-27 15:28:00,260000,260200
600435,2008-10-07 00:00:00,310304,2015-10-27 15:28:00,310000,310300
600435,2014-02-21 00:00:00,650301,2024-09-27 12:41:00,650000,650300
600436,2003-06-16 00:00:00,370201,2015-10-27 15:29:00,370000,370200
600438,2004-03-01 00:00:00,110401,2015-10-27 15:29:00,110000,110400
600438,2019-05-10 00:00:00,630303,2021-03-03 15:31:00,630000,630300
600438,2021-07-30 00:00:00,630501,2025-12-10 10:17:00,630000,630500
600439,2003-07-07 00:00:00,360301,2015-10-27 15:29:00,360000,360300
600439,2008-06-02 00:00:00,360303,2020-09-07 09:17:00,360000,360300
600439,2021-07-30 00:00:00,350303,2021-07-31 16:18:00,350000,350300
600444,2004-02-17 00:00:00,220501,2015-10-27 15:28:00,220000,220500
600444,2017-06-29 00:00:00,640209,2019-08-09 15:39:00,640000,640200
600446,2003-12-19 00:00:00,470301,2015-10-27 15:29:00,470000,470300
600446,2008-06-02 00:00:00,470303,2015-10-27 15:29:00,470000,470300
600446,2014-02-21 00:00:00,710202,2024-09-27 12:41:00,710000,710200
600446,2021-07-30 00:00:00,710301,2022-02-10 14:27:00,710000,710300
600448,2001-09-03 00:00:00,350104,2015-10-27 15:29:00,350000,350100
600449,2003-08-25 00:00:00,250102,2015-10-27 15:29:00,250000,250100
600449,2014-02-21 00:00:00,610101,2024-09-27 12:41:00,610000,610100
600452,2004-03-02 00:00:00,410101,2015-10-27 15:28:00,410000,410100
600452,2018-07-13 00:00:00,410102,2019-03-29 13:18:00,410000,410100
600452,2021-07-30 00:00:00,410110,2025-10-15 10:57:00,410000,410100
600455,2004-03-26 00:00:00,470301,2015-10-27 15:28:00,470000,470300
600455,2008-06-02 00:00:00,470303,2015-10-27 15:28:00,470000,470300
600455,2011-10-10 00:00:00,470302,2015-10-27 15:28:00,470000,470300
600455,2013-07-01 00:00:00,250204,2015-10-27 15:28:00,250000,250200
600455,2014-02-21 00:00:00,620305,2024-09-27 12:41:00,620000,620300
600455,2014-07-01 00:00:00,710201,2015-10-27 15:28:00,710000,710200
600455,2017-06-29 00:00:00,510101,2018-06-20 15:08:00,510000,510100
600455,2018-07-13 00:00:00,720104,2019-08-09 15:38:00,720000,720100
600455,2021-07-30 00:00:00,710401,2021-07-31 16:18:00,710000,710400
600456,2000-04-12 00:00:00,240101,2015-10-27 15:28:00,240000,240100
600456,2008-06-02 00:00:00,240106,2015-10-27 15:28:00,240000,240100
600456,2014-02-21 00:00:00,240504,2024-09-27 12:41:00,240000,240500
600458,2002-12-19 00:00:00,240201,2015-10-27 15:29:00,240000,240200
600458,2008-06-02 00:00:00,220602,2015-10-27 15:29:00,220000,220600
600458,2009-06-01 00:00:00,220701,2015-10-27 15:29:00,220000,220700
600458,2014-01-01 00:00:00,220309,2015-10-27 15:29:00,220000,220300
600458,2021-07-30 00:00:00,630602,2021-07-31 16:18:00,630000,630600
600458,2024-07-30 12:45:00,640501,2025-10-15 10:57:00,640000,640500
600458,2026-07-01 10:24:00,510101,2026-07-01 10:24:00,510000,510100
600459,2003-05-15 00:00:00,240201,2015-10-27 15:28:00,240000,240200
600459,2008-06-02 00:00:00,240106,2015-10-27 15:28:00,240000,240100
600459,2014-02-21 00:00:00,240504,2024-09-27 12:41:00,240000,240500
600460,2003-03-11 00:00:00,270101,2015-10-27 15:29:00,270000,270100
600460,2011-10-10 00:00:00,270302,2015-10-27 15:29:00,270000,270300
600460,2015-10-31 00:00:00,270101,2016-06-23 19:01:00,270000,270100
600460,2021-07-30 00:00:00,270102,2022-03-28 11:47:00,270000,270100
600461,2004-05-31 00:00:00,410401,2015-10-27 15:29:00,410000,410400
600461,2006-09-01 00:00:00,410201,2015-10-27 15:29:00,410000,410200
600461,2021-07-30 00:00:00,760102,2026-04-02 13:26:00,760000,760100
600462,2003-09-01 00:00:00,360101,2015-10-27 15:29:00,360000,360100
600462,2018-06-19 16:13:00,730202,2019-08-09 15:40:00,730000,730200
600462,2021-07-30 00:00:00,730206,2021-07-31 16:18:00,730000,730200
600463,2004-03-08 00:00:00,430101,2015-10-27 15:29:00,430000,430100
600463,2004-04-01 00:00:00,430201,2015-10-27 15:29:00,430000,430200
600463,2021-07-30 00:00:00,430103,2021-07-31 16:18:00,430000,430100
600466,2001-02-12 00:00:00,370201,2015-10-27 15:29:00,370000,370200
600466,2008-06-02 00:00:00,430101,2016-06-23 19:02:00,430000,430100
600467,2004-04-01 00:00:00,110202,2015-10-27 15:29:00,110000,110200
600468,2001-06-12 13:39:00,260102,2015-10-27 15:28:00,260000,260100
600468,2007-07-02 00:00:00,260404,2015-10-27 15:28:00,260000,260400
600468,2014-02-21 00:00:00,630403,2024-09-27 12:41:00,630000,630400
600468,2021-07-30 00:00:00,630802,2025-10-15 10:57:00,630000,630800
600469,2003-10-16 00:00:00,220601,2015-10-27 15:28:00,220000,220600
600469,2021-07-30 00:00:00,280204,2025-01-08 14:36:00,280000,280200
600470,2004-03-02 00:00:00,220302,2015-10-27 15:29:00,220000,220300
600470,2021-07-30 00:00:00,220802,2021-07-31 16:18:00,220000,220800
600472,2005-04-06 00:00:00,240101,2015-10-27 15:28:00,240000,240100
600475,2003-07-17 00:00:00,260403,2015-10-27 15:29:00,260000,260400
600475,2014-02-21 00:00:00,630306,2024-09-27 12:41:00,630000,630300
600475,2021-07-30 00:00:00,630301,2024-01-23 15:04:00,630000,630300
600475,2024-07-30 12:45:00,410104,2026-04-02 13:26:00,410000,410100
600476,2003-12-05 00:00:00,470301,2015-10-27 15:29:00,470000,470300
600476,2008-06-02 00:00:00,470303,2015-10-27 15:29:00,470000,470300
600476,2014-02-21 00:00:00,710202,2024-09-27 12:41:00,710000,710200
600476,2021-07-30 00:00:00,710301,2021-07-31 16:18:00,710000,710300
600477,2003-11-07 00:00:00,260204,2015-10-27 15:29:00,260000,260200
600477,2007-07-02 00:00:00,250201,2015-10-27 15:29:00,250000,250200
600477,2011-10-10 00:00:00,250205,2015-10-27 15:29:00,250000,250200
600477,2014-02-21 00:00:00,620401,2024-09-27 12:41:00,620000,620400
600478,2003-09-15 00:00:00,240201,2015-10-27 15:29:00,240000,240200
600478,2017-06-29 00:00:00,270501,2019-08-09 15:38:00,270000,270500
600478,2021-07-30 00:00:00,630701,2025-10-15 10:57:00,630000,630700
600479,2004-03-10 00:00:00,370201,2015-10-27 15:29:00,370000,370200
600480,2003-08-12 00:00:00,310201,2015-10-27 15:29:00,310000,310200
600480,2014-02-21 00:00:00,280201,2024-09-27 12:41:00,280000,280200
600480,2021-07-30 00:00:00,280205,2025-01-08 14:36:00,280000,280200
600481,2003-04-22 00:00:00,260105,2015-10-27 15:29:00,260000,260100
600481,2008-06-02 00:00:00,220501,2015-10-27 15:29:00,220000,220500
600481,2011-10-10 00:00:00,260105,2015-10-27 15:29:00,260000,260100
600481,2014-02-21 00:00:00,640105,2024-09-27 12:41:00,640000,640100
600481,2023-07-04 00:00:00,630501,2025-10-21 16:53:00,630000,630500
600482,2004-07-13 00:00:00,310201,2015-10-27 15:28:00,310000,310200
600482,2014-02-21 00:00:00,280201,2024-09-27 12:41:00,280000,280200
600482,2017-06-29 00:00:00,630305,2019-02-27 10:21:00,630000,630300
600482,2019-07-09 00:00:00,650401,2021-03-03 15:32:00,650000,650400
600482,2022-07-29 00:00:00,630306,2025-10-15 10:57:00,630000,630300
600483,2004-05-28 00:00:00,350102,2015-10-27 15:28:00,350000,350100
600483,2011-10-10 00:00:00,350106,2015-10-27 15:28:00,350000,350100
600483,2015-07-01 00:00:00,410101,2015-10-27 15:28:00,410000,410100
600483,2021-07-30 00:00:00,410110,2025-10-15 10:57:00,410000,410100
600485,2003-08-04 00:00:00,470301,2015-10-27 15:29:00,470000,470300
600485,2007-07-02 00:00:00,320101,2021-08-13 12:49:00,320000,320100
600485,2008-06-02 00:00:00,320103,2015-10-27 15:29:00,320000,320100
600485,2011-10-10 00:00:00,320104,2015-10-27 15:29:00,320000,320100
600485,2014-02-21 00:00:00,730203,2024-09-27 12:41:00,730000,730200
600485,2021-07-30 00:00:00,730103,2021-07-31 16:18:00,730000,730100
600486,2002-04-01 00:00:00,220303,2015-10-27 15:29:00,220000,220300
600486,2021-07-30 00:00:00,220803,2024-03-20 21:39:00,220000,220800
600487,2003-08-21 00:00:00,320103,2015-10-27 15:29:00,320000,320100
600487,2014-02-21 00:00:00,730202,2024-09-27 12:41:00,730000,730200
600487,2021-07-30 00:00:00,730205,2026-06-01 14:47:00,730000,730200
600488,2001-06-15 09:42:00,370101,2015-10-27 15:29:00,370000,370100
600488,2019-07-24 00:00:00,370102,2020-12-04 14:32:00,370000,370100
600488,2022-07-29 00:00:00,370101,2022-07-29 11:54:00,370000,370100
600489,2003-08-12 00:00:00,240101,2015-10-27 15:29:00,240000,240100
600489,2008-06-02 00:00:00,240105,2015-10-27 15:29:00,240000,240100
600489,2014-02-21 00:00:00,240401,2024-09-27 12:41:00,240000,240400
600490,2003-06-23 00:00:00,220701,2015-10-27 15:29:00,220000,220700
600490,2007-07-02 00:00:00,370101,2015-10-27 15:29:00,370000,370100
600490,2009-10-09 00:00:00,430101,2015-10-27 15:29:00,430000,430100
600490,2011-10-10 00:00:00,240103,2015-10-27 15:29:00,240000,240100
600490,2014-02-21 00:00:00,240302,2024-09-27 12:41:00,240000,240300
600491,2004-05-20 00:00:00,250201,2015-10-27 15:29:00,250000,250200
600491,2011-10-10 00:00:00,250203,2015-10-27 15:29:00,250000,250200
600491,2014-02-21 00:00:00,620101,2024-09-27 12:41:00,620000,620100
600493,2004-04-20 00:00:00,350102,2015-10-27 15:28:00,350000,350100
600495,2004-05-25 00:00:00,310102,2015-10-27 15:29:00,310000,310100
600495,2005-09-01 00:00:00,310303,2015-10-27 15:29:00,310000,310300
600495,2008-06-02 00:00:00,310306,2015-10-27 15:29:00,310000,310300
600495,2014-02-21 00:00:00,640501,2024-09-27 12:41:00,640000,640500
600496,2002-06-05 00:00:00,260203,2015-10-27 15:29:00,260000,260200
600496,2007-07-02 00:00:00,250201,2015-10-27 15:29:00,250000,250200
600496,2011-10-10 00:00:00,250205,2015-10-27 15:29:00,250000,250200
600496,2014-02-21 00:00:00,620401,2024-09-27 12:41:00,620000,620400
600497,2004-04-19 00:00:00,240101,2015-10-27 15:28:00,240000,240100
600497,2008-06-02 00:00:00,240104,2015-10-27 15:28:00,240000,240100
600497,2014-02-21 00:00:00,240303,2024-09-27 12:41:00,240000,240300
600498,2001-07-26 00:00:00,320103,2015-10-27 15:28:00,320000,320100
600498,2014-02-21 00:00:00,730202,2024-09-27 12:41:00,730000,730200
600498,2021-07-30 00:00:00,730204,2025-10-15 10:57:00,730000,730200
600499,2002-10-10 00:00:00,260207,2015-10-27 15:29:00,260000,260200
600499,2014-02-21 00:00:00,640209,2024-09-27 12:41:00,640000,640200
600500,2000-03-01 00:00:00,450201,2015-10-27 15:29:00,450000,450200
600500,2014-01-01 00:00:00,220303,2015-10-27 15:29:00,220000,220300
600500,2018-07-13 00:00:00,220309,2020-03-06 13:55:00,220000,220300
600501,2001-06-15 00:00:00,310104,2015-10-27 15:29:00,310000,310100
600501,2007-07-02 00:00:00,320201,2015-10-27 15:29:00,320000,320200
600501,2011-10-10 00:00:00,260207,2015-10-27 15:29:00,260000,260200
600501,2014-02-21 00:00:00,640209,2024-09-27 12:41:00,640000,640200
600502,2003-04-15 00:00:00,250201,2015-10-27 15:28:00,250000,250200
600502,2011-10-10 00:00:00,250204,2015-10-27 15:28:00,250000,250200
600502,2014-02-21 00:00:00,620303,2024-09-27 12:41:00,620000,620300
600502,2021-07-30 00:00:00,620101,2022-05-05 19:38:00,620000,620100
600502,2022-07-29 00:00:00,620306,2024-05-15 12:41:00,620000,620300
600503,2002-07-09 00:00:00,470301,2015-10-27 15:29:00,470000,470300
600503,2008-06-02 00:00:00,470303,2015-10-27 15:29:00,470000,470300
600503,2009-01-01 00:00:00,430101,2015-10-27 15:29:00,430000,430100
600505,2002-05-30 00:00:00,410102,2015-10-27 15:29:00,410000,410100
600505,2021-07-30 00:00:00,410110,2025-10-15 10:57:00,410000,410100
600506,2001-12-26 00:00:00,110102,2015-10-27 15:29:00,110000,110100
600506,2011-01-10 00:00:00,110103,2015-10-27 15:29:00,110000,110100
600506,2022-07-29 00:00:00,750301,2024-05-27 10:52:00,750000,750300
600507,2003-09-30 00:00:00,310201,2015-10-27 15:28:00,310000,310200
600507,2007-07-02 00:00:00,230101,2015-10-27 15:28:00,230000,230100
600507,2011-01-10 00:00:00,230102,2015-10-27 15:28:00,230000,230100
600507,2021-07-30 00:00:00,230501,2025-01-08 14:36:00,230000,230500
600508,2001-08-29 00:00:00,210201,2015-10-27 15:29:00,210000,210200
600508,2021-07-30 00:00:00,740102,2025-10-15 10:57:00,740000,740100
600509,2002-02-28 00:00:00,410104,2015-10-27 15:29:00,410000,410100
600509,2021-07-30 00:00:00,410101,2025-10-15 10:57:00,410000,410100
600510,2002-06-18 00:00:00,350102,2015-10-27 15:29:00,350000,350100
600510,2019-07-24 00:00:00,430101,2020-12-16 15:10:00,430000,430100
600511,2002-01-12 00:00:00,370401,2015-10-27 15:28:00,370000,370400
600511,2021-07-30 00:00:00,370402,2021-07-31 16:18:00,370000,370400
600512,2002-12-26 00:00:00,250201,2015-10-27 15:29:00,250000,250200
600512,2011-10-10 00:00:00,250204,2015-10-27 15:29:00,250000,250200
600512,2014-02-21 00:00:00,620302,2024-09-27 12:41:00,620000,620300
600512,2021-07-30 00:00:00,620306,2021-07-31 16:18:00,620000,620300
600513,2003-03-19 00:00:00,370102,2015-10-27 15:29:00,370000,370100
600515,2002-08-06 00:00:00,450101,2015-10-27 15:28:00,450000,450100
600515,2014-02-21 00:00:00,450303,2024-09-27 12:41:00,450000,450300
600515,2017-06-29 00:00:00,430101,2020-12-16 15:10:00,430000,430100
600515,2022-07-29 00:00:00,510101,2023-02-20 17:13:00,510000,510100
600515,2023-07-04 00:00:00,430101,2025-10-15 10:57:00,430000,430100
600516,2002-08-30 00:00:00,240201,2015-10-27 15:28:00,240000,240200
600516,2009-06-01 00:00:00,230101,2015-10-27 15:28:00,230000,230100
600516,2011-01-10 00:00:00,240203,2015-10-27 15:28:00,240000,240200
600516,2021-07-30 00:00:00,230302,2025-12-03 08:56:00,230000,230300
600517,2003-10-09 00:00:00,260404,2015-10-27 15:29:00,260000,260400
600517,2014-02-21 00:00:00,630402,2024-09-27 12:41:00,630000,630400
600517,2021-07-30 00:00:00,630801,2021-11-30 13:18:00,630000,630800
600517,2022-07-29 00:00:00,490304,2022-10-11 14:52:00,490000,490300
600518,2001-03-19 00:00:00,370102,2015-10-27 15:29:00,370000,370100
600518,2009-01-15 00:00:00,370201,2015-10-27 15:29:00,370000,370200
600519,2001-07-31 00:00:00,340301,2015-10-27 15:28:00,340000,340300
600519,2021-07-30 00:00:00,340501,2022-05-09 14:01:00,340000,340500
600520,2002-01-08 00:00:00,260106,2015-10-27 15:29:00,260000,260100
600520,2011-10-10 00:00:00,260103,2015-10-27 15:29:00,260000,260100
600520,2014-02-21 00:00:00,640103,2024-09-27 12:41:00,640000,640100
600520,2017-06-29 00:00:00,640209,2019-08-09 15:39:00,640000,640200
600521,2003-03-04 00:00:00,370101,2015-10-27 15:29:00,370000,370100
600521,2019-07-24 00:00:00,370102,2021-03-03 15:32:00,370000,370100
600522,2002-10-24 00:00:00,320103,2015-10-27 15:29:00,320000,320100
600522,2014-02-21 00:00:00,730202,2024-09-27 12:41:00,730000,730200
600522,2021-07-30 00:00:00,730205,2026-06-01 14:47:00,730000,730200
600523,2001-12-27 00:00:00,310201,2015-10-27 15:28:00,310000,310200
600523,2009-06-01 00:00:00,310304,2015-10-27 15:28:00,310000,310300
600523,2013-07-01 00:00:00,310201,2015-10-27 15:28:00,310000,310200
600523,2014-02-21 00:00:00,280201,2024-09-27 12:41:00,280000,280200
600523,2021-07-30 00:00:00,280205,2025-01-08 14:36:00,280000,280200
600525,2002-11-30 00:00:00,240201,2015-10-27 15:28:00,240000,240200
600525,2008-06-02 00:00:00,220701,2015-10-27 15:28:00,220000,220700
600525,2009-06-01 00:00:00,260402,2015-10-27 15:28:00,260000,260400
600525,2011-10-10 00:00:00,260404,2015-10-27 15:28:00,260000,260400
600525,2014-02-21 00:00:00,630201,2024-09-27 12:41:00,630000,630200
600525,2021-07-30 00:00:00,630801,2025-10-15 10:57:00,630000,630800
600526,2002-07-22 00:00:00,410401,2015-10-27 15:28:00,410000,410400
600526,2011-10-10 00:00:00,260209,2015-10-27 15:28:00,260000,260200
600526,2014-02-21 00:00:00,640205,2024-09-27 12:41:00,640000,640200
600526,2021-07-30 00:00:00,760201,2025-10-15 10:57:00,760000,760200
600527,2003-11-25 00:00:00,220401,2015-10-27 15:29:00,220000,220400
600527,2021-07-30 00:00:00,350106,2021-07-31 16:18:00,350000,350100
600528,2001-05-28 00:00:00,250201,2015-10-27 15:29:00,250000,250200
600528,2011-10-10 00:00:00,250204,2015-10-27 15:29:00,250000,250200
600528,2014-02-21 00:00:00,620304,2024-09-27 12:41:00,620000,620300
600528,2019-07-24 00:00:00,640501,2021-03-03 15:18:00,640000,640500
600529,2002-06-03 00:00:00,370501,2015-10-27 15:29:00,370000,370500
600529,2021-07-30 00:00:00,370503,2024-05-09 12:15:00,370000,370500
600530,2001-07-02 00:00:00,370301,2015-10-27 15:29:00,370000,370300
600530,2021-07-30 00:00:00,340407,2021-07-31 16:18:00,340000,340400
600531,2002-07-30 00:00:00,240101,2015-10-27 15:29:00,240000,240100
600531,2008-06-02 00:00:00,240104,2015-10-27 15:29:00,240000,240100
600531,2014-02-21 00:00:00,240303,2024-09-27 12:41:00,240000,240300
600532,2002-10-31 00:00:00,220303,2015-10-27 15:29:00,220000,220300
600532,2011-01-10 00:00:00,210301,2015-10-27 15:29:00,210000,210300
600532,2021-07-30 00:00:00,740101,2021-07-31 16:18:00,740000,740100
600533,2002-03-01 00:00:00,430101,2015-10-27 15:29:00,430000,430100
600535,2002-08-23 00:00:00,370201,2015-10-27 15:29:00,370000,370200
600536,2002-05-01 00:00:00,470301,2015-10-27 15:29:00,470000,470300
600536,2008-06-02 00:00:00,470302,2015-10-27 15:29:00,470000,470300
600536,2014-02-21 00:00:00,710202,2024-09-27 12:41:00,710000,710200
600536,2021-07-30 00:00:00,710301,2021-07-31 16:18:00,710000,710300
600537,2003-01-23 00:00:00,110501,2015-10-27 15:29:00,110000,110500
600537,2010-06-01 00:00:00,260403,2015-10-27 15:29:00,260000,260400
600537,2014-02-21 00:00:00,630303,2024-09-27 12:41:00,630000,630300
600537,2021-07-30 00:00:00,630502,2025-10-15 10:57:00,630000,630500
600538,2003-01-14 00:00:00,370301,2015-10-27 15:28:00,370000,370300
600538,2011-10-10 00:00:00,110801,2015-10-27 15:28:00,110000,110800
600538,2012-01-02 00:00:00,220303,2015-10-27 15:28:00,220000,220300
600538,2017-06-29 00:00:00,370201,2020-12-04 14:32:00,370000,370200
600538,2021-07-30 00:00:00,370402,2021-07-31 16:18:00,370000,370400
600539,2001-08-01 00:00:00,250102,2015-10-27 15:28:00,250000,250100
600539,2014-02-21 00:00:00,610101,2024-09-27 12:41:00,610000,610100
600539,2018-07-13 00:00:00,360303,2019-08-09 15:39:00,360000,360300
600539,2021-07-30 00:00:00,510101,2021-07-31 16:18:00,510000,510100
600539,2022-07-29 00:00:00,450603,2022-07-29 11:54:00,450000,450600
600540,2004-01-02 00:00:00,110103,2015-10-27 15:29:00,110000,110100
600543,2004-03-23 00:00:00,110502,2015-10-27 15:29:00,110000,110500
600543,2008-06-02 00:00:00,340305,2015-10-27 15:29:00,340000,340300
600543,2021-07-30 00:00:00,340602,2021-07-31 16:18:00,340000,340600
600545,2003-11-28 00:00:00,250201,2015-10-27 15:29:00,250000,250200
600545,2011-10-10 00:00:00,250204,2015-10-27 15:29:00,250000,250200
600545,2014-02-21 00:00:00,620305,2024-09-27 12:41:00,620000,620300
600545,2017-12-22 00:00:00,640206,2019-08-09 15:39:00,640000,640200
600546,2003-07-29 00:00:00,250201,2015-10-27 15:29:00,250000,250200
600546,2009-01-09 00:00:00,210201,2015-10-27 15:29:00,210000,210200
600546,2021-07-30 00:00:00,740101,2025-10-15 10:57:00,740000,740100
600547,2003-08-26 00:00:00,240101,2015-10-27 15:29:00,240000,240100
600547,2008-06-02 00:00:00,240105,2015-10-27 15:29:00,240000,240100
600547,2014-02-21 00:00:00,240401,2024-09-27 12:41:00,240000,240400
600548,2001-12-25 00:00:00,420201,2015-10-27 15:29:00,420000,420200
600548,2021-07-30 00:00:00,420901,2025-10-15 10:57:00,420000,420900
600549,2002-11-07 00:00:00,240101,2015-10-27 15:29:00,240000,240100
600549,2008-06-02 00:00:00,240106,2015-10-27 15:29:00,240000,240100
600549,2014-02-21 00:00:00,240502,2024-09-27 12:41:00,240000,240500
600550,2001-02-26 13:04:00,260404,2015-10-27 15:28:00,260000,260400
600550,2014-02-21 00:00:00,630401,2024-09-27 12:41:00,630000,630400
600550,2021-07-30 00:00:00,630801,2025-10-15 10:57:00,630000,630800
600551,2002-09-05 00:00:00,510101,2015-10-27 15:29:00,510000,510100
600551,2009-06-01 00:00:00,470401,2015-10-27 15:29:00,470000,470400
600551,2014-02-21 00:00:00,720101,2024-09-27 12:41:00,720000,720100
600551,2021-07-30 00:00:00,720902,2025-10-15 10:57:00,720000,720900
600552,2002-11-08 00:00:00,250101,2015-10-27 15:28:00,250000,250100
600552,2014-02-21 00:00:00,610201,2024-09-27 12:41:00,610000,610200
600552,2018-07-13 00:00:00,270301,2021-07-22 08:56:00,270000,270300
600553,2002-08-22 00:00:00,250102,2015-10-27 15:29:00,250000,250100
600555,2001-03-28 00:00:00,350201,2015-10-27 15:29:00,350000,350200
600555,2007-07-02 00:00:00,460301,2015-10-27 15:29:00,460000,460300
600555,2008-01-02 00:00:00,430101,2015-10-27 15:29:00,430000,430100
600555,2008-06-02 00:00:00,460301,2015-10-27 15:29:00,460000,460300
600555,2012-01-08 00:00:00,430101,2015-10-27 15:29:00,430000,430100
600555,2018-07-13 00:00:00,460301,2021-05-31 15:08:00,460000,460300
600555,2021-07-30 00:00:00,461004,2021-07-31 16:18:00,460000,461000
600556,2001-08-06 16:36:00,370301,2015-10-27 15:29:00,370000,370300
600556,2013-01-01 00:00:00,510101,2015-10-27 15:29:00,510000,510100
600556,2020-09-07 00:00:00,720201,2021-03-03 15:32:00,720000,720200
600556,2021-07-30 00:00:00,720501,2025-10-15 10:57:00,720000,720500
600557,2002-09-18 00:00:00,370201,2015-10-27 15:29:00,370000,370200
600558,2001-02-26 13:00:00,230201,2015-10-27 15:28:00,230000,230200
600558,2008-06-02 00:00:00,260501,2015-10-27 15:28:00,260000,260500
600558,2014-02-21 00:00:00,640401,2024-09-27 12:41:00,640000,640400
600558,2021-07-30 00:00:00,640108,2025-10-15 10:57:00,640000,640100
600559,2002-10-29 00:00:00,110601,2015-10-27 15:29:00,110000,110600
600559,2009-01-01 00:00:00,340301,2015-10-27 15:29:00,340000,340300
600559,2021-07-30 00:00:00,340501,2024-12-04 10:24:00,340000,340500
600560,2002-09-09 00:00:00,260205,2015-10-27 15:29:00,260000,260200
600560,2014-02-21 00:00:00,640203,2024-09-27 12:41:00,640000,640200
600561,2002-07-16 00:00:00,420301,2015-10-27 15:29:00,420000,420300
600561,2021-07-30 00:00:00,420902,2025-10-15 10:57:00,420000,420900
600562,2003-01-28 00:00:00,250103,2015-10-27 15:28:00,250000,250100
600562,2014-02-21 00:00:00,610303,2024-09-27 12:41:00,610000,610300
600562,2015-11-02 00:00:00,650301,2015-12-31 20:22:00,650000,650300
600562,2021-07-30 00:00:00,650501,2025-10-26 19:48:00,650000,650500
600563,2002-12-10 00:00:00,270201,2015-10-27 15:28:00,270000,270200
600563,2011-10-10 00:00:00,270203,2015-10-27 15:28:00,270000,270200
600565,2002-07-23 00:00:00,310104,2015-10-27 15:28:00,310000,310100
600565,2011-01-10 00:00:00,430101,2015-10-27 15:28:00,430000,430100
600566,2001-08-01 00:00:00,260102,2015-10-27 15:29:00,260000,260100
600566,2014-01-01 00:07:00,370102,2015-11-05 14:02:00,370000,370100
600566,2014-02-21 00:00:00,640102,2024-09-27 12:41:00,640000,640100
600566,2014-07-01 00:00:00,370102,2018-06-20 15:08:00,370000,370100
600566,2018-07-13 00:00:00,370201,2020-02-24 23:01:00,370000,370200
600567,2001-12-18 00:00:00,360101,2015-10-27 15:29:00,360000,360100
600567,2021-07-30 00:00:00,360102,2026-02-26 16:27:00,360000,360100
600568,2001-05-18 00:00:00,370102,2015-10-27 15:29:00,370000,370100
600568,2014-01-01 00:00:00,430101,2015-10-27 15:29:00,430000,430100
600568,2021-07-30 00:00:00,370604,2021-07-31 16:18:00,370000,370600
600569,2001-08-01 00:00:00,230101,2015-10-27 15:28:00,230000,230100
600569,2021-07-30 00:00:00,230402,2025-01-08 14:36:00,230000,230400
600570,2003-12-11 00:00:00,470301,2015-10-27 15:29:00,470000,470300
600570,2008-06-02 00:00:00,470303,2015-10-27 15:29:00,470000,470300
600570,2014-02-21 00:00:00,710201,2024-09-27 12:41:00,710000,710200
600570,2021-07-30 00:00:00,710401,2021-07-31 16:18:00,710000,710400
600571,2002-10-31 00:00:00,470301,2015-10-27 15:29:00,470000,470300
600571,2008-06-02 00:00:00,470303,2015-10-27 15:29:00,470000,470300
600571,2014-02-21 00:00:00,710202,2024-09-27 12:41:00,710000,710200
600571,2021-07-30 00:00:00,710301,2023-04-03 14:29:00,710000,710300
600572,2004-04-09 00:00:00,370201,2015-10-27 15:29:00,370000,370200
600573,2003-02-26 00:00:00,340302,2015-10-27 15:29:00,340000,340300
600573,2021-07-30 00:00:00,340601,2021-07-31 16:18:00,340000,340600
600575,2003-03-28 00:00:00,420101,2015-10-27 15:29:00,420000,420100
600575,2017-05-20 01:33:00,420801,2020-10-19 09:19:00,420000,420800
600575,2021-07-30 00:00:00,420903,2021-07-31 16:18:00,420000,420900
600575,2022-07-29 00:00:00,740101,2025-10-15 10:57:00,740000,740100
600575,2026-07-01 10:24:00,410101,2026-07-01 10:24:00,410000,410100
600576,2003-02-20 00:00:00,460201,2015-10-27 15:29:00,460000,460200
600576,2009-10-09 00:00:00,240106,2015-10-27 15:29:00,240000,240100
600576,2010-06-01 00:00:00,430101,2015-10-27 15:29:00,430000,430100
600576,2013-07-01 00:00:00,510101,2015-10-27 15:29:00,510000,510100
600576,2014-01-01 00:00:00,430101,2015-10-27 15:29:00,430000,430100
600576,2018-06-19 16:12:00,720102,2019-08-09 15:38:00,720000,720100
600576,2021-07-30 00:00:00,720601,2021-07-31 16:18:00,720000,720600
600576,2023-07-04 00:00:00,461003,2025-03-18 18:11:00,460000,461000
600577,2002-09-11 00:00:00,260207,2015-10-27 15:29:00,260000,260200
600577,2011-10-10 00:00:00,260501,2015-10-27 15:29:00,260000,260500
600577,2014-02-21 00:00:00,640401,2024-09-27 12:41:00,640000,640400
600577,2019-07-24 00:00:00,630404,2020-12-04 14:32:00,630000,630400
600577,2021-07-30 00:00:00,630805,2025-10-15 10:57:00,630000,630800
600578,2002-05-01 00:00:00,410104,2015-10-27 15:29:00,410000,410100
600578,2017-06-29 00:00:00,410101,2018-06-20 15:08:00,410000,410100
600579,2002-08-09 00:00:00,220601,2015-10-27 15:29:00,220000,220600
600579,2014-02-21 00:00:00,640209,2024-09-27 12:41:00,640000,640200
600580,2002-06-06 00:00:00,260401,2015-10-27 15:29:00,260000,260400
600580,2014-02-21 00:00:00,630101,2024-09-27 12:41:00,630000,630100
600581,2002-08-16 00:00:00,230101,2015-10-27 15:28:00,230000,230100
600581,2021-07-30 00:00:00,230402,2025-01-08 14:36:00,230000,230400
600582,2002-05-01 00:00:00,260205,2015-10-27 15:29:00,260000,260200
600582,2014-02-21 00:00:00,640203,2024-09-27 12:41:00,640000,640200
600583,2002-02-05 00:00:00,250201,2015-10-27 15:28:00,250000,250200
600583,2011-10-10 00:00:00,210401,2015-10-27 15:28:00,210000,210400
600583,2021-07-30 00:00:00,750202,2026-02-26 16:27:00,750000,750200
600584,2003-06-02 00:00:00,270201,2015-10-27 15:28:00,270000,270200
600584,2008-06-02 00:00:00,270102,2015-10-27 15:28:00,270000,270100
600584,2011-01-10 00:00:00,270101,2015-10-27 15:28:00,270000,270100
600584,2021-07-30 00:00:00,270107,2021-07-31 16:18:00,270000,270100
600585,2002-02-07 00:00:00,250102,2015-10-27 15:28:00,250000,250100
600585,2014-02-21 00:00:00,610101,2024-09-27 12:41:00,610000,610100
600586,2002-08-15 00:00:00,250101,2015-10-27 15:29:00,250000,250100
600586,2014-02-21 00:00:00,610201,2024-09-27 12:41:00,610000,610200
600587,2002-09-27 00:00:00,370501,2015-10-27 15:29:00,370000,370500
600587,2021-07-30 00:00:00,370502,2021-07-31 16:18:00,370000,370500
600588,2001-05-18 00:00:00,470301,2015-10-27 15:29:00,470000,470300
600588,2008-06-02 00:00:00,470302,2015-10-27 15:29:00,470000,470300
600588,2014-02-21 00:00:00,710201,2024-09-27 12:41:00,710000,710200
600588,2021-07-30 00:00:00,710402,2021-07-31 16:18:00,710000,710400
600589,2001-06-12 00:00:00,220701,2015-10-27 15:28:00,220000,220700
600589,2014-01-01 00:00:00,220309,2015-10-27 15:28:00,220000,220300
600589,2021-07-30 00:00:00,220501,2021-07-31 16:18:00,220000,220500
600589,2024-07-23 16:28:00,710301,2025-01-08 14:36:00,710000,710300
600590,2002-07-03 00:00:00,260105,2015-10-27 15:29:00,260000,260100
600590,2007-07-02 00:00:00,320201,2015-10-27 15:29:00,320000,320200
600590,2014-02-21 00:00:00,710101,2024-09-27 12:41:00,710000,710100
600590,2014-07-01 00:00:00,630201,2020-12-04 14:41:00,630000,630200
600590,2021-07-30 00:00:00,630803,2021-11-30 13:18:00,630000,630800
600590,2022-07-29 00:00:00,650501,2025-10-15 10:57:00,650000,650500
600590,2026-07-01 10:24:00,630306,2026-07-01 10:24:00,630000,630300
600591,2002-10-01 00:00:00,420401,2015-10-27 15:28:00,420000,420400
600592,2002-08-05 00:00:00,260102,2015-10-27 15:29:00,260000,260100
600592,2014-02-21 00:00:00,640102,2024-09-27 12:41:00,640000,640100
600592,2021-07-30 00:00:00,640108,2025-10-15 10:57:00,640000,640100
600593,2002-07-11 00:00:00,460101,2015-10-27 15:28:00,460000,460100
600593,2021-07-30 00:00:00,461002,2023-02-20 17:31:00,460000,461000
600594,2004-03-19 00:00:00,370201,2015-10-27 15:29:00,370000,370200
600595,2002-06-26 00:00:00,240101,2015-10-27 15:29:00,240000,240100
600595,2008-06-02 00:00:00,240102,2015-10-27 15:29:00,240000,240100
600595,2014-02-21 00:00:00,240301,2024-09-27 12:41:00,240000,240300
600596,2001-08-06 00:00:00,220303,2015-10-27 15:29:00,220000,220300
600596,2019-07-24 00:00:00,220309,2020-03-06 13:55:00,220000,220300
600596,2021-07-30 00:00:00,220316,2021-07-31 16:18:00,220000,220300
600596,2023-07-04 00:00:00,220803,2026-06-26 10:16:00,220000,220800
600597,2002-08-28 00:00:00,340202,2015-10-27 15:28:00,340000,340200
600597,2011-10-10 00:00:00,340403,2015-10-27 15:28:00,340000,340400
600597,2021-07-30 00:00:00,340702,2025-09-11 10:52:00,340000,340700
600598,2002-03-29 00:00:00,110103,2024-06-14 23:03:00,110000,110100
600598,2011-01-10 00:00:00,110102,2024-06-14 23:03:00,110000,110100
600599,2001-07-31 00:00:00,360301,2015-10-27 15:29:00,360000,360300
600599,2008-06-02 00:00:00,360303,2018-06-20 15:08:00,360000,360300
600599,2018-07-13 00:00:00,490301,2021-03-03 15:37:00,490000,490300
600599,2021-07-30 00:00:00,490302,2021-07-31 16:18:00,490000,490300
600600,1993-08-27 00:00:00,340302,2015-10-27 15:29:00,340000,340300
600600,2021-07-30 00:00:00,340601,2025-09-11 10:52:00,340000,340600
600601,1990-12-19 00:00:00,450101,2015-10-27 15:28:00,450000,450100
600601,2000-09-01 00:00:00,320201,2015-10-27 15:28:00,320000,320200
600601,2014-02-21 00:00:00,710101,2024-09-27 12:41:00,710000,710100
600601,2019-07-24 00:00:00,270202,2019-08-09 15:38:00,270000,270200
600602,1990-12-19 00:00:00,270301,2015-10-27 15:29:00,270000,270300
600602,2018-06-19 16:12:00,710201,2019-08-09 15:39:00,710000,710200
600602,2021-07-30 00:00:00,710401,2021-07-31 16:18:00,710000,710400
600603,1992-01-13 00:00:00,430101,2015-10-27 15:28:00,430000,430100
600603,2011-01-10 00:00:00,510101,2015-10-27 15:28:00,510000,510100
600603,2021-07-30 00:00:00,430101,2025-01-24 16:29:00,430000,430100
600603,2025-08-11 17:30:00,420802,2025-10-15 11:14:00,420000,420800
600604,1992-03-27 00:00:00,260201,2015-10-27 15:29:00,260000,260200
600604,2013-01-01 00:00:00,430201,2015-10-27 15:29:00,430000,430200
600604,2021-07-30 00:00:00,430103,2021-07-31 16:18:00,430000,430100
600605,1992-03-27 00:00:00,260106,2015-10-27 15:29:00,260000,260100
600605,2006-09-01 00:00:00,450201,2015-10-27 15:29:00,450000,450200
600605,2021-07-30 00:00:00,450304,2021-07-31 16:18:00,450000,450300
600606,1992-03-27 00:00:00,430101,2015-10-27 15:29:00,430000,430100
600607,1992-03-27 00:00:00,370201,2015-10-27 15:29:00,370000,370200
600608,1992-03-07 00:00:00,230102,2015-10-27 15:28:00,230000,230100
600608,2001-05-01 00:00:00,320102,2015-10-27 15:28:00,320000,320100
600608,2007-07-02 00:00:00,510101,2015-10-27 15:28:00,510000,510100
600608,2017-05-20 01:33:00,230101,2018-06-20 15:08:00,230000,230100
600608,2018-07-13 00:00:00,450201,2019-08-09 15:40:00,450000,450200
600609,1992-07-24 00:00:00,310101,2015-10-27 15:29:00,310000,310100
600609,2014-02-21 00:00:00,280101,2024-09-27 12:41:00,280000,280100
600609,2019-07-24 00:00:00,280201,2019-08-09 15:39:00,280000,280200
600609,2021-07-30 00:00:00,280202,2025-01-08 14:36:00,280000,280200
600610,1992-08-05 00:00:00,260201,2015-10-27 15:29:00,260000,260200
600610,2014-02-21 00:00:00,640206,2024-09-27 12:41:00,640000,640200
600610,2015-07-01 00:00:00,620501,2019-08-09 15:39:00,620000,620500
600610,2021-07-30 00:00:00,220204,2021-07-31 16:18:00,220000,220200
600611,1992-08-07 00:00:00,420301,2015-10-27 15:28:00,420000,420300
600611,2021-07-30 00:00:00,420902,2025-10-15 10:57:00,420000,420900
600612,1992-08-14 00:00:00,360301,2015-10-27 15:29:00,360000,360300
600612,2008-06-02 00:00:00,360303,2015-10-27 15:29:00,360000,360300
600612,2011-10-10 00:00:00,360304,2021-03-03 15:31:00,360000,360300
600612,2021-07-30 00:00:00,350301,2024-12-04 10:24:00,350000,350300
600613,1992-08-20 00:00:00,370201,2015-10-27 15:29:00,370000,370200
600613,2019-07-24 00:00:00,370102,2020-12-04 14:32:00,370000,370100
600614,1992-08-28 00:00:00,220601,2015-10-27 15:28:00,220000,220600
600614,2006-09-01 00:00:00,510101,2015-10-27 15:28:00,510000,510100
600614,2007-07-02 00:00:00,430101,2015-10-27 15:28:00,430000,430100
600614,2013-01-01 00:00:00,510101,2015-10-27 15:28:00,510000,510100
600614,2015-11-02 00:00:00,240201,2021-01-25 13:36:00,240000,240200
600614,2021-07-30 00:00:00,240504,2021-07-31 16:18:00,240000,240500
600615,1992-06-13 00:00:00,340201,2015-10-27 15:28:00,340000,340200
600615,2001-05-01 00:00:00,220305,2015-10-27 15:28:00,220000,220300
600615,2007-07-02 00:00:00,430101,2015-10-27 15:28:00,430000,430100
600615,2017-06-29 00:00:00,240201,2021-01-25 13:36:00,240000,240200
600615,2021-07-30 00:00:00,240504,2021-07-31 16:18:00,240000,240500
600615,2022-07-29 00:00:00,240301,2025-01-08 14:36:00,240000,240300
600616,1992-09-29 00:00:00,450101,2015-10-27 15:29:00,450000,450100
600616,2005-07-01 00:00:00,340303,2015-10-27 15:29:00,340000,340300
600616,2011-01-10 00:00:00,340306,2015-10-27 15:29:00,340000,340300
600616,2021-07-30 00:00:00,340602,2021-07-31 16:18:00,340000,340600
600617,1992-10-13 00:00:00,220401,2015-10-27 15:28:00,220000,220400
600617,2011-01-10 00:00:00,410301,2015-10-27 15:28:00,410000,410300
600617,2011-10-10 00:00:00,510101,2015-10-27 15:28:00,510000,510100
600617,2014-01-01 00:00:00,410301,2015-10-27 15:28:00,410000,410300
600618,1992-11-13 00:00:00,220202,2015-10-27 15:29:00,220000,220200
600619,1992-11-16 00:00:00,330101,2015-10-27 15:28:00,330000,330100
600619,2011-01-10 00:00:00,330105,2015-10-27 15:28:00,330000,330100
600619,2021-07-30 00:00:00,330601,2021-07-31 16:18:00,330000,330600
600620,1992-11-17 00:00:00,430101,2024-07-29 11:30:00,430000,430100
600620,2007-07-02 00:00:00,510101,2024-07-29 11:30:00,510000,510100
600620,2011-01-10 00:00:00,430101,2024-07-29 11:30:00,430000,430100
600620,2018-06-19 16:12:00,510101,2024-07-29 11:30:00,510000,510100
600621,1992-12-02 00:00:00,270201,2015-10-27 15:29:00,270000,270200
600621,2011-01-10 00:00:00,430101,2015-10-27 15:29:00,430000,430100
600621,2019-07-24 00:00:00,490101,2021-03-03 15:37:00,490000,490100
600622,1992-11-03 00:00:00,510101,2015-10-27 15:29:00,510000,510100
600622,2014-01-01 00:00:00,430101,2015-10-27 15:29:00,430000,430100
600623,1992-12-04 00:00:00,220601,2015-10-27 15:29:00,220000,220600
600623,2019-07-24 00:00:00,220309,2019-08-09 15:39:00,220000,220300
600623,2021-07-30 00:00:00,220205,2021-07-31 16:18:00,220000,220200
600624,1993-01-05 00:00:00,510101,2015-10-27 15:28:00,510000,510100
600624,2021-07-30 00:00:00,370102,2022-10-11 14:53:00,370000,370100
600625,1993-01-06 00:00:00,330103,2015-10-27 15:28:00,330000,330100
600626,1993-01-07 00:00:00,350102,2015-10-27 15:29:00,350000,350100
600626,2011-10-10 00:00:00,350106,2015-10-27 15:29:00,350000,350100
600626,2018-07-13 00:00:00,450201,2018-07-13 11:07:00,450000,450200
600626,2019-07-24 00:00:00,280201,2019-08-09 15:39:00,280000,280200
600626,2021-07-30 00:00:00,280202,2025-01-08 14:36:00,280000,280200
600627,1993-01-18 00:00:00,260404,2015-10-27 15:29:00,260000,260400
600628,1993-01-19 00:00:00,450101,2015-10-27 15:29:00,450000,450100
600628,2014-02-21 00:00:00,450301,2024-09-27 12:41:00,450000,450300
600629,1993-02-09 00:00:00,250101,2015-10-27 15:29:00,250000,250100
600629,2013-07-01 00:00:00,250104,2015-10-27 15:29:00,250000,250100
600629,2014-02-21 00:00:00,610303,2024-09-27 12:41:00,610000,610300
600629,2017-05-26 10:00:00,620402,2019-06-26 09:06:00,620000,620400
600629,2019-07-24 00:00:00,620101,2021-07-01 13:15:00,620000,620100
600629,2021-07-30 00:00:00,620601,2021-08-25 10:04:00,620000,620600
600630,1993-02-09 00:00:00,350201,2015-10-27 15:29:00,350000,350200
600630,2011-10-10 00:00:00,350207,2019-08-09 15:38:00,350000,350200
600630,2021-07-30 00:00:00,350209,2021-07-31 16:18:00,350000,350200
600631,1993-02-19 00:00:00,450101,2015-10-27 15:28:00,450000,450100
600632,1993-02-19 00:00:00,450101,2015-10-27 15:29:00,450000,450100
600633,1993-03-04 00:00:00,330101,2015-10-27 15:29:00,330000,330100
600633,2006-09-01 00:00:00,220304,2015-10-27 15:29:00,220000,220300
600633,2011-10-10 00:00:00,470401,2015-10-27 15:29:00,470000,470400
600633,2014-02-21 00:00:00,720101,2024-09-27 12:41:00,720000,720100
600633,2018-07-13 00:00:00,720302,2019-09-10 17:02:00,720000,720300
600633,2021-07-30 00:00:00,720401,2025-10-15 10:57:00,720000,720400
600634,1992-06-13 00:00:00,270401,2015-10-27 15:29:00,270000,270400
600634,2002-05-01 00:00:00,430101,2015-10-27 15:29:00,430000,430100
600634,2013-01-01 00:00:00,510101,2015-10-27 15:29:00,510000,510100
600634,2018-07-13 00:00:00,720302,2019-08-09 15:38:00,720000,720300
600634,2021-07-30 00:00:00,720401,2021-07-31 16:18:00,720000,720400
600635,1991-08-01 00:00:00,410301,2015-10-27 15:28:00,410000,410300
600635,2009-06-01 00:00:00,440201,2015-10-27 15:28:00,440000,440200
600635,2014-02-21 00:00:00,490301,2024-09-27 12:41:00,490000,490300
600635,2015-01-18 00:08:00,410301,2019-08-09 15:39:00,410000,410300
600636,1993-03-16 00:00:00,220701,2015-10-27 15:29:00,220000,220700
600636,2011-10-10 00:00:00,220311,2015-10-27 15:29:00,220000,220300
600636,2019-07-24 00:00:00,720104,2020-09-30 09:59:00,720000,720100
600636,2021-07-30 00:00:00,461103,2025-01-08 14:36:00,460000,461100
600637,1993-03-16 00:00:00,330201,2015-10-27 15:28:00,330000,330200
600637,2011-10-10 00:00:00,470204,2015-10-27 15:28:00,470000,470200
600637,2014-02-21 00:00:00,720103,2024-09-27 12:41:00,720000,720100
600637,2021-07-30 00:00:00,721001,2025-10-15 10:57:00,720000,721000
600638,1993-03-26 00:00:00,430101,2015-10-27 15:29:00,430000,430100
600639,1993-03-26 00:00:00,430201,2015-10-27 15:29:00,430000,430200
600639,2021-07-30 00:00:00,430103,2025-01-24 16:29:00,430000,430100
600640,1993-04-07 00:00:00,470101,2015-10-27 15:29:00,470000,470100
600640,2012-01-08 00:00:00,460301,2015-10-27 15:29:00,460000,460300
600640,2017-05-22 00:00:00,720302,2019-08-09 15:38:00,720000,720300
600640,2021-07-30 00:00:00,720701,2021-07-31 16:18:00,720000,720700
600640,2022-07-29 00:00:00,720501,2022-07-29 11:54:00,720000,720500
600640,2025-09-26 12:13:00,720706,2025-10-17 14:23:00,720000,720700
600641,1993-04-07 00:00:00,430101,2015-10-27 15:29:00,430000,430100
600641,2026-07-01 10:24:00,270103,2026-07-01 10:24:00,270000,270100
600642,1993-04-16 00:00:00,410101,2015-10-27 15:29:00,410000,410100
600643,1993-04-26 00:00:00,440201,2015-10-27 15:28:00,440000,440200
600643,2014-02-21 00:00:00,490301,2024-09-27 12:41:00,490000,490300
600643,2021-07-30 00:00:00,490302,2021-08-25 10:03:00,490000,490300
600644,1993-04-26 00:00:00,410102,2015-10-27 15:28:00,410000,410100
600644,2021-07-30 00:00:00,410110,2025-10-15 10:57:00,410000,410100
600645,1992-08-18 00:00:00,350104,2015-10-27 15:29:00,350000,350100
600645,2001-09-01 00:00:00,370301,2015-10-27 15:29:00,370000,370300
600645,2021-07-30 00:00:00,370504,2021-07-31 16:18:00,370000,370500
600646,1993-05-04 00:00:00,470201,2015-10-27 15:28:00,470000,470200
600647,1993-05-04 00:00:00,510101,2015-10-27 15:29:00,510000,510100
600647,2011-01-10 00:00:00,430101,2015-10-27 15:29:00,430000,430100
600647,2021-07-30 00:00:00,510101,2021-07-31 16:18:00,510000,510100
600647,2023-07-04 00:00:00,430101,2023-07-04 15:14:00,430000,430100
600648,1993-05-04 00:00:00,430201,2015-10-27 15:29:00,430000,430200
600648,2021-07-30 00:00:00,430103,2021-07-31 16:18:00,430000,430100
600649,1993-05-18 00:00:00,410201,2015-10-27 15:28:00,410000,410200
600649,2010-01-01 00:00:00,430101,2015-10-27 15:28:00,430000,430100
600650,1993-06-07 00:00:00,460201,2015-10-27 15:29:00,460000,460200
600650,2004-04-01 00:00:00,420301,2015-10-27 15:29:00,420000,420300
600650,2021-07-30 00:00:00,420902,2025-10-15 10:57:00,420000,420900
600651,1990-01-01 00:00:00,270401,2024-10-09 12:17:00,270000,270400
600651,2017-06-29 00:00:00,270302,2019-08-09 15:38:00,270000,270300
600651,2024-07-30 12:45:00,280206,2025-01-08 14:36:00,280000,280200
600652,1990-12-19 00:00:00,510101,2015-10-27 15:29:00,510000,510100
600652,2011-01-10 00:00:00,210201,2015-10-27 15:29:00,210000,210200
600652,2018-06-19 16:10:00,720302,2019-08-09 15:38:00,720000,720300
600652,2021-07-30 00:00:00,720401,2021-07-31 16:18:00,720000,720400
600653,1990-12-19 00:00:00,310401,2015-10-27 15:29:00,310000,310400
600653,2014-02-21 00:00:00,280301,2024-09-27 12:41:00,280000,280300
600653,2021-07-30 00:00:00,280302,2025-01-08 14:36:00,280000,280300
600654,1990-12-19 00:00:00,270201,2015-10-27 15:29:00,270000,270200
600654,2011-10-10 00:00:00,270203,2015-10-27 15:29:00,270000,270200
600654,2018-06-19 16:12:00,710201,2019-08-09 15:39:00,710000,710200
600654,2021-07-30 00:00:00,710401,2021-07-31 16:18:00,710000,710400
600655,1992-09-02 00:00:00,450101,2015-10-27 15:29:00,450000,450100
600655,2012-07-02 00:00:00,450102,2015-10-27 15:29:00,450000,450100
600655,2014-02-21 00:00:00,450401,2024-09-27 12:41:00,450000,450400
600655,2021-07-30 00:00:00,450304,2024-12-04 10:24:00,450000,450300
600656,1990-12-19 00:00:00,370103,2015-10-27 15:28:00,370000,370100
600656,2008-06-02 00:00:00,220602,2015-10-27 15:28:00,220000,220600
600656,2011-10-10 00:00:00,510101,2015-10-27 15:28:00,510000,510100
600656,2013-07-01 00:00:00,310401,2015-10-27 15:28:00,310000,310400
600656,2014-01-01 00:07:00,410401,2015-11-05 14:02:00,410000,410400
600656,2014-02-21 00:00:00,280301,2024-09-27 12:41:00,280000,280300
600656,2014-07-01 00:00:00,410401,2015-10-27 15:28:00,410000,410400
600657,1992-12-21 00:00:00,450101,2015-10-27 15:29:00,450000,450100
600657,1999-09-01 00:00:00,470301,2015-10-27 15:29:00,470000,470300
600657,2008-06-02 00:00:00,470303,2015-10-27 15:29:00,470000,470300
600657,2009-01-01 00:00:00,430101,2015-10-27 15:29:00,430000,430100
600658,1993-05-24 00:00:00,320201,2015-10-27 15:28:00,320000,320200
600658,2001-05-01 00:00:00,320103,2015-10-27 15:28:00,320000,320100
600658,2008-06-02 00:00:00,320201,2015-10-27 15:28:00,320000,320200
600658,2010-01-01 00:00:00,430201,2015-10-27 15:28:00,430000,430200
600658,2021-07-30 00:00:00,430103,2021-07-31 16:18:00,430000,430100
600659,1993-05-28 00:00:00,510101,2015-10-27 15:28:00,510000,510100
600660,1993-06-10 00:00:00,250101,2015-10-27 15:28:00,250000,250100
600660,2007-07-02 00:00:00,310201,2015-10-27 15:28:00,310000,310200
600660,2014-02-21 00:00:00,280201,2024-09-27 12:41:00,280000,280200
600660,2021-07-30 00:00:00,280202,2025-12-24 16:24:00,280000,280200
600661,1993-06-14 00:00:00,510101,2015-10-27 15:29:00,510000,510100
600661,2014-02-21 00:00:00,720302,2024-09-27 12:32:00,720000,720300
600661,2018-07-13 00:00:00,720104,2019-08-09 15:38:00,720000,720100
600661,2021-07-30 00:00:00,461102,2021-07-31 16:18:00,460000,461100
600662,1993-06-14 00:00:00,420301,2015-10-27 15:29:00,420000,420300
600662,2021-07-30 00:00:00,420902,2021-07-31 16:18:00,420000,420900
600662,2022-07-29 00:00:00,460801,2022-07-29 11:54:00,460000,460800
600663,1993-06-28 00:00:00,430201,2015-10-27 15:29:00,430000,430200
600663,2021-07-30 00:00:00,430102,2021-07-31 16:18:00,430000,430100
600664,1993-06-29 00:00:00,370103,2015-10-27 15:28:00,370000,370100
600664,2008-01-07 00:00:00,370102,2015-10-27 15:28:00,370000,370100
600664,2008-06-02 00:00:00,370101,2015-10-27 15:28:00,370000,370100
600664,2008-10-07 00:00:00,370102,2015-10-27 15:28:00,370000,370100
600665,1993-07-09 00:00:00,430101,2015-10-27 15:29:00,430000,430100
600666,1993-07-12 00:00:00,370101,2015-10-27 15:28:00,370000,370100
600666,2015-11-02 00:00:00,270301,2016-06-23 19:36:00,270000,270300
600666,2026-07-01 10:24:00,710301,2026-07-01 10:24:00,710000,710300
600667,1993-07-28 00:00:00,220401,2015-10-27 15:29:00,220000,220400
600667,2012-01-02 00:00:00,270101,2015-10-27 15:29:00,270000,270100
600667,2017-06-29 00:00:00,620404,2018-06-20 15:08:00,620000,620400
600667,2018-07-13 00:00:00,270101,2019-08-09 15:38:00,270000,270100
600667,2021-07-30 00:00:00,270107,2021-07-31 16:18:00,270000,270100
600667,2022-07-29 00:00:00,620601,2023-04-25 09:32:00,620000,620600
600668,1993-07-28 00:00:00,250102,2015-10-27 15:29:00,250000,250100
600668,2014-02-21 00:00:00,610101,2024-09-27 12:41:00,610000,610100
600668,2021-07-30 00:00:00,510101,2021-07-31 16:18:00,510000,510100
600668,2022-07-29 00:00:00,610101,2023-12-07 10:03:00,610000,610100
600669,1993-08-06 00:00:00,220401,2015-10-27 15:28:00,220000,220400
600669,2006-09-01 00:00:00,510101,2015-10-27 15:28:00,510000,510100
600670,1993-08-09 00:00:00,370301,2015-10-27 15:28:00,370000,370300
600671,1993-08-23 00:00:00,370201,2015-10-27 15:29:00,370000,370200
600672,1993-09-17 00:00:00,110601,2015-10-27 15:28:00,110000,110600
600673,1993-09-17 00:00:00,230201,2015-10-27 15:28:00,230000,230200
600673,2008-06-02 00:00:00,260501,2015-10-27 15:28:00,260000,260500
600673,2010-06-01 00:00:00,240102,2015-10-27 15:28:00,240000,240100
600673,2014-02-21 00:00:00,240301,2024-09-27 12:41:00,240000,240300
600673,2019-07-24 00:00:00,370102,2020-12-04 14:32:00,370000,370100
600673,2022-07-29 00:00:00,240301,2023-06-26 08:42:00,240000,240300
600673,2023-07-04 00:00:00,510101,2026-03-18 13:48:00,510000,510100
600674,1993-09-24 00:00:00,230102,2015-10-27 15:28:00,230000,230100
600674,2005-07-01 00:00:00,410101,2015-10-27 15:28:00,410000,410100
600674,2011-01-10 00:00:00,410102,2015-10-27 15:28:00,410000,410100
600675,1993-09-24 00:00:00,430101,2015-10-27 15:29:00,430000,430100
600676,1993-09-28 00:00:00,310201,2024-07-29 11:30:00,310000,310200
600676,2006-09-01 00:00:00,420301,2024-07-29 11:30:00,420000,420300
600676,2007-07-02 00:00:00,420801,2024-07-29 11:30:00,420000,420800
600676,2018-06-19 16:12:00,280201,2024-07-29 11:30:00,280000,280200
600676,2021-07-30 00:00:00,510101,2024-07-29 11:30:00,510000,510100
600676,2024-07-30 12:45:00,280303,2024-07-30 12:45:00,280000,280300
600677,1993-09-28 00:00:00,510101,2015-10-27 15:29:00,510000,510100
600677,2008-06-02 00:00:00,310304,2015-10-27 15:29:00,310000,310300
600677,2014-02-21 00:00:00,650101,2024-09-27 12:41:00,650000,650100
600678,1993-10-08 00:00:00,250102,2015-10-27 15:29:00,250000,250100
600678,2013-07-01 00:00:00,250104,2015-10-27 15:29:00,250000,250100
600678,2014-02-21 00:00:00,610303,2024-09-27 12:41:00,610000,610300
600678,2021-07-30 00:00:00,610101,2023-12-07 10:03:00,610000,610100
600679,1993-10-08 00:00:00,310301,2015-10-27 15:29:00,310000,310300
600679,2007-07-02 00:00:00,430201,2015-10-27 15:29:00,430000,430200
600679,2013-07-01 00:00:00,310307,2015-10-27 15:29:00,310000,310300
600679,2014-02-21 00:00:00,280401,2024-09-27 12:41:00,280000,280400
600680,1993-10-18 00:00:00,320101,2015-10-27 15:29:00,320000,320100
600680,2011-10-10 00:00:00,320201,2015-10-27 15:29:00,320000,320200
600680,2014-02-21 00:00:00,710101,2024-09-27 12:41:00,710000,710100
600680,2017-06-29 00:00:00,730201,2019-05-06 15:53:00,730000,730200
600681,1993-10-18 00:00:00,470401,2015-10-27 15:29:00,470000,470400
600681,2007-07-02 00:00:00,360201,2015-10-27 15:29:00,360000,360200
600681,2012-07-02 00:00:00,250202,2015-10-27 15:29:00,250000,250200
600681,2014-02-21 00:00:00,620201,2024-09-27 12:41:00,620000,620200
600681,2017-05-26 09:59:00,410301,2019-03-01 13:01:00,410000,410300
600682,1993-10-18 00:00:00,450101,2024-07-29 11:30:00,450000,450100
600682,2014-02-21 00:00:00,450301,2024-09-27 12:41:00,450000,450300
600682,2020-06-10 00:00:00,370301,2024-07-29 11:30:00,370000,370300
600682,2021-07-30 00:00:00,370304,2024-07-29 11:30:00,370000,370300
600682,2023-07-04 00:00:00,510101,2024-07-29 11:30:00,510000,510100
600683,1993-10-25 00:00:00,450101,2015-10-27 15:29:00,450000,450100
600683,2010-06-01 00:00:00,450103,2015-10-27 15:29:00,450000,450100
600683,2011-01-10 00:00:00,430101,2015-10-27 15:29:00,430000,430100
600684,1993-10-28 00:00:00,430101,2015-10-27 15:29:00,430000,430100
600684,2024-03-01 00:00:00,430303,2024-03-01 13:26:00,430000,430300
600685,1993-10-28 00:00:00,310303,2015-10-27 15:29:00,310000,310300
600685,2008-06-02 00:00:00,310305,2015-10-27 15:29:00,310000,310300
600685,2014-02-21 00:00:00,650401,2024-09-27 12:41:00,650000,650400
600686,1993-11-08 00:00:00,310103,2015-10-27 15:29:00,310000,310100
600686,2014-02-21 00:00:00,280103,2024-09-27 12:41:00,280000,280100
600686,2021-07-30 00:00:00,280602,2025-01-08 14:36:00,280000,280600
600687,1992-06-21 00:00:00,430101,2015-10-27 15:28:00,430000,430100
600687,2001-05-01 00:00:00,470301,2015-10-27 15:28:00,470000,470300
600687,2008-06-02 00:00:00,470303,2015-10-27 15:28:00,470000,470300
600687,2009-06-01 00:00:00,430101,2015-10-27 15:28:00,430000,430100
600687,2013-07-01 00:00:00,240105,2015-10-27 15:28:00,240000,240100
600687,2014-02-21 00:00:00,240401,2024-09-27 12:41:00,240000,240400
600688,1993-11-08 00:00:00,220101,2015-10-27 15:29:00,220000,220100
600688,2021-07-30 00:00:00,750301,2025-09-11 15:39:00,750000,750300
600689,1993-11-08 00:00:00,350101,2024-07-29 11:30:00,350000,350100
600689,2021-07-30 00:00:00,350106,2024-07-29 11:30:00,350000,350100
600689,2022-07-29 00:00:00,510101,2024-07-29 11:30:00,510000,510100
600690,1993-11-19 00:00:00,330102,2015-10-27 15:29:00,330000,330100
600690,2011-01-10 00:00:00,330101,2015-10-27 15:29:00,330000,330100
600690,2021-07-30 00:00:00,330106,2021-07-31 16:18:00,330000,330100
600691,1993-11-19 00:00:00,510101,2015-10-27 15:28:00,510000,510100
600691,2013-01-01 00:00:00,220301,2015-10-27 15:28:00,220000,220300
600691,2021-07-30 00:00:00,220801,2021-07-31 16:18:00,220000,220800
600692,1993-11-19 00:00:00,420601,2015-10-27 15:29:00,420000,420600
600692,2018-07-13 00:00:00,430101,2020-12-16 15:10:00,430000,430100
600693,1993-11-22 00:00:00,450101,2015-10-27 15:28:00,450000,450100
600693,2014-02-21 00:00:00,450301,2024-09-27 12:41:00,450000,450300
600694,1993-11-22 00:00:00,450101,2015-10-27 15:28:00,450000,450100
600694,2014-02-21 00:00:00,450303,2024-09-27 12:41:00,450000,450300
600695,1993-11-22 00:00:00,110401,2015-10-27 15:29:00,110000,110400
600695,2011-10-10 00:00:00,110701,2018-06-20 15:08:00,110000,110700
600695,2018-07-13 00:00:00,490301,2021-03-03 15:37:00,490000,490300
600695,2021-07-30 00:00:00,490307,2021-07-31 16:18:00,490000,490300
600696,1993-10-13 00:00:00,250104,2015-10-27 15:29:00,250000,250100
600696,2002-05-01 00:00:00,430101,2015-10-27 15:29:00,430000,430100
600696,2019-07-24 00:00:00,490301,2021-03-03 15:37:00,490000,490300
600696,2021-07-30 00:00:00,510101,2021-07-31 16:18:00,510000,510100
600696,2022-07-29 00:00:00,340501,2022-07-29 11:54:00,340000,340500
600697,1993-12-06 00:00:00,450101,2015-10-27 15:29:00,450000,450100
600697,2014-02-21 00:00:00,450303,2024-09-27 12:41:00,450000,450300
600698,1993-12-06 00:00:00,310301,2015-10-27 15:29:00,310000,310300
600698,2013-07-01 00:00:00,310201,2015-10-27 15:29:00,310000,310200
600698,2014-02-21 00:00:00,280201,2024-09-27 12:41:00,280000,280200
600698,2021-07-30 00:00:00,280203,2025-01-08 14:36:00,280000,280200
600699,1993-12-06 00:00:00,220401,2015-10-27 15:29:00,220000,220400
600699,2012-10-08 00:00:00,310201,2015-10-27 15:29:00,310000,310200
600699,2014-02-21 00:00:00,280201,2024-09-27 12:41:00,280000,280200
600699,2021-07-30 00:00:00,280206,2026-02-26 16:27:00,280000,280200
600700,1996-04-30 00:00:00,510101,2015-10-27 15:28:00,510000,510100
600701,1996-05-28 00:00:00,510101,2015-10-27 15:28:00,510000,510100
600701,2017-06-29 00:00:00,710201,2019-08-09 15:39:00,710000,710200
600702,1996-05-24 00:00:00,340301,2015-10-27 15:29:00,340000,340300
600702,2021-07-30 00:00:00,340501,2022-05-09 14:00:00,340000,340500
600703,1996-05-28 00:00:00,110502,2015-10-27 15:29:00,110000,110500
600703,2009-06-01 00:00:00,270102,2015-10-27 15:29:00,270000,270100
600703,2011-10-10 00:00:00,270302,2015-10-27 15:29:00,270000,270300
600704,1996-06-06 00:00:00,450201,2015-10-27 15:29:00,450000,450200
600704,2012-07-02 00:00:00,450102,2015-10-27 15:29:00,450000,450100
600704,2014-02-21 00:00:00,450401,2024-09-27 12:41:00,450000,450400
600704,2017-06-29 00:00:00,510101,2018-06-26 11:13:00,510000,510100
600704,2019-07-24 00:00:00,420801,2021-03-03 15:31:00,420000,420800
600704,2021-07-30 00:00:00,420802,2025-10-15 10:57:00,420000,420800
600705,1996-05-16 00:00:00,420701,2015-10-27 15:29:00,420000,420700
600705,2013-07-01 00:00:00,440201,2015-10-27 15:29:00,440000,440200
600705,2014-02-21 00:00:00,490301,2024-09-27 12:41:00,490000,490300
600705,2021-07-30 00:00:00,490302,2024-04-01 15:27:00,490000,490300
600706,1996-05-16 00:00:00,510101,2015-10-27 15:29:00,510000,510100
600706,2008-06-02 00:00:00,370601,2015-10-27 15:29:00,370000,370600
600706,2013-01-01 00:00:00,460301,2015-10-27 15:29:00,460000,460300
600706,2021-07-30 00:00:00,461002,2022-02-08 15:57:00,460000,461000
600707,1996-05-20 00:00:00,270301,2015-10-27 15:28:00,270000,270300
600708,1996-06-06 00:00:00,420301,2015-10-27 15:28:00,420000,420300
600708,2014-01-01 00:00:00,510101,2015-10-27 15:28:00,510000,510100
600708,2015-11-03 00:00:00,430101,2020-12-16 15:10:00,430000,430100
600709,1996-06-18 00:00:00,110202,2015-10-27 15:28:00,110000,110200
600710,1996-07-01 00:00:00,260202,2015-10-27 15:28:00,260000,260200
600710,2014-02-21 00:00:00,640201,2024-09-27 12:41:00,640000,640200
600710,2018-07-13 00:00:00,450201,2020-02-28 12:54:00,450000,450200
600711,1996-05-31 00:00:00,330105,2015-10-27 15:29:00,330000,330100
600711,2007-07-02 00:00:00,320201,2015-10-27 15:29:00,320000,320200
600711,2012-07-02 00:00:00,240103,2015-10-27 15:29:00,240000,240100
600711,2014-02-21 00:00:00,240302,2024-09-27 12:41:00,240000,240300
600711,2019-07-24 00:00:00,240504,2021-01-25 13:36:00,240000,240500
600711,2021-07-30 00:00:00,240601,2025-01-08 14:36:00,240000,240600
600711,2026-07-01 10:24:00,240302,2026-07-01 10:24:00,240000,240300
600712,1996-06-26 00:00:00,450101,2015-10-27 15:29:00,450000,450100
600712,2014-02-21 00:00:00,450301,2024-09-27 12:41:00,450000,450300
600713,1996-07-01 00:00:00,370401,2015-10-27 15:29:00,370000,370400
600713,2021-07-30 00:00:00,370402,2021-07-31 16:18:00,370000,370400
600714,1996-06-06 00:00:00,230102,2015-10-27 15:29:00,230000,230100
600714,2007-07-02 00:00:00,220203,2015-10-27 15:29:00,220000,220200
600714,2009-06-01 00:00:00,240106,2015-10-27 15:29:00,240000,240100
600714,2011-01-10 00:00:00,210201,2015-10-27 15:29:00,210000,210200
600714,2017-06-29 00:00:00,220203,2019-08-09 15:39:00,220000,220200
600715,1996-07-01 00:00:00,310103,2015-10-27 15:28:00,310000,310100
600715,2007-07-02 00:00:00,310201,2015-10-27 15:28:00,310000,310200
600715,2014-02-21 00:00:00,280201,2024-09-27 12:41:00,280000,280200
600715,2015-07-01 00:00:00,720102,2015-10-27 15:28:00,720000,720100
600715,2015-10-31 00:00:00,280201,2015-10-30 14:49:00,280000,280200
600715,2018-06-20 14:49:00,720102,2019-08-09 15:38:00,720000,720100
600715,2021-07-30 00:00:00,720401,2025-10-15 10:57:00,720000,720400
600716,1996-07-02 00:00:00,250101,2015-10-27 15:28:00,250000,250100
600716,2010-01-01 00:00:00,430101,2015-10-27 15:28:00,430000,430100
600717,1996-06-14 00:00:00,420101,2015-10-27 15:29:00,420000,420100
600717,2021-07-30 00:00:00,421102,2025-10-15 10:57:00,420000,421100
600718,1996-06-18 00:00:00,470301,2015-10-27 15:28:00,470000,470300
600718,2008-06-02 00:00:00,470302,2015-10-27 15:28:00,470000,470300
600718,2014-02-21 00:00:00,710202,2024-09-27 12:41:00,710000,710200
600718,2021-07-30 00:00:00,710301,2021-07-31 16:18:00,710000,710300
600719,1996-07-16 00:00:00,410104,2015-10-27 15:28:00,410000,410100
600720,1996-07-16 00:00:00,250102,2015-10-27 15:29:00,250000,250100
600720,2014-02-21 00:00:00,610101,2024-09-27 12:41:00,610000,610100
600720,2024-01-19 00:00:00,620601,2024-01-19 10:48:00,620000,620600
600721,1996-06-26 00:00:00,450101,2015-10-27 15:28:00,450000,450100
600721,2008-06-02 00:00:00,460401,2015-10-27 15:28:00,460000,460400
600721,2011-01-10 00:00:00,210202,2015-10-27 15:28:00,210000,210200
600721,2017-05-26 10:00:00,370601,2020-12-04 14:32:00,370000,370600
600721,2021-07-30 00:00:00,370603,2021-07-31 16:18:00,370000,370600
600722,1996-06-26 00:00:00,220202,2015-10-27 15:28:00,220000,220200
600722,2017-06-29 00:00:00,220204,2019-08-09 15:39:00,220000,220200
600722,2021-07-30 00:00:00,220202,2021-07-31 16:18:00,220000,220200
600722,2022-07-29 00:00:00,220205,2022-07-29 11:54:00,220000,220200
600723,1996-07-16 00:00:00,450101,2015-10-27 15:29:00,450000,450100
600723,2014-02-21 00:00:00,450301,2024-09-27 12:41:00,450000,450300
600724,1996-07-16 00:00:00,330104,2015-10-27 15:29:00,330000,330100
600724,2007-07-02 00:00:00,510101,2015-10-27 15:29:00,510000,510100
600724,2013-01-01 00:00:00,430101,2015-10-27 15:29:00,430000,430100
600724,2021-07-30 00:00:00,610101,2021-08-04 10:40:00,610000,610100
600724,2024-07-30 12:45:00,430302,2025-01-08 14:36:00,430000,430300
600725,1996-07-02 00:00:00,220402,2015-10-27 15:29:00,220000,220400
600725,2017-06-29 00:00:00,210202,2019-08-09 15:38:00,210000,210200
600725,2021-07-30 00:00:00,740201,2025-10-15 10:57:00,740000,740200
600726,1996-07-01 00:00:00,410101,2015-10-27 15:29:00,410000,410100
600727,1996-07-02 00:00:00,220302,2015-10-27 15:29:00,220000,220300
600727,2021-07-30 00:00:00,220206,2021-07-31 16:18:00,220000,220200
600728,1996-06-28 00:00:00,110201,2015-10-27 15:29:00,110000,110200
600728,2000-09-01 00:00:00,470301,2015-10-27 15:29:00,470000,470300
600728,2008-06-02 00:00:00,470303,2015-10-27 15:29:00,470000,470300
600728,2011-10-10 00:00:00,470302,2015-10-27 15:29:00,470000,470300
600728,2014-02-21 00:00:00,710202,2024-09-27 12:41:00,710000,710200
600728,2021-07-30 00:00:00,710301,2021-07-31 16:18:00,710000,710300
600729,1996-07-02 00:00:00,450101,2015-10-27 15:29:00,450000,450100
600729,2014-02-21 00:00:00,450303,2024-09-27 12:41:00,450000,450300
600730,1996-07-26 00:00:00,510101,2015-10-27 15:29:00,510000,510100
600730,2021-07-30 00:00:00,461102,2022-10-11 14:53:00,460000,461100
600731,1996-08-02 00:00:00,220303,2015-10-27 15:29:00,220000,220300
600731,2021-07-30 00:00:00,220803,2021-07-31 16:18:00,220000,220800
600732,1996-08-16 00:00:00,260204,2015-10-27 15:28:00,260000,260200
600732,2005-07-01 00:00:00,430101,2015-10-27 15:28:00,430000,430100
600732,2020-12-18 00:00:00,630303,2021-03-03 15:31:00,630000,630300
600732,2021-07-30 00:00:00,630502,2025-10-15 10:57:00,630000,630500
600733,1996-07-23 00:00:00,330105,2015-10-27 15:28:00,330000,330100
600733,2001-05-01 00:00:00,320103,2015-10-27 15:28:00,320000,320100
600733,2007-07-02 00:00:00,440301,2015-10-27 15:28:00,440000,440300
600733,2013-01-01 00:00:00,510101,2015-10-27 15:28:00,510000,510100
600733,2015-01-18 00:08:00,430101,2018-07-04 10:41:00,430000,430100
600733,2018-07-13 00:00:00,280101,2021-03-03 15:32:00,280000,280100
600733,2021-07-30 00:00:00,280502,2021-07-31 16:18:00,280000,280500
600733,2022-07-29 00:00:00,280501,2025-01-24 16:29:00,280000,280500
600734,1996-08-08 00:00:00,320201,2015-10-27 15:29:00,320000,320200
600734,2009-01-01 00:00:00,430101,2015-10-27 15:29:00,430000,430100
600734,2017-06-29 00:00:00,730201,2019-08-09 15:40:00,730000,730200
600734,2021-07-30 00:00:00,730206,2026-06-01 14:47:00,730000,730200
600735,1996-07-26 00:00:00,340301,2015-10-27 15:29:00,340000,340300
600735,2009-06-01 00:00:00,350102,2015-10-27 15:29:00,350000,350100
600735,2011-10-10 00:00:00,450201,2019-07-23 16:47:00,450000,450200
600735,2019-07-24 00:00:00,360303,2020-03-06 13:55:00,360000,360300
600735,2021-07-30 00:00:00,350303,2021-07-31 16:18:00,350000,350300
600736,1996-08-15 00:00:00,430201,2015-10-27 15:29:00,430000,430200
600736,2008-01-02 00:00:00,430101,2015-10-27 15:29:00,430000,430100
600737,1996-07-04 00:00:00,250102,2015-10-27 15:29:00,250000,250100
600737,2001-09-01 00:00:00,340304,2015-10-27 15:29:00,340000,340300
600737,2007-07-02 00:00:00,110501,2015-10-27 15:29:00,110000,110500
600737,2017-06-29 00:00:00,110504,2020-02-24 23:01:00,110000,110500
600738,1996-08-02 00:00:00,450101,2015-10-27 15:29:00,450000,450100
600738,2012-07-02 00:00:00,450103,2015-10-27 15:29:00,450000,450100
600738,2014-02-21 00:00:00,450502,2024-09-27 12:41:00,450000,450500
600738,2021-07-30 00:00:00,450301,2021-07-31 16:18:00,450000,450300
600738,2026-07-01 10:24:00,450304,2026-07-01 10:24:00,450000,450300
600739,1996-08-19 00:00:00,450201,2015-10-27 15:29:00,450000,450200
600739,2007-07-02 00:00:00,440301,2015-10-27 15:29:00,440000,440300
600739,2014-02-21 00:00:00,490101,2024-09-27 12:41:00,490000,490100
600739,2014-07-01 00:00:00,450201,2015-10-27 15:29:00,450000,450200
600739,2019-07-24 00:00:00,370301,2020-12-04 14:32:00,370000,370300
600739,2021-07-30 00:00:00,370303,2021-07-31 16:18:00,370000,370300
600740,1996-08-08 00:00:00,210202,2015-10-27 15:29:00,210000,210200
600740,2021-07-30 00:00:00,740201,2025-10-15 10:57:00,740000,740200
600741,1996-08-26 00:00:00,420301,2015-10-27 15:29:00,420000,420300
600741,2009-06-01 00:00:00,310201,2015-10-27 15:29:00,310000,310200
600741,2014-02-21 00:00:00,280201,2024-09-27 12:41:00,280000,280200
600741,2021-07-30 00:00:00,280202,2026-02-26 16:27:00,280000,280200
600742,1996-08-26 00:00:00,310201,2015-10-27 15:29:00,310000,310200
600742,2014-02-21 00:00:00,280201,2024-09-27 12:41:00,280000,280200
600742,2021-07-30 00:00:00,280202,2025-01-08 14:36:00,280000,280200
600743,1996-09-09 00:00:00,350201,2015-10-27 15:29:00,350000,350200
600743,2005-07-01 00:00:00,240101,2015-10-27 15:29:00,240000,240100
600743,2007-07-02 00:00:00,430101,2015-10-27 15:29:00,430000,430100
600743,2026-07-01 10:24:00,430301,2026-07-01 10:24:00,430000,430300
600744,1996-09-05 00:00:00,410101,2015-10-27 15:29:00,410000,410100
600745,1996-08-28 00:00:00,350201,2015-10-27 15:29:00,350000,350200
600745,2010-01-01 00:00:00,430101,2015-10-27 15:29:00,430000,430100
600745,2017-06-29 00:00:00,730201,2017-10-20 12:46:00,730000,730200
600745,2017-11-06 00:00:00,270502,2021-03-03 15:32:00,270000,270500
600745,2021-07-30 00:00:00,270504,2021-07-31 16:18:00,270000,270500
600745,2022-07-29 00:00:00,270102,2023-04-25 09:32:00,270000,270100
600746,1996-09-18 00:00:00,220202,2015-10-27 15:29:00,220000,220200
600746,2011-01-10 00:00:00,220309,2015-10-27 15:29:00,220000,220300
600746,2021-07-30 00:00:00,220205,2021-07-31 16:18:00,220000,220200
600747,1996-09-16 00:00:00,270301,2015-10-27 15:28:00,270000,270300
600747,2008-06-02 00:00:00,440201,2015-10-27 15:28:00,440000,440200
600747,2014-02-21 00:00:00,490301,2024-09-27 12:41:00,490000,490300
600747,2017-06-29 00:00:00,510101,2019-08-09 15:40:00,510000,510100
600748,1996-09-05 00:00:00,230101,2015-10-27 15:29:00,230000,230100
600748,2003-05-01 00:00:00,430101,2017-05-26 10:00:00,430000,430100
600749,1996-10-15 00:00:00,460301,2015-10-27 15:29:00,460000,460300
600749,2019-07-24 00:00:00,460102,2021-05-31 15:08:00,460000,460100
600749,2021-07-30 00:00:00,461003,2021-07-31 16:18:00,460000,461000
600750,1996-08-29 00:00:00,370201,2015-10-27 15:29:00,370000,370200
600751,1996-09-09 00:00:00,420601,2015-10-27 15:29:00,420000,420600
600751,2018-07-13 00:00:00,270401,2019-08-09 15:38:00,270000,270400
600751,2024-07-30 12:45:00,421101,2025-01-08 14:36:00,420000,421100
600752,1996-09-25 00:00:00,370501,2015-10-27 15:28:00,370000,370500
600753,1996-09-27 00:00:00,330101,2015-10-27 15:28:00,330000,330100
600753,2007-07-02 00:00:00,430101,2015-10-27 15:28:00,430000,430100
600753,2018-06-19 16:13:00,610303,2018-06-20 15:08:00,610000,610300
600753,2018-07-13 00:00:00,450201,2019-08-09 15:40:00,450000,450200
600753,2021-07-30 00:00:00,420802,2025-10-15 10:57:00,420000,420800
600754,1996-10-11 00:00:00,460201,2015-10-27 15:29:00,460000,460200
600754,2021-07-30 00:00:00,460901,2024-01-23 17:12:00,460000,460900
600755,1996-10-03 00:00:00,450201,2015-10-27 15:29:00,450000,450200
600755,2021-07-30 00:00:00,420802,2025-10-15 10:57:00,420000,420800
600756,1996-08-20 00:00:00,460201,2015-10-27 15:29:00,460000,460200
600756,2001-09-01 00:00:00,470301,2015-10-27 15:29:00,470000,470300
600756,2008-06-02 00:00:00,470302,2015-10-27 15:29:00,470000,470300
600756,2014-02-21 00:00:00,710202,2024-09-27 12:31:00,710000,710200
600756,2021-07-30 00:00:00,710301,2021-07-31 16:18:00,710000,710300
600757,1996-10-03 00:00:00,350102,2015-10-27 15:28:00,350000,350100
600757,2011-10-10 00:00:00,470401,2015-10-27 15:28:00,470000,470400
600757,2014-02-21 00:00:00,720101,2024-09-27 12:41:00,720000,720100
600757,2021-07-30 00:00:00,720901,2025-10-15 10:57:00,720000,720900
600758,1996-10-29 00:00:00,250201,2015-10-27 15:29:00,250000,250200
600758,2007-07-02 00:00:00,410104,2015-10-27 15:29:00,410000,410100
600758,2017-06-29 00:00:00,210201,2019-08-09 15:38:00,210000,210200
600758,2021-07-30 00:00:00,740102,2025-10-15 10:57:00,740000,740100
600759,1996-10-08 00:00:00,430101,2015-10-27 15:29:00,430000,430100
600759,2007-07-02 00:00:00,510101,2015-10-27 15:29:00,510000,510100
600759,2011-01-10 00:00:00,430101,2015-10-27 15:29:00,430000,430100
600759,2015-07-01 00:00:00,210101,2015-10-27 15:29:00,210000,210100
600759,2021-07-30 00:00:00,750101,2021-07-31 16:18:00,750000,750100
600760,1996-10-11 00:00:00,310302,2015-10-27 15:29:00,310000,310300
600760,2011-10-10 00:00:00,310304,2015-10-27 15:29:00,310000,310300
600760,2014-02-21 00:00:00,650301,2024-09-27 12:41:00,650000,650300
600760,2018-07-13 00:00:00,650201,2021-03-03 15:32:00,650000,650200
600761,1996-10-09 00:00:00,260202,2024-06-25 14:41:00,260000,260200
600761,2014-02-21 00:00:00,640201,2024-09-27 12:41:00,640000,640200
600761,2021-07-30 00:00:00,640601,2025-10-15 10:57:00,640000,640600
600762,1996-10-25 00:00:00,110102,2015-10-27 15:28:00,110000,110100
600762,2007-07-02 00:00:00,210301,2015-10-27 15:28:00,210000,210300
600763,1996-10-21 00:00:00,350201,2015-10-27 15:29:00,350000,350200
600763,2001-05-01 00:00:00,220404,2015-10-27 15:29:00,220000,220400
600763,2008-06-02 00:00:00,370601,2015-10-27 15:29:00,370000,370600
600763,2021-07-30 00:00:00,370604,2021-07-31 16:18:00,370000,370600
600764,1996-11-04 00:00:00,220101,2015-10-27 15:29:00,220000,220100
600764,2006-06-05 00:00:00,470204,2015-10-27 15:29:00,470000,470200
600764,2011-10-10 00:00:00,320201,2015-10-27 15:29:00,320000,320200
600764,2014-02-21 00:00:00,710101,2024-09-27 12:41:00,710000,710100
600764,2018-07-13 00:00:00,650301,2019-08-09 15:39:00,650000,650300
600764,2021-07-30 00:00:00,650401,2025-10-15 10:57:00,650000,650400
600765,1996-11-06 00:00:00,260102,2015-10-27 15:29:00,260000,260100
600765,2014-02-21 00:00:00,640102,2024-09-27 12:41:00,640000,640100
600765,2019-07-24 00:00:00,650201,2021-03-03 15:32:00,650000,650200
600766,1996-10-28 00:00:00,450101,2015-10-27 15:29:00,450000,450100
600766,2007-07-02 00:00:00,430101,2015-10-27 15:29:00,430000,430100
600766,2013-07-01 00:00:00,240105,2015-10-27 15:29:00,240000,240100
600766,2014-02-21 00:00:00,240401,2024-09-27 12:41:00,240000,240400
600766,2022-07-29 00:00:00,510101,2022-07-29 11:54:00,510000,510100
600767,1996-11-15 00:00:00,430201,2015-10-27 15:29:00,430000,430200
600767,2003-09-30 00:00:00,430101,2015-10-27 15:29:00,430000,430100
600767,2018-06-19 16:13:00,370601,2020-12-04 14:32:00,370000,370600
600767,2021-07-30 00:00:00,370402,2021-07-31 16:18:00,370000,370400
600767,2022-07-29 00:00:00,710301,2022-07-29 11:54:00,710000,710300
600768,1996-11-11 00:00:00,240101,2015-10-27 15:29:00,240000,240100
600768,2008-06-02 00:00:00,240102,2015-10-27 15:29:00,240000,240100
600768,2014-02-21 00:00:00,240301,2024-09-27 12:41:00,240000,240300
600769,1996-11-01 00:00:00,220202,2015-10-27 15:29:00,220000,220200
600769,2014-01-01 00:00:00,410201,2015-10-27 15:29:00,410000,410200
600769,2017-06-29 00:00:00,510101,2018-06-20 15:08:00,510000,510100
600769,2018-07-13 00:00:00,620101,2019-08-09 15:39:00,620000,620100
600769,2021-07-30 00:00:00,760102,2025-10-15 10:57:00,760000,760100
600770,1996-11-20 00:00:00,470203,2024-07-29 11:30:00,470000,470200
600770,2009-06-01 00:00:00,470201,2024-07-29 11:30:00,470000,470200
600770,2011-01-10 00:00:00,510101,2024-07-29 11:30:00,510000,510100
600771,1996-11-05 00:00:00,370102,2015-10-27 15:28:00,370000,370100
600771,2017-06-29 00:00:00,370201,2020-12-04 14:32:00,370000,370200
600772,1996-11-04 00:00:00,220103,2015-10-27 15:28:00,220000,220100
600773,1996-11-08 00:00:00,370201,2015-10-27 15:29:00,370000,370200
600773,2010-01-01 00:00:00,430101,2015-10-27 15:29:00,430000,430100
600774,1996-11-08 00:00:00,450101,2015-10-27 15:29:00,450000,450100
600774,2014-02-21 00:00:00,450303,2024-09-27 12:41:00,450000,450300
600774,2022-07-29 00:00:00,370102,2022-07-29 11:54:00,370000,370100
600775,1996-11-07 00:00:00,330201,2015-10-27 15:29:00,330000,330200
600775,2001-05-01 00:00:00,320101,2015-10-27 15:29:00,320000,320100
600775,2008-06-02 00:00:00,320102,2015-10-27 15:29:00,320000,320100
600775,2014-02-21 00:00:00,730201,2024-09-27 12:41:00,730000,730200
600775,2021-07-30 00:00:00,730206,2026-06-01 14:47:00,730000,730200
600776,1996-11-26 00:00:00,320101,2015-10-27 15:28:00,320000,320100
600776,2008-06-02 00:00:00,320103,2015-10-27 15:28:00,320000,320100
600776,2014-02-21 00:00:00,730202,2024-09-27 12:41:00,730000,730200
600776,2021-07-30 00:00:00,730207,2026-06-01 14:47:00,730000,730200
600777,1996-11-21 00:00:00,510101,2015-10-27 15:29:00,510000,510100
600777,2010-01-01 00:00:00,430101,2015-10-27 15:29:00,430000,430100
600777,2017-06-29 00:00:00,210101,2019-08-09 15:38:00,210000,210100
600777,2021-07-30 00:00:00,750101,2021-07-31 16:18:00,750000,750100
600778,1996-12-03 00:00:00,450101,2015-10-27 15:29:00,450000,450100
600778,2014-02-21 00:00:00,450303,2024-09-27 12:41:00,450000,450300
600779,1996-12-06 00:00:00,340301,2015-10-27 15:28:00,340000,340300
600779,2021-07-30 00:00:00,340501,2021-07-31 16:18:00,340000,340500
600780,1996-12-05 00:00:00,410101,2015-10-27 15:29:00,410000,410100
600780,2012-07-02 00:00:00,210201,2015-10-27 15:29:00,210000,210200
600780,2013-01-01 00:00:00,410101,2015-10-27 15:29:00,410000,410100
600781,1996-12-18 00:00:00,350104,2015-10-27 15:28:00,350000,350100
600781,2006-09-01 00:00:00,360201,2015-10-27 15:28:00,360000,360200
600781,2007-07-02 00:00:00,370201,2015-10-27 15:28:00,370000,370200
600781,2019-07-24 00:00:00,370102,2020-12-04 14:32:00,370000,370100
600782,1996-12-25 00:00:00,230201,2015-10-27 15:29:00,230000,230200
600782,2008-06-02 00:00:00,260501,2015-10-27 15:29:00,260000,260500
600782,2009-01-01 00:00:00,230101,2015-10-27 15:29:00,230000,230100
600782,2021-07-30 00:00:00,230402,2025-01-08 14:36:00,230000,230400
600783,1996-12-25 00:00:00,260103,2015-10-27 15:29:00,260000,260100
600783,2006-09-01 00:00:00,340201,2015-10-27 15:29:00,340000,340200
600783,2007-07-02 00:00:00,510101,2015-10-27 15:29:00,510000,510100
600783,2011-10-10 00:00:00,440201,2015-10-27 15:29:00,440000,440200
600783,2014-02-21 00:00:00,490301,2024-09-27 12:41:00,490000,490300
600783,2021-07-30 00:00:00,510101,2021-07-31 16:18:00,510000,510100
600783,2022-07-29 00:00:00,640103,2025-10-15 10:57:00,640000,640100
600784,1996-12-25 00:00:00,510101,2024-07-29 11:30:00,510000,510100
600784,2011-01-10 00:00:00,230101,2024-07-29 11:30:00,230000,230100
600784,2017-06-29 00:00:00,510101,2024-07-29 11:30:00,510000,510100
600784,2025-08-11 17:30:00,220203,2025-08-11 17:30:00,220000,220200
600785,1997-01-08 00:00:00,450101,2015-10-27 15:29:00,450000,450100
600785,2014-02-21 00:00:00,450303,2024-09-27 12:41:00,450000,450300
600786,1996-12-27 00:00:00,260403,2015-10-27 15:28:00,260000,260400
600787,1997-01-21 00:00:00,420801,2015-10-27 15:29:00,420000,420800
600787,2021-07-30 00:00:00,420806,2025-10-15 10:57:00,420000,420800
600788,1996-12-30 00:00:00,360301,2015-10-27 15:28:00,360000,360300
600789,1997-02-26 00:00:00,370101,2015-10-27 15:29:00,370000,370100
600789,2011-01-10 00:00:00,370102,2015-10-27 15:29:00,370000,370100
600790,1997-02-28 00:00:00,430101,2015-10-27 15:29:00,430000,430100
600790,2008-06-02 00:00:00,450103,2015-10-27 15:29:00,450000,450100
600790,2014-02-21 00:00:00,450502,2024-09-27 12:41:00,450000,450500
600790,2021-07-30 00:00:00,450304,2021-07-31 16:18:00,450000,450300
600791,1997-01-21 00:00:00,450201,2015-10-27 15:29:00,450000,450200
600791,2002-05-01 00:00:00,430101,2015-10-27 15:29:00,430000,430100
600792,1997-01-23 00:00:00,250102,2015-10-27 15:29:00,250000,250100
600792,2003-12-23 00:00:00,220203,2015-10-27 15:29:00,220000,220200
600792,2011-10-10 00:00:00,220312,2015-10-27 15:29:00,220000,220300
600792,2012-01-02 00:00:00,210202,2015-10-27 15:29:00,210000,210200
600792,2021-07-30 00:00:00,740201,2025-10-15 10:57:00,740000,740200
600793,1997-02-20 00:00:00,360101,2015-10-27 15:28:00,360000,360100
600793,2021-07-30 00:00:00,360103,2021-07-31 16:18:00,360000,360100
600794,1997-02-19 00:00:00,360101,2015-10-27 15:28:00,360000,360100
600794,2001-05-01 00:00:00,430101,2015-10-27 15:28:00,430000,430100
600794,2007-07-02 00:00:00,420801,2015-10-27 15:28:00,420000,420800
600794,2021-07-30 00:00:00,420806,2025-10-15 10:57:00,420000,420800
600795,1997-03-18 00:00:00,410101,2015-10-27 15:28:00,410000,410100
600796,1997-04-08 00:00:00,370301,2015-10-27 15:29:00,370000,370300
600796,2021-07-30 00:00:00,220803,2021-07-31 16:18:00,220000,220800
600796,2022-07-29 00:00:00,760102,2025-10-15 10:57:00,760000,760100
600797,1997-03-25 00:00:00,350201,2015-10-27 15:29:00,350000,350200
600797,2002-05-01 00:00:00,470301,2015-10-27 15:29:00,470000,470300
600797,2008-06-02 00:00:00,470302,2015-10-27 15:29:00,470000,470300
600797,2014-02-21 00:00:00,710202,2024-09-27 12:41:00,710000,710200
600797,2021-07-30 00:00:00,710301,2021-07-31 16:18:00,710000,710300
600798,1997-04-23 00:00:00,420601,2015-10-27 15:29:00,420000,420600
600798,2021-07-30 00:00:00,421101,2025-10-15 10:57:00,420000,421100
600799,1997-03-28 00:00:00,230101,2015-10-27 15:28:00,230000,230100
600799,1999-09-01 00:00:00,470301,2015-10-27 15:28:00,470000,470300
600800,1993-12-06 00:00:00,270401,2015-10-27 15:29:00,270000,270400
600800,2017-06-29 00:00:00,710101,2019-08-09 15:39:00,710000,710100
600800,2021-07-30 00:00:00,750303,2021-07-31 16:18:00,750000,750300
600801,1994-01-03 00:00:00,250102,2015-10-27 15:29:00,250000,250100
600801,2014-02-21 00:00:00,610101,2024-09-27 12:41:00,610000,610100
600802,1994-01-03 00:00:00,250102,2015-10-27 15:28:00,250000,250100
600802,2014-02-21 00:00:00,610101,2024-09-27 12:41:00,610000,610100
600803,1994-01-03 00:00:00,370301,2015-10-27 15:29:00,370000,370300
600803,2011-01-10 00:00:00,220303,2015-10-27 15:29:00,220000,220300
600803,2017-06-29 00:00:00,410401,2019-02-27 10:22:00,410000,410400
600803,2019-07-24 00:00:00,220309,2020-02-24 23:08:00,220000,220300
600803,2020-08-31 00:00:00,410301,2021-03-03 15:31:00,410000,410300
600804,1994-01-03 00:00:00,470301,2015-10-27 15:29:00,470000,470300
600804,2008-06-02 00:00:00,470303,2015-10-27 15:29:00,470000,470300
600804,2010-06-01 00:00:00,470202,2015-10-27 15:29:00,470000,470200
600804,2011-10-10 00:00:00,470203,2015-10-27 15:29:00,470000,470200
600804,2014-02-21 00:00:00,720303,2024-09-27 12:41:00,720000,720300
600804,2017-06-29 00:00:00,730203,2021-03-03 15:32:00,730000,730200
600804,2021-07-30 00:00:00,730102,2023-02-02 10:25:00,730000,730100
600805,1994-01-03 00:00:00,510101,2024-07-29 11:30:00,510000,510100
600805,2011-10-10 00:00:00,310101,2024-07-29 11:30:00,310000,310100
600805,2014-02-21 00:00:00,280101,2024-09-27 12:41:00,280000,280100
600805,2017-06-29 00:00:00,510101,2024-07-29 11:30:00,510000,510100
600806,1994-01-03 00:00:00,260101,2015-10-27 15:29:00,260000,260100
600806,2014-02-21 00:00:00,640101,2024-09-27 12:41:00,640000,640100
600807,1994-01-03 00:00:00,450101,2015-10-27 15:29:00,450000,450100
600807,2007-07-02 00:00:00,430101,2015-10-27 15:29:00,430000,430100
600807,2022-07-29 00:00:00,240401,2022-07-29 11:54:00,240000,240400
600807,2024-07-30 12:45:00,370504,2025-01-08 14:36:00,370000,370500
600807,2026-07-01 10:24:00,510101,2026-07-01 10:24:00,510000,510100
600808,1994-01-06 00:00:00,230101,2015-10-27 15:29:00,230000,230100
600808,2021-07-30 00:00:00,230402,2025-01-08 14:36:00,230000,230400
600809,1994-01-06 00:00:00,340301,2015-10-27 15:29:00,340000,340300
600809,2021-07-30 00:00:00,340501,2021-07-31 16:18:00,340000,340500
600810,1994-01-06 00:00:00,220404,2015-10-27 15:29:00,220000,220400
600810,2008-06-02 00:00:00,220202,2015-10-27 15:29:00,220000,220200
600810,2011-01-10 00:00:00,220404,2015-10-27 15:29:00,220000,220400
600810,2021-07-30 00:00:00,220406,2025-01-08 14:36:00,220000,220400
600811,1994-01-06 00:00:00,510101,2015-10-27 15:28:00,510000,510100
600811,2022-07-29 00:00:00,450201,2022-10-11 14:53:00,450000,450200
600812,1994-01-14 00:00:00,370101,2015-10-27 15:29:00,370000,370100
600812,2018-07-13 00:00:00,370102,2020-12-04 14:32:00,370000,370100
600813,1994-01-14 00:00:00,260202,2015-10-27 15:28:00,260000,260200
600814,1994-01-14 00:00:00,450101,2015-10-27 15:29:00,450000,450100
600814,2014-02-21 00:00:00,450301,2024-09-27 12:41:00,450000,450300
600815,1994-01-28 00:00:00,260202,2015-10-27 15:29:00,260000,260200
600815,2014-02-21 00:00:00,640201,2024-09-27 12:41:00,640000,640200
600815,2021-07-30 00:00:00,640601,2025-10-15 10:57:00,640000,640600
600816,1994-01-28 00:00:00,440201,2015-10-27 15:28:00,440000,440200
600816,2014-02-21 00:00:00,490301,2024-09-27 12:41:00,490000,490300
600816,2021-07-30 00:00:00,490304,2021-08-25 10:03:00,490000,490300
600817,1994-01-28 00:00:00,270101,2015-10-27 15:28:00,270000,270100
600817,2011-01-10 00:00:00,510101,2015-10-27 15:28:00,510000,510100
600817,2021-07-30 00:00:00,640601,2021-07-31 16:18:00,640000,640600
600817,2022-07-29 00:00:00,760201,2025-10-15 10:57:00,760000,760200
600818,1994-01-28 00:00:00,310301,2015-10-27 15:29:00,310000,310300
600818,2011-10-10 00:00:00,510101,2015-10-27 15:29:00,510000,510100
600818,2021-07-30 00:00:00,280402,2021-07-31 16:18:00,280000,280400
600818,2022-07-29 00:00:00,280401,2025-01-08 14:36:00,280000,280400
600819,1994-01-28 00:00:00,250101,2015-10-27 15:29:00,250000,250100
600819,2014-02-21 00:00:00,610201,2024-09-27 12:41:00,610000,610200
600820,1994-01-28 00:00:00,250201,2015-10-27 15:29:00,250000,250200
600820,2011-10-10 00:00:00,250204,2015-10-27 15:29:00,250000,250200
600820,2014-02-21 00:00:00,620301,2024-09-27 12:41:00,620000,620300
600820,2021-07-30 00:00:00,620306,2023-05-29 14:32:00,620000,620300
600821,1994-01-28 00:00:00,450101,2015-10-27 15:29:00,450000,450100
600821,2014-02-21 00:00:00,450301,2024-09-27 12:41:00,450000,450300
600821,2022-07-29 00:00:00,410106,2025-10-15 10:57:00,410000,410100
600822,1994-02-04 00:00:00,450201,2015-10-27 15:29:00,450000,450200
600822,2021-07-30 00:00:00,280302,2025-01-08 14:36:00,280000,280300
600823,1993-10-12 00:00:00,450101,2015-10-27 15:29:00,450000,450100
600823,2002-05-01 00:00:00,430101,2015-10-27 15:29:00,430000,430100
600824,1994-02-04 00:00:00,450101,2015-10-27 15:29:00,450000,450100
600824,2008-06-02 00:00:00,450103,2015-10-27 15:29:00,450000,450100
600824,2014-02-21 00:00:00,450501,2024-09-27 12:41:00,450000,450500
600824,2017-06-29 00:00:00,450301,2019-03-05 15:27:00,450000,450300
600824,2019-07-24 00:00:00,350207,2019-08-09 15:38:00,350000,350200
600824,2021-07-30 00:00:00,450303,2021-07-31 16:18:00,450000,450300
600825,1994-02-04 00:00:00,450102,2015-10-27 15:29:00,450000,450100
600825,2006-09-01 00:00:00,470401,2015-10-27 15:29:00,470000,470400
600825,2014-02-21 00:00:00,720101,2024-09-27 12:41:00,720000,720100
600825,2021-07-30 00:00:00,720902,2025-10-15 10:57:00,720000,720900
600826,1994-02-04 00:00:00,450201,2015-10-27 15:29:00,450000,450200
600826,2021-07-30 00:00:00,460803,2025-01-23 13:35:00,460000,460800
600827,1994-02-04 00:00:00,450102,2015-10-27 15:28:00,450000,450100
600827,2012-07-02 00:00:00,450101,2015-10-27 15:28:00,450000,450100
600827,2014-02-21 00:00:00,450303,2024-09-27 12:41:00,450000,450300
600828,1994-02-24 00:00:00,450101,2015-10-27 15:28:00,450000,450100
600828,2014-02-21 00:00:00,450301,2024-09-27 12:41:00,450000,450300
600829,1994-02-24 00:00:00,250102,2015-10-27 15:29:00,250000,250100
600829,2007-07-02 00:00:00,370102,2015-10-27 15:29:00,370000,370100
600829,2015-11-02 00:00:00,370401,2020-12-04 14:32:00,370000,370400
600829,2021-07-30 00:00:00,370402,2021-07-31 16:18:00,370000,370400
600830,1994-02-24 00:00:00,450101,2015-10-27 15:29:00,450000,450100
600830,2008-06-02 00:00:00,440201,2015-10-27 15:29:00,440000,440200
600830,2014-02-21 00:00:00,490301,2024-09-27 12:41:00,490000,490300
600830,2021-07-30 00:00:00,490302,2021-07-31 16:18:00,490000,490300
600831,1994-02-24 00:00:00,470402,2015-10-27 15:28:00,470000,470400
600831,2007-07-02 00:00:00,470204,2015-10-27 15:28:00,470000,470200
600831,2014-02-21 00:00:00,720103,2024-09-27 12:41:00,720000,720100
600831,2021-07-30 00:00:00,721001,2025-10-15 10:57:00,720000,721000
600832,1994-02-24 00:00:00,470402,2015-10-27 15:28:00,470000,470400
600832,2011-10-10 00:00:00,470404,2015-10-27 15:28:00,470000,470400
600832,2014-02-21 00:00:00,720104,2024-09-27 12:41:00,720000,720100
600833,1994-02-24 00:00:00,370401,2015-10-27 15:28:00,370000,370400
600833,2021-07-30 00:00:00,370403,2021-07-31 16:18:00,370000,370400
600834,1992-06-19 00:00:00,410201,2015-10-27 15:29:00,410000,410200
600834,2002-05-01 00:00:00,420301,2015-10-27 15:29:00,420000,420300
600834,2021-07-30 00:00:00,420902,2025-10-15 10:57:00,420000,420900
600835,1993-08-06 00:00:00,330101,2015-10-27 15:29:00,330000,330100
600835,1999-09-01 00:00:00,260202,2015-10-27 15:29:00,260000,260200
600835,2011-10-10 00:00:00,260208,2015-10-27 15:29:00,260000,260200
600835,2014-02-21 00:00:00,640204,2024-09-27 12:41:00,640000,640200
600836,1994-02-24 00:00:00,360201,2015-10-27 15:29:00,360000,360200
600836,2021-07-30 00:00:00,360202,2021-07-31 16:18:00,360000,360200
600837,1994-02-24 00:00:00,510101,2015-10-27 15:28:00,510000,510100
600837,2005-09-01 00:00:00,450102,2015-10-27 15:28:00,450000,450100
600837,2007-07-02 00:00:00,440301,2015-10-27 15:28:00,440000,440300
600837,2014-02-21 00:00:00,490101,2024-09-27 12:41:00,490000,490100
600838,1994-02-24 00:00:00,450101,2015-10-27 15:29:00,450000,450100
600838,2014-02-21 00:00:00,450303,2024-09-27 12:41:00,450000,450300
600839,1994-03-11 00:00:00,330201,2015-10-27 15:29:00,330000,330200
600840,1990-01-01 00:00:00,510101,2024-10-09 12:19:00,510000,510100
600840,2003-05-01 00:00:00,430101,2015-10-27 15:29:00,430000,430100
600841,1994-03-11 00:00:00,260104,2015-10-27 15:29:00,260000,260100
600841,2014-02-21 00:00:00,640104,2024-09-27 12:41:00,640000,640100
600841,2021-07-30 00:00:00,280203,2021-07-31 16:18:00,280000,280200
600841,2022-07-29 00:00:00,280601,2022-07-29 11:54:00,280000,280600
600841,2023-07-04 00:00:00,280203,2025-01-08 14:36:00,280000,280200
600842,1994-03-11 00:00:00,370102,2015-10-27 15:29:00,370000,370100
600843,1994-03-11 00:00:00,260201,2015-10-27 15:29:00,260000,260200
600843,2014-02-21 00:00:00,640206,2024-09-27 12:41:00,640000,640200
600844,1993-10-08 00:00:00,360301,2015-10-27 15:28:00,360000,360300
600844,2007-07-02 00:00:00,110503,2015-10-27 15:28:00,110000,110500
600844,2009-01-09 00:00:00,220309,2015-10-27 15:28:00,220000,220300
600844,2021-07-30 00:00:00,220205,2021-07-31 16:18:00,220000,220200
600845,1993-10-08 00:00:00,230102,2015-10-27 15:28:00,230000,230100
600845,2002-05-01 00:00:00,470301,2015-10-27 15:28:00,470000,470300
600845,2008-06-02 00:00:00,470302,2015-10-27 15:28:00,470000,470300
600845,2014-02-21 00:00:00,710202,2024-09-27 12:41:00,710000,710200
600845,2021-07-30 00:00:00,710301,2026-06-01 14:47:00,710000,710300
600846,1994-02-11 00:00:00,510101,2015-10-27 15:29:00,510000,510100
600846,2018-07-13 00:00:00,620101,2019-08-09 15:39:00,620000,620100
600846,2021-07-30 00:00:00,430101,2021-07-31 16:18:00,430000,430100
600846,2023-07-04 00:00:00,620601,2023-07-04 15:14:00,620000,620600
600847,1994-03-24 00:00:00,260405,2015-10-27 15:29:00,260000,260400
600847,2014-02-21 00:00:00,630305,2024-09-27 12:41:00,630000,630300
600847,2021-07-30 00:00:00,630705,2025-10-15 10:57:00,630000,630700
600848,1994-03-24 00:00:00,260301,2015-10-27 15:29:00,260000,260300
600848,2014-01-01 00:01:00,430201,2021-03-03 15:19:00,430000,430200
600848,2014-02-21 00:00:00,640301,2024-09-27 12:41:00,640000,640300
600848,2021-07-30 00:00:00,430103,2023-02-20 17:04:00,430000,430100
600850,1994-03-24 00:00:00,320201,2015-10-27 15:29:00,320000,320200
600850,2014-02-21 00:00:00,710101,2024-09-27 12:41:00,710000,710100
600850,2018-06-19 16:12:00,710202,2019-08-09 15:39:00,710000,710200
600850,2021-07-30 00:00:00,710301,2021-07-31 16:18:00,710000,710300
600851,1994-04-04 00:00:00,350101,2015-10-27 15:28:00,350000,350100
600851,2011-01-10 00:00:00,510101,2015-10-27 15:28:00,510000,510100
600851,2018-06-19 16:13:00,370102,2020-12-04 14:32:00,370000,370100
600852,1994-04-04 00:00:00,250201,2015-10-27 15:28:00,250000,250200
600853,1994-01-16 00:00:00,230102,2015-10-27 15:29:00,230000,230100
600853,2002-09-01 00:00:00,250201,2015-10-27 15:29:00,250000,250200
600853,2011-10-10 00:00:00,250204,2015-10-27 15:29:00,250000,250200
600853,2014-02-21 00:00:00,620302,2024-09-27 12:41:00,620000,620300
600853,2021-07-30 00:00:00,620306,2021-07-31 16:18:00,620000,620300
600854,1994-04-25 00:00:00,330102,2015-10-27 15:28:00,330000,330100
600854,2023-07-04 00:00:00,430101,2023-07-04 15:14:00,430000,430100
600854,2026-07-01 10:24:00,330102,2026-07-01 10:24:00,330000,330100
600855,1994-03-27 00:00:00,310103,2015-10-27 15:29:00,310000,310100
600855,2001-05-01 00:00:00,370501,2015-10-27 15:29:00,370000,370500
600855,2007-07-02 00:00:00,320201,2015-10-27 15:29:00,320000,320200
600855,2014-02-21 00:00:00,710101,2024-09-27 12:41:00,710000,710100
600855,2021-07-30 00:00:00,710103,2021-07-31 16:18:00,710000,710100
600855,2024-07-30 12:45:00,650501,2025-10-15 10:57:00,650000,650500
600856,1994-04-25 00:00:00,450101,2015-10-27 15:28:00,450000,450100
600856,2014-02-21 00:00:00,450301,2024-09-27 12:41:00,450000,450300
600856,2015-07-01 00:00:00,410301,2015-10-27 15:28:00,410000,410300
600856,2015-10-26 00:00:00,450301,2015-10-27 15:28:00,450000,450300
600856,2015-11-02 00:00:00,410301,2020-11-06 09:13:00,410000,410300
600856,2021-07-30 00:00:00,750101,2022-03-02 08:56:00,750000,750100
600857,1994-03-31 00:00:00,450101,2015-10-27 15:29:00,450000,450100
600857,2001-09-01 00:00:00,470301,2015-10-27 15:29:00,470000,470300
600857,2008-06-02 00:00:00,470303,2015-10-27 15:29:00,470000,470300
600857,2009-06-01 00:00:00,450201,2018-06-20 15:08:00,450000,450200
600857,2018-07-13 00:00:00,450301,2019-08-09 15:40:00,450000,450300
600858,1994-05-06 00:00:00,510101,2015-10-27 15:29:00,510000,510100
600858,2005-09-01 00:00:00,450101,2015-10-27 15:29:00,450000,450100
600858,2014-02-21 00:00:00,450303,2024-09-27 12:41:00,450000,450300
600859,1994-05-06 00:00:00,450101,2015-10-27 15:29:00,450000,450100
600859,2014-02-21 00:00:00,450301,2024-09-27 12:41:00,450000,450300
600860,1994-05-06 00:00:00,260206,2015-10-27 15:29:00,260000,260200
600860,2014-02-21 00:00:00,640208,2024-09-27 12:41:00,640000,640200
600860,2018-07-13 00:00:00,640401,2019-08-09 15:39:00,640000,640400
600860,2021-07-30 00:00:00,640108,2025-10-15 10:57:00,640000,640100
600861,1994-05-20 00:00:00,450101,2015-10-27 15:28:00,450000,450100
600861,2014-02-21 00:00:00,450301,2024-09-27 12:41:00,450000,450300
600861,2017-06-29 00:00:00,450303,2019-08-09 15:40:00,450000,450300
600861,2024-07-30 12:45:00,460801,2024-12-04 10:24:00,460000,460800
600862,1994-05-20 00:00:00,260101,2015-10-27 15:29:00,260000,260100
600862,2014-02-21 00:00:00,640101,2024-09-27 12:41:00,640000,640100
600862,2015-11-02 00:00:00,650201,2021-06-24 09:49:00,650000,650200
600863,1994-05-20 00:00:00,410101,2015-10-27 15:29:00,410000,410100
600864,1994-08-09 00:00:00,410104,2015-10-27 15:28:00,410000,410100
600864,2017-06-29 00:00:00,490101,2021-03-03 15:37:00,490000,490100
600865,1994-08-09 00:00:00,450101,2015-10-27 15:28:00,450000,450100
600865,2014-02-21 00:00:00,450501,2024-09-27 12:41:00,450000,450500
600865,2017-06-29 00:00:00,450301,2019-08-09 15:40:00,450000,450300
600866,1994-08-18 00:00:00,340201,2015-10-27 15:29:00,340000,340200
600866,2004-04-01 00:00:00,370301,2015-10-27 15:29:00,370000,370300
600866,2011-10-10 00:00:00,340402,2019-08-09 15:40:00,340000,340400
600866,2021-07-30 00:00:00,220315,2021-07-31 16:18:00,220000,220300
600867,1994-08-24 00:00:00,370301,2015-10-27 15:29:00,370000,370300
600867,2021-07-30 00:00:00,370304,2021-07-31 16:18:00,370000,370300
600868,1994-07-11 00:00:00,510101,2015-10-27 15:29:00,510000,510100
600868,2002-05-01 00:00:00,250201,2015-10-27 15:29:00,250000,250200
600868,2007-07-02 00:00:00,410102,2015-10-27 15:29:00,410000,410100
600868,2022-07-29 00:00:00,620601,2022-10-11 14:53:00,620000,620600
600868,2024-07-30 12:45:00,410102,2025-10-15 10:57:00,410000,410100
600869,1995-01-12 00:00:00,370201,2015-10-27 15:29:00,370000,370200
600869,2009-06-01 00:00:00,260404,2015-10-27 15:29:00,260000,260400
600869,2014-02-21 00:00:00,630404,2024-09-27 12:41:00,630000,630400
600869,2021-07-30 00:00:00,630805,2025-10-15 10:57:00,630000,630800
600870,1995-02-28 00:00:00,330201,2015-10-27 15:28:00,330000,330200
600870,2019-07-24 00:00:00,450201,2020-12-04 14:41:00,450000,450200
600871,1994-04-11 00:00:00,220401,2015-10-27 15:29:00,220000,220400
600871,2015-07-01 00:00:00,210401,2015-10-27 15:29:00,210000,210400
600871,2021-07-30 00:00:00,750201,2023-10-23 16:18:00,750000,750200
600872,1995-01-24 00:00:00,430201,2015-10-27 15:29:00,430000,430200
600872,2011-10-10 00:00:00,340402,2015-10-27 15:29:00,340000,340400
600872,2021-07-30 00:00:00,340901,2026-07-03 16:35:00,340000,340900
600873,1995-01-06 00:00:00,460201,2015-10-27 15:29:00,460000,460200
600873,2004-05-01 00:00:00,260404,2015-10-27 15:29:00,260000,260400
600873,2011-10-10 00:00:00,340402,2015-10-27 15:29:00,340000,340400
600873,2017-05-26 09:59:00,110504,2020-12-04 14:32:00,110000,110500
600873,2021-07-30 00:00:00,340901,2021-07-31 16:18:00,340000,340900
600873,2022-07-29 00:00:00,220315,2024-01-23 13:47:00,220000,220300
600874,1995-06-30 00:00:00,410401,2015-10-27 15:28:00,410000,410400
600874,2006-09-01 00:00:00,410201,2015-10-27 15:28:00,410000,410200
600874,2021-07-30 00:00:00,760102,2025-10-15 10:57:00,760000,760100
600875,1995-10-10 00:00:00,260403,2015-10-27 15:28:00,260000,260400
600875,2014-02-21 00:00:00,630301,2024-09-27 12:41:00,630000,630300
600876,1995-10-31 00:00:00,250101,2015-10-27 15:29:00,250000,250100
600876,2014-02-21 00:00:00,610201,2024-09-27 12:41:00,610000,610200
600877,1995-10-13 00:00:00,310301,2024-06-25 07:09:00,310000,310300
600877,2014-02-21 00:00:00,280401,2024-09-27 12:41:00,280000,280400
600877,2021-07-30 00:00:00,630701,2024-06-25 07:09:00,630000,630700
600877,2022-07-29 00:00:00,270105,2025-01-08 14:36:00,270000,270100
600878,1995-10-13 00:00:00,510101,2015-10-27 15:28:00,510000,510100
600879,1995-11-15 00:00:00,260207,2015-10-27 15:29:00,260000,260200
600879,2008-06-02 00:00:00,310304,2015-10-27 15:29:00,310000,310300
600879,2014-02-21 00:00:00,650101,2024-09-27 12:41:00,650000,650100
600880,1995-11-15 00:00:00,470401,2015-10-27 15:28:00,470000,470400
600880,2014-02-21 00:00:00,720101,2024-09-27 12:41:00,720000,720100
600880,2021-07-30 00:00:00,461101,2021-07-31 16:18:00,460000,461100
600880,2022-07-29 00:00:00,461103,2022-07-29 11:54:00,460000,461100
600881,1995-11-15 00:00:00,430101,2024-07-29 11:30:00,430000,430100
600881,2006-09-01 00:00:00,250102,2024-07-29 11:30:00,250000,250100
600881,2014-02-21 00:00:00,610101,2024-09-27 12:41:00,610000,610100
600881,2021-07-30 00:00:00,510101,2024-07-29 11:30:00,510000,510100
600882,1995-12-06 00:00:00,220303,2015-10-27 15:25:00,220000,220300
600882,2011-01-10 00:00:00,210301,2015-10-27 15:28:00,210000,210300
600882,2017-06-29 00:00:00,340403,2021-03-04 13:22:00,340000,340400
600882,2021-07-30 00:00:00,340702,2022-05-09 13:58:00,340000,340700
600883,1995-12-08 00:00:00,250102,2015-10-27 15:28:00,250000,250100
600883,2007-07-02 00:00:00,510101,2015-10-27 15:28:00,510000,510100
600883,2017-05-20 01:33:00,610101,2019-08-09 15:39:00,610000,610100
600883,2022-07-29 00:00:00,110104,2023-12-07 10:03:00,110000,110100
600884,1996-01-30 00:00:00,350201,2015-10-27 15:29:00,350000,350200
600884,2011-10-10 00:00:00,350202,2015-10-27 15:29:00,350000,350200
600884,2013-01-01 00:00:00,510101,2015-10-27 15:29:00,510000,510100
600884,2017-06-29 00:00:00,270401,2021-05-31 10:19:00,270000,270400
600884,2021-07-30 00:00:00,630702,2025-12-09 16:04:00,630000,630700
600885,1996-01-15 00:00:00,220501,2015-10-27 15:29:00,220000,220500
600885,2002-05-01 00:00:00,220701,2015-10-27 15:29:00,220000,220700
600885,2012-10-08 00:00:00,250101,2015-10-27 15:29:00,250000,250100
600885,2013-07-01 00:00:00,260404,2015-10-27 15:29:00,260000,260400
600885,2014-02-21 00:00:00,630403,2024-09-27 12:41:00,630000,630400
600885,2021-07-30 00:00:00,630803,2025-10-15 10:57:00,630000,630800
600886,1990-01-01 00:00:00,220101,2024-10-09 12:20:00,220000,220100
600886,2003-05-01 00:00:00,410101,2015-10-27 15:28:00,410000,410100
600886,2017-06-29 00:00:00,410102,2021-03-03 15:31:00,410000,410100
600887,1996-03-12 00:00:00,340202,2015-10-27 15:29:00,340000,340200
600887,2011-10-10 00:00:00,340403,2015-10-27 15:29:00,340000,340400
600887,2021-07-30 00:00:00,340702,2025-09-11 10:52:00,340000,340700
600888,1996-02-15 00:00:00,240101,2015-10-27 15:29:00,240000,240100
600888,2008-06-02 00:00:00,240102,2015-10-27 15:29:00,240000,240100
600888,2014-02-21 00:00:00,240301,2024-09-27 12:41:00,240000,240300
600889,1996-03-08 00:00:00,220403,2015-10-27 15:29:00,220000,220400
600889,2026-07-01 10:24:00,640108,2026-07-01 10:24:00,640000,640100
600890,1996-02-12 00:00:00,310201,2015-10-27 15:29:00,310000,310200
600890,2003-05-01 00:00:00,430101,2015-10-27 15:29:00,430000,430100
600890,2021-07-30 00:00:00,430102,2021-07-31 16:18:00,430000,430100
600891,1996-03-25 00:00:00,450101,2015-10-27 15:29:00,450000,450100
600891,2014-02-21 00:00:00,450301,2024-09-27 12:41:00,450000,450300
600891,2018-07-13 00:00:00,360304,2019-08-09 15:40:00,360000,360300
600892,1996-03-15 00:00:00,260207,2015-10-27 15:28:00,260000,260200
600892,2007-07-02 00:00:00,510101,2015-10-27 15:28:00,510000,510100
600892,2017-05-20 01:33:00,720302,2019-08-09 15:38:00,720000,720300
600892,2021-07-30 00:00:00,720401,2025-10-15 10:57:00,720000,720400
600893,1996-04-08 00:00:00,110502,2015-10-27 15:29:00,110000,110500
600893,2008-06-02 00:00:00,310304,2015-10-27 15:29:00,310000,310300
600893,2014-02-21 00:00:00,650201,2024-09-27 12:41:00,650000,650200
600894,1996-03-28 00:00:00,230101,2015-10-27 15:28:00,230000,230100
600894,2012-10-08 00:00:00,260208,2015-10-27 15:28:00,260000,260200
600894,2014-02-21 00:00:00,640204,2024-09-27 12:41:00,640000,640200
600895,1996-04-22 00:00:00,430201,2015-10-27 15:29:00,430000,430200
600895,2021-07-30 00:00:00,430103,2024-01-23 13:17:00,430000,430100
600896,1996-05-03 00:00:00,420601,2015-10-27 15:29:00,420000,420600
600896,2017-06-29 00:00:00,370601,2020-12-04 14:32:00,370000,370600
600896,2021-07-30 00:00:00,370604,2021-07-31 16:18:00,370000,370600
600897,1996-05-31 00:00:00,420501,2015-10-27 15:29:00,420000,420500
600897,2021-07-30 00:00:00,421002,2025-10-15 10:57:00,420000,421000
600898,1996-04-18 00:00:00,510101,2015-10-27 15:29:00,510000,510100
600898,2004-08-10 00:00:00,450102,2015-10-27 15:29:00,450000,450100
600898,2014-02-21 00:00:00,450401,2024-09-27 12:41:00,450000,450400
600898,2021-07-30 00:00:00,270504,2021-07-31 16:18:00,270000,270500
600899,1996-03-26 00:00:00,230101,2015-10-27 15:28:00,230000,230100
600899,1999-09-01 00:00:00,470204,2015-10-27 15:28:00,470000,470200
600900,2003-11-11 00:00:00,410102,2015-10-27 15:28:00,410000,410100
600901,2018-02-12 10:11:00,490301,2021-03-03 15:37:00,490000,490300
600901,2021-07-30 00:00:00,490305,2024-12-04 10:24:00,490000,490300
600903,2017-10-30 14:50:00,410301,2019-08-09 15:39:00,410000,410300
600905,2021-05-08 15:53:00,410105,2021-07-05 16:55:00,410000,410100
600905,2021-07-30 00:00:00,410107,2025-10-15 10:57:00,410000,410100
600906,2021-04-15 08:50:00,490101,2021-04-28 15:21:00,490000,490100
600908,2016-08-23 00:00:00,480101,2020-11-25 10:41:00,480000,480100
600908,2021-07-30 00:00:00,480501,2021-07-31 16:18:00,480000,480500
600909,2016-12-01 21:05:00,490101,2021-03-03 15:37:00,490000,490100
600916,2021-01-25 09:16:00,360304,2021-03-04 13:14:00,360000,360300
600916,2021-07-30 00:00:00,350301,2026-01-26 16:15:00,350000,350300
600917,2014-01-10 00:00:00,410301,2015-10-27 15:29:00,410000,410300
600918,2020-04-27 08:38:00,490101,2021-03-03 15:37:00,490000,490100
600919,2016-06-23 00:00:00,480101,2021-03-03 15:31:00,480000,480100
600919,2021-07-30 00:00:00,480401,2021-07-31 16:18:00,480000,480400
600925,2023-02-24 00:00:00,740101,2025-10-15 10:57:00,740000,740100
600926,2016-10-12 00:00:00,480101,2021-03-03 15:31:00,480000,480100
600926,2021-07-30 00:00:00,480401,2024-01-23 13:02:00,480000,480400
600927,2021-11-12 00:00:00,490303,2024-04-01 15:27:00,490000,490300
600928,2019-01-18 17:05:00,480101,2021-03-03 15:35:00,480000,480100
600928,2021-07-30 00:00:00,480401,2021-07-31 16:18:00,480000,480400
600929,2018-04-03 10:03:00,220202,2019-08-09 15:39:00,220000,220200
600929,2021-07-30 00:00:00,220203,2022-08-01 16:23:00,220000,220200
600930,2025-06-27 13:13:00,410107,2026-02-26 16:27:00,410000,410100
600933,2017-11-08 14:13:00,280201,2020-04-20 15:15:00,280000,280200
600933,2021-07-30 00:00:00,280203,2025-12-24 16:23:00,280000,280200
600935,2021-11-12 00:00:00,220202,2021-11-18 09:14:00,220000,220200
600936,2016-08-04 00:00:00,720103,2019-08-09 15:38:00,720000,720100
600936,2021-07-30 00:00:00,721001,2025-10-15 10:57:00,720000,721000
600938,2022-04-01 00:00:00,750101,2026-02-26 16:27:00,750000,750100
600939,2017-01-14 18:31:00,620101,2020-12-04 14:41:00,620000,620100
600941,2021-12-17 00:00:00,730102,2026-06-01 14:47:00,730000,730100
600955,2021-08-27 00:00:00,220204,2021-09-17 14:10:00,220000,220200
600956,2020-06-05 09:57:00,410301,2020-06-17 13:15:00,410000,410300
600956,2021-07-30 00:00:00,410107,2025-10-22 09:59:00,410000,410100
600958,2015-01-18 00:08:00,490101,2015-11-05 14:03:00,490000,490100
600959,2015-01-13 00:04:00,720103,2015-11-05 14:03:00,720000,720100
600959,2021-07-30 00:00:00,721001,2025-10-15 10:57:00,720000,721000
600960,2004-04-07 00:00:00,260104,2015-10-27 15:28:00,260000,260100
600960,2014-02-21 00:00:00,640104,2024-09-27 12:41:00,640000,640100
600960,2017-06-29 00:00:00,280201,2019-08-09 15:39:00,280000,280200
600960,2021-07-30 00:00:00,280203,2025-01-08 14:36:00,280000,280200
600961,2004-08-26 00:00:00,240101,2015-10-27 15:29:00,240000,240100
600961,2008-06-02 00:00:00,240104,2015-10-27 15:29:00,240000,240100
600961,2014-02-21 00:00:00,240303,2024-09-27 12:41:00,240000,240300
600962,2004-06-18 00:00:00,340304,2015-10-27 15:28:00,340000,340300
600962,2011-01-10 00:00:00,110501,2015-10-27 15:28:00,110000,110500
600963,2004-05-25 00:00:00,360101,2015-10-27 15:29:00,360000,360100
600963,2021-07-30 00:00:00,360102,2021-07-31 16:18:00,360000,360100
600965,2004-07-12 00:00:00,110601,2015-10-27 15:28:00,110000,110600
600965,2011-10-10 00:00:00,110701,2015-10-27 15:28:00,110000,110700
600965,2019-07-24 00:00:00,460501,2021-05-31 15:08:00,460000,460500
600965,2021-07-30 00:00:00,110704,2021-07-31 16:18:00,110000,110700
600966,2004-06-04 00:00:00,360101,2015-10-27 15:28:00,360000,360100
600966,2021-07-30 00:00:00,360102,2024-03-14 10:17:00,360000,360100
600967,2004-05-14 00:00:00,310102,2015-10-27 15:28:00,310000,310100
600967,2005-09-01 00:00:00,310303,2015-10-27 15:28:00,310000,310300
600967,2008-06-02 00:00:00,310306,2015-10-27 15:28:00,310000,310300
600967,2014-02-21 00:00:00,640501,2024-09-27 12:41:00,640000,640500
600967,2017-06-29 00:00:00,650301,2021-03-03 15:32:00,650000,650300
600968,2019-06-14 14:48:00,210401,2019-08-09 15:38:00,210000,210400
600968,2021-07-30 00:00:00,750201,2026-02-26 16:27:00,750000,750200
600969,2004-04-07 00:00:00,410102,2015-10-27 15:28:00,410000,410100
600969,2021-07-30 00:00:00,410110,2025-10-15 10:57:00,410000,410100
600970,2005-03-23 00:00:00,250201,2015-10-27 15:29:00,250000,250200
600970,2011-10-10 00:00:00,250205,2015-10-27 15:29:00,250000,250200
600970,2014-02-21 00:00:00,620403,2024-09-27 12:41:00,620000,620400
600971,2004-08-16 00:00:00,210201,2015-10-27 15:29:00,210000,210200
600971,2021-07-30 00:00:00,740101,2025-10-15 10:57:00,740000,740100
600973,2004-07-30 00:00:00,260404,2015-10-27 15:28:00,260000,260400
600973,2014-02-21 00:00:00,630404,2024-09-27 12:41:00,630000,630400
600973,2021-07-30 00:00:00,630805,2025-10-15 10:57:00,630000,630800
600975,2004-06-08 00:00:00,110601,2015-10-27 15:29:00,110000,110600
600975,2011-10-10 00:00:00,110701,2019-08-09 15:39:00,110000,110700
600975,2021-07-30 00:00:00,110702,2023-12-15 09:51:00,110000,110700
600976,2004-04-19 00:00:00,370201,2015-10-27 15:29:00,370000,370200
600977,2016-08-04 00:00:00,720102,2021-03-03 15:32:00,720000,720100
600977,2021-07-30 00:00:00,720601,2025-10-15 10:57:00,720000,720600
600978,2004-08-23 00:00:00,360301,2015-10-27 15:29:00,360000,360300
600978,2008-06-02 00:00:00,360302,2020-03-06 13:55:00,360000,360300
600978,2021-07-30 00:00:00,360307,2021-07-31 16:18:00,360000,360300
600979,2004-09-01 00:00:00,410102,2015-10-27 15:28:00,410000,410100
600979,2021-07-30 00:00:00,410110,2025-10-15 10:57:00,410000,410100
600980,2004-05-10 00:00:00,240201,2015-10-27 15:28:00,240000,240200
600980,2008-06-02 00:00:00,240202,2021-01-25 13:36:00,240000,240200
600980,2024-07-30 12:45:00,640203,2025-10-15 10:57:00,640000,640200
600981,2004-06-28 00:00:00,450201,2015-10-27 15:29:00,450000,450200
600982,2004-06-29 00:00:00,410103,2015-10-27 15:29:00,410000,410100
600982,2005-07-01 00:00:00,410104,2015-10-27 15:29:00,410000,410100
600983,2004-07-09 00:00:00,330103,2015-10-27 15:29:00,330000,330100
600983,2021-07-30 00:00:00,330106,2021-07-31 16:18:00,330000,330100
600984,2004-06-29 00:00:00,260204,2015-10-27 15:28:00,260000,260200
600984,2011-10-10 00:00:00,260202,2015-10-27 15:28:00,260000,260200
600984,2014-02-21 00:00:00,640201,2024-09-27 12:41:00,640000,640200
600984,2021-07-30 00:00:00,640601,2025-10-15 10:57:00,640000,640600
600985,2004-04-26 00:00:00,220304,2015-10-27 15:29:00,220000,220300
600985,2008-06-02 00:00:00,220307,2018-06-20 15:08:00,220000,220300
600985,2019-07-24 00:00:00,210201,2021-03-03 15:31:00,210000,210200
600985,2021-07-30 00:00:00,740102,2025-10-15 10:57:00,740000,740100
600986,2004-04-21 00:00:00,250201,2015-10-27 15:29:00,250000,250200
600986,2011-10-10 00:00:00,250204,2015-10-27 15:29:00,250000,250200
600986,2014-02-21 00:00:00,620302,2024-09-27 12:41:00,620000,620300
600986,2017-06-29 00:00:00,720201,2019-08-09 15:38:00,720000,720200
600986,2021-07-30 00:00:00,720501,2025-10-15 10:57:00,720000,720500
600987,2004-08-06 00:00:00,350104,2015-10-27 15:29:00,350000,350100
600988,2004-04-14 00:00:00,310102,2015-10-27 15:28:00,310000,310100
600988,2011-10-10 00:00:00,310104,2015-10-27 15:28:00,310000,310100
600988,2013-07-01 00:00:00,240105,2015-10-27 15:28:00,240000,240100
600988,2014-02-21 00:00:00,240401,2024-09-27 12:41:00,240000,240400
600989,2019-05-06 15:44:00,210202,2020-08-20 17:46:00,210000,210200
600989,2020-12-18 00:00:00,220204,2021-03-03 15:31:00,220000,220200
600989,2021-07-30 00:00:00,220205,2022-03-10 17:57:00,220000,220200
600990,2004-05-10 00:00:00,320101,2015-10-27 15:29:00,320000,320100
600990,2008-06-02 00:00:00,310304,2015-10-27 15:29:00,310000,310300
600990,2014-02-21 00:00:00,650301,2024-09-27 12:41:00,650000,650300
600990,2021-07-30 00:00:00,650501,2025-10-15 10:57:00,650000,650500
600991,2004-06-11 00:00:00,310101,2015-10-27 15:28:00,310000,310100
600992,2004-05-11 00:00:00,230201,2015-10-27 15:28:00,230000,230200
600992,2008-06-02 00:00:00,260501,2015-10-27 15:28:00,260000,260500
600992,2014-02-21 00:00:00,640401,2024-09-27 12:41:00,640000,640400
600992,2021-07-30 00:00:00,640108,2025-10-15 10:57:00,640000,640100
600993,2004-05-13 00:00:00,370201,2015-10-27 15:29:00,370000,370200
600995,2004-06-10 00:00:00,410102,2015-10-27 15:29:00,410000,410100
600995,2021-07-30 00:00:00,410110,2025-10-15 10:57:00,410000,410100
600996,2016-12-11 16:17:00,720103,2019-09-10 17:02:00,720000,720100
600996,2021-07-30 00:00:00,721001,2025-10-15 10:57:00,720000,721000
600997,2004-05-28 00:00:00,210201,2015-10-27 15:29:00,210000,210200
600997,2021-07-30 00:00:00,740201,2021-07-31 16:18:00,740000,740200
600997,2023-07-04 00:00:00,740102,2025-10-15 10:57:00,740000,740100
600998,2010-01-25 00:00:00,370401,2015-10-27 15:29:00,370000,370400
600998,2021-07-30 00:00:00,370402,2023-06-13 14:12:00,370000,370400
600999,2009-11-03 00:00:00,440301,2015-10-27 15:29:00,440000,440300
600999,2014-02-21 00:00:00,490101,2024-09-27 12:41:00,490000,490100
601000,2010-01-07 00:00:00,420101,2015-10-27 15:29:00,420000,420100
601000,2021-07-30 00:00:00,421102,2025-10-15 10:57:00,420000,421100
601001,2006-06-21 00:00:00,210201,2015-10-27 15:28:00,210000,210200
601001,2021-07-30 00:00:00,740101,2025-10-15 10:57:00,740000,740100
601002,2007-01-25 00:00:00,260102,2015-10-27 15:29:00,260000,260100
601002,2014-02-21 00:00:00,640102,2024-09-27 12:41:00,640000,640100
601002,2021-07-30 00:00:00,640108,2025-10-15 10:57:00,640000,640100
601003,2007-02-27 00:00:00,230101,2015-10-27 15:29:00,230000,230100
601003,2021-07-30 00:00:00,230402,2025-01-08 14:36:00,230000,230400
601005,2007-02-27 00:00:00,230101,2015-10-27 15:29:00,230000,230100
601005,2011-01-10 00:00:00,230102,2015-10-27 15:29:00,230000,230100
601005,2018-07-13 00:00:00,230101,2020-12-04 14:32:00,230000,230100
601005,2021-07-30 00:00:00,230402,2025-01-08 14:36:00,230000,230400
601006,2006-08-01 00:00:00,420701,2015-10-27 15:28:00,420000,420700
601006,2021-07-30 00:00:00,420903,2025-10-15 10:57:00,420000,420900
601007,2007-04-05 00:00:00,460201,2015-10-27 15:29:00,460000,460200
601007,2021-07-30 00:00:00,460901,2021-07-31 16:18:00,460000,460900
601008,2007-04-25 00:00:00,420101,2015-10-27 15:29:00,420000,420100
601008,2021-07-30 00:00:00,421102,2025-10-15 10:57:00,420000,421100
601009,2007-07-18 00:00:00,440101,2015-10-27 15:29:00,440000,440100
601009,2014-02-21 00:00:00,480101,2024-09-27 12:41:00,480000,480100
601009,2021-07-30 00:00:00,480401,2025-12-15 16:32:00,480000,480400
601010,2011-05-25 00:00:00,450102,2015-10-27 15:29:00,450000,450100
601010,2012-07-02 00:00:00,450101,2015-10-27 15:29:00,450000,450100
601010,2014-02-21 00:00:00,450303,2024-09-27 12:41:00,450000,450300
601010,2019-07-24 00:00:00,450301,2019-08-09 15:40:00,450000,450300
601010,2021-07-30 00:00:00,450303,2021-07-31 16:18:00,450000,450300
601011,2011-01-23 00:00:00,210202,2015-10-27 15:28:00,210000,210200
601011,2021-07-30 00:00:00,740201,2025-10-15 10:57:00,740000,740200
601012,2012-03-27 00:00:00,260403,2015-10-27 15:29:00,260000,260400
601012,2014-02-21 00:00:00,630303,2024-09-27 12:41:00,630000,630300
601012,2021-07-30 00:00:00,630501,2022-07-11 13:29:00,630000,630500
601012,2022-07-29 00:00:00,630502,2026-06-17 14:33:00,630000,630500
601015,2014-01-24 00:00:00,210202,2015-10-27 15:29:00,210000,210200
601015,2021-07-30 00:00:00,740201,2025-10-15 10:57:00,740000,740200
601016,2014-02-21 00:00:00,410105,2024-10-09 12:23:00,410000,410100
601016,2021-07-30 00:00:00,410107,2025-10-15 10:57:00,410000,410100
601018,2010-01-06 00:00:00,420101,2015-10-27 15:29:00,420000,420100
601018,2021-07-30 00:00:00,421102,2025-10-15 10:57:00,420000,421100
601019,2017-11-08 14:14:00,720101,2019-08-09 15:38:00,720000,720100
601019,2021-07-30 00:00:00,720901,2025-10-15 10:57:00,720000,720900
601020,2016-03-23 00:00:00,240303,2021-01-25 13:36:00,240000,240300
601020,2021-07-30 00:00:00,240401,2021-07-31 16:18:00,240000,240400
601020,2022-07-29 00:00:00,240303,2025-12-03 14:34:00,240000,240300
601021,2014-01-19 00:00:00,420401,2015-10-27 15:28:00,420000,420400
601021,2021-07-30 00:00:00,421001,2025-10-15 10:57:00,420000,421000
601022,2022-11-04 00:00:00,421101,2025-10-15 10:57:00,420000,421100
601026,2025-09-26 12:13:00,220504,2025-10-17 14:23:00,220000,220500
601028,2011-10-27 00:00:00,260501,2015-10-27 15:29:00,260000,260500
601028,2014-02-21 00:00:00,640401,2024-09-27 12:41:00,640000,640400
601028,2021-07-30 00:00:00,420802,2021-07-31 16:18:00,420000,420800
601028,2021-09-17 00:00:00,450201,2021-09-17 16:50:00,450000,450200
601028,2024-07-30 12:45:00,240401,2025-01-08 14:36:00,240000,240400
601033,2023-12-29 00:00:00,760103,2026-04-02 13:26:00,760000,760100
601038,2012-07-27 00:00:00,260203,2015-10-27 15:29:00,260000,260200
601038,2014-02-21 00:00:00,640207,2024-09-27 12:41:00,640000,640200
601058,2011-01-22 00:00:00,220601,2015-10-27 15:29:00,220000,220600
601058,2021-07-30 00:00:00,280204,2025-09-26 17:00:00,280000,280200
601059,2022-12-23 00:00:00,490101,2022-12-27 11:40:00,490000,490100
601061,2023-03-27 00:00:00,450201,2023-03-27 16:28:00,450000,450200
601065,2023-03-27 00:00:00,220201,2023-03-27 16:28:00,220000,220200
601066,2018-06-26 15:14:00,490101,2021-03-03 15:31:00,490000,490100
601068,2018-08-09 16:44:00,620404,2019-08-09 15:39:00,620000,620400
601069,2015-01-15 00:00:00,240401,2021-01-25 13:36:00,240000,240400
601077,2019-09-16 14:41:00,480101,2021-03-03 15:31:00,480000,480100
601077,2021-07-30 00:00:00,480501,2025-10-22 09:59:00,480000,480500
601083,2023-11-17 00:00:00,421101,2025-10-15 10:57:00,420000,421100
601086,2017-09-21 17:22:00,450301,2020-03-06 13:55:00,450000,450300
601088,2007-10-08 00:00:00,210201,2015-10-27 15:29:00,210000,210200
601088,2021-07-30 00:00:00,740101,2025-10-15 10:57:00,740000,740100
601089,2022-06-17 00:00:00,370102,2022-06-17 17:11:00,370000,370100
601096,2023-12-08 00:00:00,620401,2024-07-29 11:30:00,620000,620400
601098,2010-10-20 00:00:00,470401,2015-10-27 15:29:00,470000,470400
601098,2014-02-21 00:00:00,720101,2024-09-27 12:41:00,720000,720100
601098,2021-07-30 00:00:00,720901,2025-10-15 10:57:00,720000,720900
601099,2007-12-27 00:00:00,440301,2015-10-27 15:29:00,440000,440300
601099,2014-02-21 00:00:00,490101,2024-09-27 12:41:00,490000,490100
601100,2011-10-18 00:00:00,260102,2015-10-27 15:29:00,260000,260100
601100,2014-02-21 00:00:00,640102,2024-09-27 12:41:00,640000,640100
601100,2021-07-30 00:00:00,640602,2025-10-15 10:57:00,640000,640600
601101,2010-01-15 00:00:00,210201,2015-10-27 15:29:00,210000,210200
601101,2021-07-30 00:00:00,740101,2025-10-15 10:57:00,740000,740100
601106,2010-01-25 00:00:00,260205,2015-10-27 15:29:00,260000,260200
601106,2014-02-21 00:00:00,640203,2024-09-27 12:41:00,640000,640200
601107,2009-01-06 00:00:00,420201,2015-10-27 15:29:00,420000,420200
601107,2021-07-30 00:00:00,420901,2025-10-15 10:57:00,420000,420900
601108,2017-10-10 13:23:00,490101,2021-03-03 15:31:00,490000,490100
601111,2006-08-18 00:00:00,420401,2015-10-27 15:29:00,420000,420400
601111,2021-07-30 00:00:00,421001,2025-10-15 10:57:00,420000,421000
601112,2026-01-09 16:32:00,220901,2026-01-09 16:32:00,220000,220900
601112,2026-01-23 16:30:00,610202,2026-04-27 14:53:00,610000,610200
601113,2011-01-26 00:00:00,220404,2015-10-27 15:29:00,220000,220400
601113,2019-07-24 00:00:00,450303,2019-08-09 15:40:00,450000,450300
601113,2021-07-30 00:00:00,450602,2021-07-31 16:18:00,450000,450600
601113,2025-08-11 17:30:00,220406,2025-08-11 17:30:00,220000,220400
601116,2011-02-18 00:00:00,450102,2015-10-27 15:29:00,450000,450100
601116,2014-02-21 00:00:00,450302,2024-09-27 12:41:00,450000,450300
601117,2009-12-21 00:00:00,250201,2015-10-27 15:29:00,250000,250200
601117,2011-10-10 00:00:00,250205,2015-10-27 15:29:00,250000,250200
601117,2014-02-21 00:00:00,620402,2024-09-27 12:41:00,620000,620400
601118,2010-01-28 00:00:00,110103,2015-10-27 15:28:00,110000,110100
601121,2023-02-24 00:00:00,230301,2025-01-08 14:36:00,230000,230300
601123,2026-08-14 16:46:00,230301,2026-08-14 16:46:00,230000,230300
601126,2010-12-24 00:00:00,260402,2015-10-27 15:29:00,260000,260400
601126,2014-02-21 00:00:00,630201,2024-09-27 12:41:00,630000,630200
601126,2021-07-30 00:00:00,630803,2025-10-15 10:57:00,630000,630800
601127,2016-05-25 00:00:00,280101,2019-08-09 15:39:00,280000,280100
601127,2021-07-30 00:00:00,280502,2024-04-22 10:26:00,280000,280500
601127,2024-07-30 12:45:00,280501,2026-04-14 11:02:00,280000,280500
601128,2016-08-23 00:00:00,480101,2021-03-03 15:31:00,480000,480100
601128,2021-07-30 00:00:00,480501,2021-07-31 16:18:00,480000,480500
601133,2023-03-27 00:00:00,620404,2023-06-18 19:57:00,620000,620400
601136,2022-11-21 00:00:00,490101,2022-11-21 12:26:00,490000,490100
601137,2011-01-19 00:00:00,240103,2015-10-27 15:28:00,240000,240100
601137,2014-02-21 00:00:00,240302,2024-09-27 12:41:00,240000,240300
601137,2021-07-30 00:00:00,240201,2022-03-31 09:40:00,240000,240200
601138,2018-05-28 11:25:00,270501,2021-03-03 15:32:00,270000,270500
601138,2021-07-30 00:00:00,270504,2025-10-22 08:30:00,270000,270500
601139,2009-01-04 00:00:00,410301,2015-10-27 15:29:00,410000,410300
601155,2015-12-24 00:00:00,430101,2021-03-03 15:31:00,430000,430100
601155,2021-07-30 00:00:00,430102,2021-07-31 16:18:00,430000,430100
601156,2021-05-21 09:52:00,420801,2021-07-06 09:18:00,420000,420800
601156,2021-07-30 00:00:00,420805,2025-10-15 10:57:00,420000,420800
601158,2010-01-09 00:00:00,410201,2015-10-27 15:29:00,410000,410200
601158,2021-07-30 00:00:00,760102,2025-10-15 10:57:00,760000,760100
601162,2018-09-18 14:52:00,490101,2021-03-03 15:37:00,490000,490100
601163,2016-08-23 00:00:00,220601,2021-07-01 09:34:00,220000,220600
601163,2021-07-30 00:00:00,280204,2025-01-08 14:36:00,280000,280200
601166,2007-02-05 00:00:00,440101,2015-10-27 15:29:00,440000,440100
601166,2014-02-21 00:00:00,480101,2024-09-27 12:41:00,480000,480100
601166,2021-07-30 00:00:00,480301,2021-07-31 16:18:00,480000,480300
601168,2007-07-11 00:00:00,240101,2024-10-09 12:25:00,240000,240100
601168,2008-06-02 00:00:00,240104,2015-10-27 15:29:00,240000,240100
601168,2011-10-10 00:00:00,240103,2015-10-27 15:29:00,240000,240100
601168,2014-02-21 00:00:00,240302,2024-09-27 12:41:00,240000,240300
601168,2017-06-29 00:00:00,240303,2021-03-03 15:19:00,240000,240300
601168,2021-07-30 00:00:00,240302,2024-01-23 13:39:00,240000,240300
601169,2007-09-18 00:00:00,440101,2015-10-27 15:28:00,440000,440100
601169,2014-02-21 00:00:00,480101,2024-09-27 12:41:00,480000,480100
601169,2021-07-30 00:00:00,480401,2022-12-08 15:26:00,480000,480400
601177,2010-09-17 00:00:00,260102,2015-10-27 15:29:00,260000,260100
601177,2014-02-21 00:00:00,640102,2024-09-27 12:41:00,640000,640100
601177,2021-07-30 00:00:00,640108,2025-10-15 10:57:00,640000,640100
601179,2010-01-12 00:00:00,260404,2015-10-27 15:29:00,260000,260400
601179,2014-02-21 00:00:00,630401,2024-09-27 12:41:00,630000,630400
601179,2021-07-30 00:00:00,630801,2025-12-09 16:04:00,630000,630800
601186,2008-02-26 00:00:00,250201,2015-10-27 15:29:00,250000,250200
601186,2011-10-10 00:00:00,250204,2015-10-27 15:29:00,250000,250200
601186,2014-02-21 00:00:00,620304,2024-09-27 12:41:00,620000,620300
601186,2021-07-30 00:00:00,620306,2021-08-25 10:04:00,620000,620300
601187,2020-09-14 08:37:00,480101,2021-01-04 10:08:00,480000,480100
601187,2021-07-30 00:00:00,480401,2026-07-10 15:13:00,480000,480400
601188,2010-01-18 00:00:00,420201,2015-10-27 15:29:00,420000,420200
601188,2021-07-30 00:00:00,420901,2025-10-15 10:57:00,420000,420900
601198,2015-01-18 00:08:00,490101,2015-11-05 14:03:00,490000,490100
601199,2011-01-09 00:00:00,410201,2015-10-27 15:29:00,410000,410200
601199,2021-07-30 00:00:00,760102,2025-10-15 10:57:00,760000,760100
601200,2017-04-05 10:13:00,410401,2021-03-03 15:31:00,410000,410400
601200,2021-07-30 00:00:00,760103,2026-04-27 15:47:00,760000,760100
601206,2016-08-23 00:00:00,370501,2020-12-04 14:32:00,370000,370500
601208,2011-01-12 00:00:00,220501,2015-10-27 15:28:00,220000,220500
601208,2021-07-30 00:00:00,220505,2026-02-26 16:27:00,220000,220500
601211,2015-01-18 00:06:00,490101,2021-03-03 15:31:00,490000,490100
601212,2017-01-05 21:39:00,240302,2020-02-21 13:16:00,240000,240300
601212,2021-07-30 00:00:00,240402,2022-05-05 19:39:00,240000,240400
601212,2023-07-04 00:00:00,240302,2025-01-08 14:36:00,240000,240300
601216,2011-01-10 00:00:00,220202,2015-10-27 15:29:00,220000,220200
601218,2011-04-26 00:00:00,260403,2015-10-27 15:29:00,260000,260400
601218,2014-02-21 00:00:00,630302,2024-09-27 12:41:00,630000,630300
601218,2021-07-30 00:00:00,630602,2025-10-15 10:57:00,630000,630600
601222,2011-08-01 00:00:00,260402,2015-10-27 15:29:00,260000,260400
601222,2014-02-21 00:00:00,630203,2024-09-27 12:41:00,630000,630200
601222,2021-07-30 00:00:00,410106,2025-10-15 10:57:00,410000,410100
601222,2026-07-01 10:24:00,630804,2026-07-01 10:24:00,630000,630800
601225,2014-01-08 00:00:00,210201,2015-10-27 15:29:00,210000,210200
601225,2021-07-30 00:00:00,740101,2025-10-15 10:57:00,740000,740100
601226,2014-02-21 00:00:00,620404,2024-10-09 12:26:00,620000,620400
601228,2017-03-10 17:05:00,420101,2019-08-09 15:39:00,420000,420100
601228,2021-07-30 00:00:00,421102,2025-10-15 10:57:00,420000,421100
601229,2016-10-12 00:00:00,480101,2021-03-03 15:31:00,480000,480100
601229,2021-07-30 00:00:00,480401,2025-01-16 20:07:00,480000,480400
601231,2012-01-09 00:00:00,270502,2015-10-27 15:29:00,270000,270500
601231,2021-07-30 00:00:00,270504,2024-04-01 15:27:00,270000,270500
601233,2011-01-05 00:00:00,220401,2015-10-27 15:29:00,220000,220400
601233,2021-07-30 00:00:00,750303,2025-09-11 15:39:00,750000,750300
601236,2019-05-29 11:18:00,490101,2021-03-03 15:37:00,490000,490100
601238,2012-03-29 00:00:00,310101,2015-10-27 15:28:00,310000,310100
601238,2014-02-21 00:00:00,280101,2024-09-27 12:41:00,280000,280100
601238,2021-07-30 00:00:00,280502,2026-02-26 16:27:00,280000,280500
601258,2011-04-15 00:00:00,310401,2015-10-27 15:29:00,310000,310400
601258,2014-02-21 00:00:00,280301,2024-09-27 12:41:00,280000,280300
601258,2021-07-30 00:00:00,280302,2021-07-31 16:18:00,280000,280300
601268,2010-01-18 00:00:00,260204,2015-10-27 15:28:00,260000,260200
601268,2014-02-21 00:00:00,640202,2024-09-27 12:41:00,640000,640200
601268,2021-07-30 00:00:00,640203,2021-07-31 16:18:00,640000,640200
601279,2021-03-29 22:19:00,280201,2021-04-12 13:50:00,280000,280200
601279,2021-07-30 00:00:00,280205,2025-01-08 14:36:00,280000,280200
601288,2010-06-10 00:00:00,440101,2015-10-27 15:29:00,440000,440100
601288,2014-02-21 00:00:00,480101,2024-09-27 12:41:00,480000,480100
601288,2021-07-30 00:00:00,480201,2021-07-31 16:18:00,480000,480200
601298,2019-01-04 09:54:00,420101,2021-03-03 15:31:00,420000,420100
601298,2021-07-30 00:00:00,421102,2025-10-15 10:57:00,420000,421100
601299,2009-12-10 00:00:00,310306,2015-10-27 15:29:00,310000,310300
601299,2014-02-21 00:00:00,640501,2024-09-27 12:41:00,640000,640500
601311,2011-05-25 00:00:00,310201,2015-10-27 15:29:00,310000,310200
601311,2014-02-21 00:00:00,280201,2024-09-27 12:41:00,280000,280200
601311,2021-07-30 00:00:00,630705,2025-10-15 10:57:00,630000,630700
601313,2012-01-05 00:00:00,260208,2015-10-27 15:29:00,260000,260200
601313,2014-02-21 00:00:00,640204,2024-09-27 12:41:00,640000,640200
601318,2007-02-28 00:00:00,440401,2015-10-27 15:29:00,440000,440400
601318,2014-02-21 00:00:00,490201,2024-09-27 12:41:00,490000,490200
601319,2018-10-30 09:41:00,490201,2021-03-03 15:31:00,490000,490200
601326,2017-07-12 01:54:00,420101,2019-08-09 15:39:00,420000,420100
601326,2021-07-30 00:00:00,421102,2025-10-15 10:57:00,420000,421100
601328,2007-05-14 00:00:00,440101,2015-10-27 15:29:00,440000,440100
601328,2014-02-21 00:00:00,480101,2024-09-27 12:41:00,480000,480100
601328,2021-07-30 00:00:00,480201,2022-12-09 09:58:00,480000,480200
601330,2018-05-28 11:26:00,410401,2024-08-01 14:56:00,410000,410400
601330,2021-07-30 00:00:00,760103,2026-04-02 13:26:00,760000,760100
601333,2006-12-20 00:00:00,420701,2015-10-27 15:28:00,420000,420700
601333,2021-07-30 00:00:00,420903,2025-10-15 10:57:00,420000,420900
601336,2011-12-07 00:00:00,440401,2015-10-27 15:29:00,440000,440400
601336,2014-02-21 00:00:00,490201,2024-09-27 12:41:00,490000,490200
601339,2012-01-31 00:00:00,350102,2015-10-27 15:28:00,350000,350100
601360,2018-03-01 11:26:00,710201,2021-03-03 15:32:00,710000,710200
601360,2021-07-30 00:00:00,710402,2023-06-01 14:03:00,710000,710400
601366,2017-03-30 17:26:00,450303,2020-08-10 09:31:00,450000,450300
601368,2015-01-15 00:06:00,410201,2019-08-09 15:39:00,410000,410200
601368,2021-07-30 00:00:00,760102,2025-10-15 10:57:00,760000,760100
601369,2010-04-06 00:00:00,260106,2015-10-27 15:29:00,260000,260100
601369,2014-02-21 00:00:00,640106,2024-09-27 12:41:00,640000,640100
601369,2024-07-30 12:45:00,640203,2025-10-15 10:57:00,640000,640200
601375,2016-12-11 16:17:00,490101,2021-03-03 15:37:00,490000,490100
601377,2010-09-20 00:00:00,440301,2015-10-27 15:29:00,440000,440300
601377,2014-02-21 00:00:00,490101,2024-09-27 12:41:00,490000,490100
601388,2012-04-09 00:00:00,240102,2015-10-27 15:29:00,240000,240100
601388,2014-02-21 00:00:00,240301,2024-09-27 12:41:00,240000,240300
601390,2007-12-03 00:00:00,250201,2015-10-27 15:29:00,250000,250200
601390,2011-10-10 00:00:00,250204,2015-10-27 15:29:00,250000,250200
601390,2014-02-21 00:00:00,620304,2024-09-27 12:41:00,620000,620300
601390,2021-07-30 00:00:00,620306,2022-02-24 12:57:00,620000,620300
601398,2006-10-26 00:00:00,440101,2015-10-27 15:28:00,440000,440100
601398,2014-02-21 00:00:00,480101,2024-09-27 12:41:00,480000,480100
601398,2021-07-30 00:00:00,480201,2021-07-31 16:18:00,480000,480200
601399,2021-03-20 10:43:00,640202,2021-04-12 13:48:00,640000,640200
601399,2021-07-30 00:00:00,640203,2025-10-15 10:57:00,640000,640200
601456,2020-07-21 08:25:00,490101,2021-03-03 15:31:00,490000,490100
601500,2016-09-07 00:00:00,220601,2019-08-09 15:39:00,220000,220600
601500,2021-07-30 00:00:00,280204,2025-09-26 17:00:00,280000,280200
601512,2019-12-05 11:39:00,430201,2021-03-03 15:31:00,430000,430200
601512,2021-07-30 00:00:00,430103,2023-02-20 17:04:00,430000,430100
601515,2012-01-06 00:00:00,360201,2015-10-27 15:28:00,360000,360200
601515,2021-07-30 00:00:00,360205,2025-01-24 16:29:00,360000,360200
601518,2010-01-18 00:00:00,420201,2015-10-27 15:29:00,420000,420200
601518,2021-07-30 00:00:00,420901,2025-10-15 10:57:00,420000,420900
601519,2011-01-19 00:00:00,470303,2015-10-27 15:28:00,470000,470300
601519,2011-10-10 00:00:00,470302,2015-10-27 15:28:00,470000,470300
601519,2014-02-21 00:00:00,710201,2024-09-27 12:41:00,710000,710200
601519,2021-07-30 00:00:00,710401,2021-07-31 16:18:00,710000,710400
601528,2021-05-18 11:26:00,480101,2021-07-06 09:19:00,480000,480100
601528,2021-07-30 00:00:00,480501,2026-02-26 16:27:00,480000,480500
601555,2011-12-02 00:00:00,440301,2015-10-27 15:28:00,440000,440300
601555,2014-02-21 00:00:00,490101,2024-09-27 12:41:00,490000,490100
601558,2011-01-05 00:00:00,260403,2015-10-27 15:29:00,260000,260400
601558,2014-02-21 00:00:00,630302,2024-09-27 12:41:00,630000,630300
601566,2011-05-19 00:00:00,350201,2015-10-27 15:29:00,350000,350200
601566,2011-10-10 00:00:00,350202,2021-01-04 09:44:00,350000,350200
601566,2021-07-30 00:00:00,350209,2022-11-01 13:54:00,350000,350200
601567,2011-06-02 00:00:00,260402,2015-10-27 15:29:00,260000,260400
601567,2014-02-21 00:00:00,630203,2024-09-27 12:41:00,630000,630200
601567,2021-07-30 00:00:00,630804,2021-11-30 13:18:00,630000,630800
601567,2022-07-29 00:00:00,630802,2025-12-10 10:16:00,630000,630800
601568,2020-09-24 09:01:00,220202,2020-09-25 15:06:00,220000,220200
601577,2018-08-31 16:17:00,480101,2021-03-03 15:31:00,480000,480100
601577,2021-07-30 00:00:00,480401,2025-01-16 20:07:00,480000,480400
601579,2014-01-31 00:00:00,340306,2015-10-27 15:29:00,340000,340300
601579,2021-07-30 00:00:00,340602,2026-06-29 16:54:00,340000,340600
601588,2006-10-16 00:00:00,430101,2015-10-27 15:28:00,430000,430100
601595,2016-08-04 00:00:00,720102,2019-09-10 17:02:00,720000,720100
601595,2021-07-30 00:00:00,720601,2025-10-15 10:57:00,720000,720600
601598,2019-01-15 14:17:00,420801,2021-03-03 15:31:00,420000,420800
601598,2021-07-30 00:00:00,420805,2025-10-15 10:57:00,420000,420800
601599,2011-01-18 00:00:00,350101,2015-10-27 15:29:00,350000,350100
601599,2019-07-24 00:00:00,720102,2019-08-09 15:38:00,720000,720100
601599,2021-07-30 00:00:00,350106,2021-07-31 16:18:00,350000,350100
601600,2007-04-30 00:00:00,240101,2015-10-27 15:29:00,240000,240100
601600,2008-06-02 00:00:00,240102,2015-10-27 15:29:00,240000,240100
601600,2014-02-21 00:00:00,240301,2024-09-27 12:41:00,240000,240300
601601,2007-12-24 00:00:00,440401,2015-10-27 15:29:00,440000,440400
601601,2014-02-21 00:00:00,490201,2024-09-27 12:41:00,490000,490200
601606,2018-08-09 16:44:00,650301,2021-06-24 09:36:00,650000,650300
601607,1994-03-24 00:00:00,370401,2015-10-27 15:29:00,370000,370400
601607,2021-07-30 00:00:00,370402,2021-07-31 16:18:00,370000,370400
601608,2012-06-26 00:00:00,260204,2015-10-27 15:29:00,260000,260200
601608,2014-02-21 00:00:00,640202,2024-09-27 12:41:00,640000,640200
601608,2021-07-30 00:00:00,640203,2025-10-15 10:57:00,640000,640200
601609,2020-04-08 09:07:00,240302,2020-04-09 13:57:00,240000,240300
601611,2016-05-25 00:00:00,620305,2020-02-24 23:05:00,620000,620300
601611,2021-07-30 00:00:00,620306,2024-01-15 10:33:00,620000,620300
601615,2019-01-04 09:55:00,630302,2021-03-03 15:31:00,630000,630300
601615,2021-07-30 00:00:00,630601,2025-12-10 10:17:00,630000,630600
601616,2011-01-25 00:00:00,260404,2015-10-27 15:28:00,260000,260400
601616,2014-02-21 00:00:00,630402,2024-09-27 12:41:00,630000,630400
601616,2021-07-30 00:00:00,630802,2025-10-15 10:57:00,630000,630800
601618,2009-09-01 00:00:00,250201,2015-10-27 15:29:00,250000,250200
601618,2011-10-10 00:00:00,250205,2015-10-27 15:29:00,250000,250200
601618,2014-02-21 00:00:00,620404,2024-09-27 12:41:00,620000,620400
601619,2017-07-12 01:55:00,410105,2019-08-09 15:38:00,410000,410100
601619,2021-07-30 00:00:00,410107,2025-10-15 10:57:00,410000,410100
601628,2007-01-08 00:00:00,440401,2015-10-27 15:29:00,440000,440400
601628,2014-02-21 00:00:00,490201,2024-09-27 12:41:00,490000,490200
601633,2011-09-19 00:00:00,310101,2015-10-27 15:28:00,310000,310100
601633,2014-02-21 00:00:00,280101,2024-09-27 12:41:00,280000,280100
601633,2021-07-30 00:00:00,280502,2021-07-31 16:18:00,280000,280500
601636,2011-08-04 00:00:00,250101,2015-10-27 15:29:00,250000,250100
601636,2014-02-21 00:00:00,610201,2024-09-27 12:41:00,610000,610200
601658,2019-11-01 13:33:00,480101,2021-03-03 15:31:00,480000,480100
601658,2021-07-30 00:00:00,480201,2025-12-15 16:31:00,480000,480200
601665,2021-05-12 08:58:00,480101,2021-07-06 09:19:00,480000,480100
601665,2021-07-30 00:00:00,480401,2026-06-29 11:46:00,480000,480400
601666,2006-11-21 00:00:00,210201,2015-10-27 15:29:00,210000,210200
601666,2021-07-30 00:00:00,740102,2025-10-15 10:57:00,740000,740100
601668,2009-07-14 00:00:00,250201,2015-10-27 15:29:00,250000,250200
601668,2011-10-10 00:00:00,250203,2015-10-27 15:29:00,250000,250200
601668,2014-02-21 00:00:00,620101,2024-09-27 12:41:00,620000,620100
601669,2011-09-27 00:00:00,250201,2015-10-27 15:29:00,250000,250200
601669,2011-10-10 00:00:00,250204,2015-10-27 15:29:00,250000,250200
601669,2014-02-21 00:00:00,620303,2024-09-27 12:41:00,620000,620300
601669,2021-07-30 00:00:00,620306,2022-02-24 12:57:00,620000,620300
601677,2011-09-06 00:00:00,240102,2015-10-27 15:29:00,240000,240100
601677,2014-02-21 00:00:00,240301,2024-09-27 12:41:00,240000,240300
601678,2010-02-03 00:00:00,220202,2015-10-27 15:28:00,220000,220200
601678,2011-10-10 00:00:00,220702,2015-10-27 15:28:00,220000,220700
601678,2014-02-21 00:00:00,220313,2024-09-27 12:41:00,220000,220300
601678,2019-07-24 00:00:00,220202,2019-08-09 15:39:00,220000,220200
601686,2020-11-25 14:40:00,230102,2020-12-31 09:57:00,230000,230100
601686,2021-07-30 00:00:00,230403,2025-01-08 14:36:00,230000,230400
601688,2010-02-03 00:00:00,440301,2015-10-27 15:29:00,440000,440300
601688,2014-02-21 00:00:00,490101,2024-09-27 12:41:00,490000,490100
601689,2015-01-09 00:03:00,280201,2015-11-05 14:02:00,280000,280200
601689,2021-07-30 00:00:00,280203,2023-02-21 17:32:00,280000,280200
601696,2020-02-04 22:04:00,490101,2021-03-03 15:37:00,490000,490100
601698,2019-06-14 14:48:00,650101,2021-03-03 15:20:00,650000,650100
601699,2006-09-22 00:00:00,210201,2015-10-27 15:29:00,210000,210200
601699,2021-07-30 00:00:00,740102,2025-10-15 10:57:00,740000,740100
601700,2011-01-06 00:00:00,260404,2015-10-27 15:28:00,260000,260400
601700,2014-02-21 00:00:00,630404,2024-09-27 12:41:00,630000,630400
601700,2021-07-30 00:00:00,630805,2025-10-15 10:57:00,630000,630800
601702,2020-08-21 23:02:00,240301,2020-09-08 13:09:00,240000,240300
601717,2010-07-16 00:00:00,260205,2015-10-27 15:29:00,260000,260200
601717,2014-02-21 00:00:00,640203,2024-09-27 12:41:00,640000,640200
601717,2019-07-24 00:00:00,280201,2019-08-09 15:39:00,280000,280200
601717,2021-07-30 00:00:00,640203,2025-10-15 10:57:00,640000,640200
601718,2010-07-27 00:00:00,350201,2015-10-27 15:29:00,350000,350200
601718,2011-10-10 00:00:00,350207,2015-10-27 15:29:00,350000,350200
601718,2021-07-30 00:00:00,350209,2026-01-26 16:15:00,350000,350200
601727,2008-11-11 00:00:00,260403,2015-10-27 15:29:00,260000,260400
601727,2014-02-21 00:00:00,630301,2024-09-27 12:41:00,630000,630300
601728,2021-08-13 00:00:00,730102,2026-06-01 14:47:00,730000,730100
601766,2008-07-28 00:00:00,310306,2015-10-27 15:29:00,310000,310300
601766,2014-02-21 00:00:00,640501,2024-09-27 12:41:00,640000,640500
601777,2010-11-15 00:00:00,310101,2015-10-27 15:29:00,310000,310100
601777,2014-02-21 00:00:00,280101,2024-09-27 12:41:00,280000,280100
601777,2021-07-30 00:00:00,280402,2025-01-24 16:29:00,280000,280400
601778,2020-04-27 08:39:00,410105,2021-03-03 15:31:00,410000,410100
601778,2021-07-30 00:00:00,410106,2025-10-15 10:57:00,410000,410100
601788,2009-07-28 00:00:00,440301,2015-10-27 15:28:00,440000,440300
601788,2014-02-21 00:00:00,490101,2024-09-27 12:41:00,490000,490100
601789,2011-08-05 00:00:00,250201,2015-10-27 15:29:00,250000,250200
601789,2011-10-10 00:00:00,250203,2015-10-27 15:29:00,250000,250200
601789,2014-02-21 00:00:00,620101,2024-09-27 12:41:00,620000,620100
601798,2011-06-09 00:00:00,260205,2015-10-27 15:29:00,260000,260200
601798,2014-02-21 00:00:00,640203,2024-09-27 12:41:00,640000,640200
601799,2011-01-25 00:00:00,310201,2015-10-27 15:29:00,310000,310200
601799,2014-02-21 00:00:00,280201,2024-09-27 12:41:00,280000,280200
601799,2021-07-30 00:00:00,280206,2022-05-05 20:02:00,280000,280200
601799,2022-07-29 00:00:00,280202,2026-02-26 16:27:00,280000,280200
601800,2012-02-14 00:00:00,250204,2015-10-27 15:29:00,250000,250200
601800,2014-02-21 00:00:00,620302,2024-09-27 12:41:00,620000,620300
601800,2021-07-30 00:00:00,620306,2021-08-25 10:04:00,620000,620300
601801,2009-12-31 00:00:00,470401,2015-10-27 15:29:00,470000,470400
601801,2014-02-21 00:00:00,720101,2024-09-27 12:41:00,720000,720100
601801,2021-07-30 00:00:00,720902,2025-10-15 10:57:00,720000,720900
601808,2007-09-27 00:00:00,210101,2015-10-27 15:29:00,210000,210100
601808,2008-06-02 00:00:00,250201,2015-10-27 15:29:00,250000,250200
601808,2011-10-10 00:00:00,210401,2015-10-27 15:29:00,210000,210400
601808,2021-07-30 00:00:00,750201,2026-02-26 16:27:00,750000,750200
601811,2016-08-04 00:00:00,720101,2019-08-09 15:38:00,720000,720100
601811,2021-07-30 00:00:00,720901,2025-10-15 10:57:00,720000,720900
601816,2020-01-06 09:11:00,420701,2021-03-03 15:31:00,420000,420700
601816,2021-07-30 00:00:00,420903,2025-10-15 10:57:00,420000,420900
601818,2010-08-05 00:00:00,440101,2015-10-27 15:28:00,440000,440100
601818,2014-02-21 00:00:00,480101,2024-09-27 12:41:00,480000,480100
601818,2021-07-30 00:00:00,480301,2022-12-08 15:30:00,480000,480300
601825,2021-07-09 14:07:00,480101,2021-07-09 14:07:00,480000,480100
601825,2021-07-30 00:00:00,480501,2023-09-27 15:22:00,480000,480500
601827,2020-05-18 18:07:00,410401,2020-06-17 13:15:00,410000,410400
601827,2021-07-30 00:00:00,760103,2025-10-15 10:57:00,760000,760100
601828,2018-01-07 22:49:00,450502,2021-03-03 15:32:00,450000,450500
601828,2021-07-30 00:00:00,450304,2023-06-28 18:49:00,450000,450300
601838,2017-12-20 21:55:00,480101,2021-03-03 15:31:00,480000,480100
601838,2021-07-30 00:00:00,480401,2021-07-31 16:18:00,480000,480400
601857,2007-11-01 00:00:00,210101,2015-10-27 15:29:00,210000,210100
601857,2021-07-30 00:00:00,750301,2026-02-26 16:27:00,750000,750300
601858,2017-01-05 21:40:00,720101,2019-08-09 15:38:00,720000,720100
601858,2021-07-30 00:00:00,720902,2025-10-15 10:57:00,720000,720900
601860,2018-11-28 11:32:00,480101,2021-03-03 15:33:00,480000,480100
601860,2021-07-30 00:00:00,480501,2022-09-02 09:39:00,480000,480500
601865,2019-01-24 08:52:00,610201,2021-03-03 15:31:00,610000,610200
601865,2021-07-30 00:00:00,630504,2025-10-22 09:59:00,630000,630500
601866,2007-12-11 00:00:00,420601,2015-10-27 15:29:00,420000,420600
601866,2021-07-30 00:00:00,421101,2026-02-26 16:27:00,420000,421100
601868,2021-09-30 00:00:00,620306,2022-02-24 12:57:00,620000,620300
601869,2018-07-06 15:59:00,730202,2019-08-09 15:40:00,730000,730200
601869,2021-07-30 00:00:00,730205,2026-06-01 14:47:00,730000,730200
601872,2006-11-30 00:00:00,420601,2015-10-27 15:29:00,420000,420600
601872,2021-07-30 00:00:00,421101,2025-10-15 10:57:00,420000,421100
601877,2010-01-04 00:00:00,260404,2015-10-27 15:29:00,260000,260400
601877,2014-02-21 00:00:00,630403,2024-09-27 12:41:00,630000,630400
601877,2021-07-30 00:00:00,630802,2026-06-17 14:33:00,630000,630800
601878,2017-05-22 13:47:00,490101,2021-03-03 15:37:00,490000,490100
601880,2010-01-23 00:00:00,420101,2015-10-27 15:28:00,420000,420100
601880,2021-07-30 00:00:00,421102,2025-10-15 10:57:00,420000,421100
601881,2016-12-28 15:56:00,490101,2021-03-03 15:31:00,490000,490100
601882,2016-10-28 21:56:00,640101,2019-08-09 15:39:00,640000,640100
601886,2011-08-09 00:00:00,250202,2015-10-27 15:29:00,250000,250200
601886,2014-02-21 00:00:00,620201,2024-09-27 12:41:00,620000,620200
601888,2009-01-17 00:00:00,460301,2015-10-27 15:29:00,460000,460300
601888,2021-07-30 00:00:00,450701,2022-08-20 04:34:00,450000,450700
601890,2010-12-15 00:00:00,310305,2015-10-27 15:29:00,310000,310300
601890,2014-02-21 00:00:00,650401,2024-09-27 12:41:00,650000,650400
601898,2008-01-02 00:00:00,210201,2015-10-27 15:29:00,210000,210200
601898,2021-07-30 00:00:00,740101,2025-10-15 10:57:00,740000,740100
601899,2008-04-07 00:00:00,240101,2024-10-09 12:27:00,240000,240100
601899,2008-06-02 00:00:00,240105,2015-10-27 15:29:00,240000,240100
601899,2014-02-21 00:00:00,240401,2024-09-27 12:41:00,240000,240400
601899,2021-07-30 00:00:00,240302,2022-03-31 09:37:00,240000,240300
601900,2016-02-03 00:00:00,720101,2019-08-09 15:38:00,720000,720100
601900,2021-07-30 00:00:00,720901,2025-10-15 10:57:00,720000,720900
601901,2011-08-01 00:00:00,440301,2015-10-27 15:28:00,440000,440300
601901,2014-02-21 00:00:00,490101,2024-09-27 12:41:00,490000,490100
601908,2011-08-26 00:00:00,260207,2015-10-27 15:29:00,260000,260200
601908,2011-10-10 00:00:00,260403,2015-10-27 15:29:00,260000,260400
601908,2014-02-21 00:00:00,630303,2024-09-27 12:41:00,630000,630300
601908,2021-07-30 00:00:00,410106,2025-10-15 10:57:00,410000,410100
601916,2019-11-28 09:00:00,480101,2021-03-03 15:35:00,480000,480100
601916,2021-07-30 00:00:00,480301,2025-01-16 20:07:00,480000,480300
601918,2007-12-17 00:00:00,210201,2015-10-27 15:28:00,210000,210200
601918,2021-07-30 00:00:00,740101,2025-10-15 10:57:00,740000,740100
601919,2007-06-26 00:00:00,420601,2015-10-27 15:29:00,420000,420600
601919,2021-07-30 00:00:00,421101,2025-10-15 10:57:00,420000,421100
601921,2021-06-14 10:01:00,720101,2021-07-06 09:18:00,720000,720100
601921,2021-07-30 00:00:00,720901,2025-10-15 10:57:00,720000,720900
601928,2011-11-21 00:00:00,470401,2015-10-27 15:28:00,470000,470400
601928,2014-02-21 00:00:00,720101,2024-09-27 12:41:00,720000,720100
601928,2021-07-30 00:00:00,720901,2025-10-15 10:57:00,720000,720900
601929,2012-02-09 00:00:00,470204,2015-10-27 15:29:00,470000,470200
601929,2014-02-21 00:00:00,720103,2024-09-27 12:41:00,720000,720100
601929,2021-07-30 00:00:00,721001,2025-10-15 10:57:00,720000,721000
601933,2010-12-07 00:00:00,450102,2015-10-27 15:29:00,450000,450100
601933,2014-02-21 00:00:00,450302,2024-09-27 12:41:00,450000,450300
601939,2007-09-24 00:00:00,440101,2015-10-27 15:29:00,440000,440100
601939,2014-02-21 00:00:00,480101,2024-09-27 12:41:00,480000,480100
601939,2021-07-30 00:00:00,480201,2022-12-09 09:58:00,480000,480200
601949,2017-08-07 22:21:00,720101,2019-08-09 15:38:00,720000,720100
601949,2021-07-30 00:00:00,720902,2025-10-15 10:57:00,720000,720900
601952,2017-05-04 10:02:00,110102,2021-03-03 15:31:00,110000,110100
601956,2020-12-25 16:01:00,330101,2020-12-31 09:55:00,330000,330100
601956,2021-07-30 00:00:00,330601,2021-07-31 16:18:00,330000,330600
601958,2008-03-27 00:00:00,240101,2024-10-09 12:28:00,240000,240100
601958,2008-06-02 00:00:00,240106,2015-10-27 15:29:00,240000,240100
601958,2014-02-21 00:00:00,240504,2024-09-27 12:41:00,240000,240500
601958,2021-07-30 00:00:00,240505,2025-01-21 09:29:00,240000,240500
601963,2021-01-03 09:08:00,480101,2021-03-08 21:22:00,480000,480100
601963,2021-07-30 00:00:00,480401,2025-01-24 16:29:00,480000,480400
601965,2012-05-30 00:00:00,310402,2015-10-27 15:29:00,310000,310400
601965,2014-02-21 00:00:00,280301,2024-09-27 12:41:00,280000,280300
601965,2021-07-30 00:00:00,280303,2026-04-14 11:02:00,280000,280300
601966,2016-06-24 00:00:00,220601,2021-07-01 09:29:00,220000,220600
601966,2021-07-30 00:00:00,280204,2025-09-26 17:00:00,280000,280200
601968,2015-01-15 00:06:00,360201,2019-08-09 15:39:00,360000,360200
601968,2021-07-30 00:00:00,360203,2025-06-13 08:11:00,360000,360200
601969,2014-01-25 00:00:00,210301,2015-10-27 15:28:00,210000,210300
601969,2021-07-30 00:00:00,230301,2025-01-08 14:36:00,230000,230300
601975,2019-01-04 09:13:00,420601,2020-01-09 09:26:00,420000,420600
601975,2021-07-30 00:00:00,421101,2025-10-15 10:57:00,420000,421100
601985,2015-06-15 00:00:00,410105,2021-03-03 15:31:00,410000,410100
601985,2021-07-30 00:00:00,410108,2025-10-15 10:57:00,410000,410100
601988,2006-05-31 00:00:00,440101,2015-10-27 15:29:00,440000,440100
601988,2014-02-21 00:00:00,480101,2024-09-27 12:41:00,480000,480100
601988,2021-07-30 00:00:00,480201,2021-07-31 16:18:00,480000,480200
601989,2009-11-30 00:00:00,310305,2015-10-27 15:29:00,310000,310300
601989,2014-02-21 00:00:00,650401,2024-09-27 12:41:00,650000,650400
601990,2018-05-05 17:28:00,490101,2021-03-03 15:37:00,490000,490100
601991,2006-12-19 00:00:00,410101,2015-10-27 15:28:00,410000,410100
601992,2011-02-28 00:00:00,250102,2015-10-27 15:29:00,250000,250100
601992,2014-02-21 00:00:00,610101,2024-09-27 12:41:00,610000,610100
601992,2017-06-29 00:00:00,510101,2018-06-20 15:08:00,510000,510100
601992,2019-07-24 00:00:00,610101,2019-08-09 15:39:00,610000,610100
601995,2020-10-16 16:01:00,490101,2021-03-03 15:31:00,490000,490100
601996,2011-01-20 00:00:00,360303,2015-10-27 15:28:00,360000,360300
601996,2019-05-13 00:00:00,360302,2019-08-09 15:39:00,360000,360300
601996,2021-07-30 00:00:00,360306,2021-07-31 16:18:00,360000,360300
601996,2022-07-29 00:00:00,360311,2022-07-29 11:54:00,360000,360300
601997,2016-08-04 00:00:00,480101,2021-03-03 15:20:00,480000,480100
601997,2021-07-30 00:00:00,480401,2021-07-31 16:18:00,480000,480400
601998,2007-04-27 00:00:00,440101,2015-10-27 15:29:00,440000,440100
601998,2014-02-21 00:00:00,480101,2024-09-27 12:41:00,480000,480100
601998,2021-07-30 00:00:00,480301,2021-07-31 16:18:00,480000,480300
601999,2007-12-20 00:00:00,470401,2015-10-27 15:28:00,470000,470400
601999,2014-02-21 00:00:00,720101,2024-09-27 12:41:00,720000,720100
601999,2021-07-30 00:00:00,720902,2025-10-15 10:57:00,720000,720900
603000,2012-04-17 00:00:00,470201,2015-10-27 15:29:00,470000,470200
603000,2014-02-21 00:00:00,720301,2024-09-27 12:41:00,720000,720300
603000,2021-07-30 00:00:00,720704,2025-10-15 10:57:00,720000,720700
603001,2012-01-18 00:00:00,350205,2015-10-27 15:28:00,350000,350200
603002,2012-05-03 00:00:00,220701,2015-10-27 15:29:00,220000,220700
603002,2014-01-01 00:00:00,220309,2015-10-27 15:29:00,220000,220300
603002,2021-07-30 00:00:00,220501,2021-07-31 16:18:00,220000,220500
603002,2021-10-15 00:00:00,270601,2021-10-15 15:29:00,270000,270600
603003,2012-01-08 00:00:00,220103,2015-10-27 15:29:00,220000,220100
603003,2019-07-24 00:00:00,240302,2021-01-25 13:36:00,240000,240300
603003,2021-07-30 00:00:00,710301,2021-07-31 16:18:00,710000,710300
603004,2023-12-08 00:00:00,220309,2024-07-29 11:30:00,220000,220300
603005,2014-01-22 00:00:00,270101,2015-10-27 15:29:00,270000,270100
603005,2021-07-30 00:00:00,270107,2021-08-26 11:28:00,270000,270100
603006,2014-02-21 00:00:00,280201,2024-10-09 12:36:00,280000,280200
603006,2021-07-30 00:00:00,280205,2025-01-08 14:36:00,280000,280200
603007,2016-07-18 00:00:00,620501,2019-08-09 15:39:00,620000,620500
603007,2021-07-30 00:00:00,620307,2021-08-02 13:20:00,620000,620300
603007,2026-07-01 10:24:00,280203,2026-07-01 10:24:00,280000,280200
603008,2012-01-06 00:00:00,360302,2015-10-27 15:29:00,360000,360300
603008,2021-07-30 00:00:00,360307,2026-08-20 14:06:00,360000,360300
603009,2014-02-21 00:00:00,280201,2024-10-09 12:36:00,280000,280200
603009,2021-07-30 00:00:00,280203,2025-01-08 14:36:00,280000,280200
603010,2014-01-26 00:00:00,220309,2015-10-27 15:29:00,220000,220300
603010,2021-07-30 00:00:00,220501,2021-07-31 16:18:00,220000,220500
603010,2022-07-29 00:00:00,220309,2022-07-29 11:54:00,220000,220300
603011,2014-02-21 00:00:00,640101,2024-10-09 12:37:00,640000,640100
603011,2017-06-29 00:00:00,640209,2019-08-09 15:39:00,640000,640200
603012,2015-03-16 00:00:00,640203,2015-10-27 15:28:00,640000,640200
603013,2018-05-05 17:43:00,280201,2019-08-09 15:39:00,280000,280200
603013,2021-07-30 00:00:00,280203,2025-01-08 14:36:00,280000,280200
603014,2025-04-25 12:38:00,370503,2026-06-07 08:25:00,370000,370500
603015,2015-01-15 00:02:00,630202,2015-10-28 09:05:00,630000,630200
603015,2021-07-30 00:00:00,640702,2025-10-15 10:57:00,640000,640700
603016,2016-07-07 00:00:00,630403,2020-12-04 14:32:00,630000,630400
603016,2021-07-30 00:00:00,630802,2025-10-15 10:57:00,630000,630800
603017,2014-02-21 00:00:00,620302,2024-10-09 12:37:00,620000,620300
603017,2019-07-24 00:00:00,620101,2019-08-09 15:39:00,620000,620100
603017,2021-07-30 00:00:00,620601,2021-07-31 16:18:00,620000,620600
603018,2014-02-21 00:00:00,620302,2024-10-09 12:38:00,620000,620300
603018,2021-07-30 00:00:00,620601,2023-02-20 17:06:00,620000,620600
603019,2014-02-21 00:00:00,710101,2024-10-09 12:38:00,710000,710100
603019,2021-07-30 00:00:00,710103,2021-07-31 16:18:00,710000,710100
603020,2015-01-09 00:03:00,340404,2015-11-05 14:02:00,340000,340400
603020,2021-07-30 00:00:00,220315,2021-07-31 16:18:00,220000,220300
603021,2015-01-13 00:04:00,360303,2015-10-28 09:05:00,360000,360300
603021,2021-07-30 00:00:00,360311,2021-07-31 16:18:00,360000,360300
603022,2015-01-06 00:05:00,360201,2019-08-09 15:39:00,360000,360200
603022,2021-07-30 00:00:00,360206,2021-07-31 16:18:00,360000,360200
603023,2015-01-25 00:05:00,280201,2015-11-05 14:02:00,280000,280200
603023,2021-07-30 00:00:00,280206,2025-01-08 14:36:00,280000,280200
603025,2015-04-13 00:00:00,630202,2015-10-27 15:28:00,630000,630200
603025,2021-07-30 00:00:00,640702,2025-10-15 10:57:00,640000,640700
603026,2015-01-25 00:05:00,220313,2015-11-05 14:02:00,220000,220300
603026,2021-07-30 00:00:00,630702,2025-10-15 10:57:00,630000,630700
603027,2016-03-04 00:00:00,340402,2021-03-03 15:31:00,340000,340400
603027,2021-07-30 00:00:00,340901,2025-06-01 08:45:00,340000,340900
603028,2016-04-07 00:00:00,640401,2019-08-09 15:39:00,640000,640400
603028,2021-07-30 00:00:00,640108,2025-10-15 10:57:00,640000,640100
603029,2016-04-18 00:00:00,640209,2019-08-09 15:39:00,640000,640200
603029,2022-07-29 00:00:00,640207,2025-10-15 10:57:00,640000,640200
603030,2015-01-09 00:03:00,620201,2015-11-05 14:02:00,620000,620200
603031,2016-08-23 00:00:00,340304,2018-06-26 11:13:00,340000,340300
603031,2018-12-24 00:00:00,450302,2019-08-09 15:40:00,450000,450300
603031,2023-07-04 00:00:00,630705,2026-02-26 16:27:00,630000,630700
603032,2016-12-19 12:06:00,420301,2019-08-09 15:39:00,420000,420300
603032,2021-07-30 00:00:00,420902,2021-07-31 16:18:00,420000,420900
603032,2022-07-29 00:00:00,640103,2022-07-29 11:54:00,640000,640100
603032,2023-09-15 00:00:00,630703,2025-10-15 10:57:00,630000,630700
603033,2016-12-01 21:06:00,220602,2024-07-29 11:30:00,220000,220600
603035,2016-12-19 12:06:00,280201,2019-08-09 15:39:00,280000,280200
603035,2021-07-30 00:00:00,280202,2025-01-08 14:36:00,280000,280200
603036,2016-12-01 21:07:00,640203,2019-08-09 15:39:00,640000,640200
603037,2016-12-25 12:13:00,280201,2019-08-09 15:39:00,280000,280200
603037,2021-07-30 00:00:00,280203,2025-01-08 14:36:00,280000,280200
603038,2017-01-05 21:40:00,610303,2019-08-09 15:39:00,610000,610300
603039,2017-01-05 21:40:00,710201,2021-03-03 15:32:00,710000,710200
603039,2021-07-30 00:00:00,710402,2024-01-24 12:37:00,710000,710400
603040,2017-01-24 10:40:00,280201,2021-03-04 13:21:00,280000,280200
603040,2021-07-30 00:00:00,280203,2025-01-08 14:36:00,280000,280200
603041,2017-03-18 14:38:00,220313,2019-08-09 15:39:00,220000,220300
603042,2017-05-22 13:48:00,730203,2018-06-26 11:13:00,730000,730200
603042,2019-07-24 00:00:00,730202,2019-08-09 15:40:00,730000,730200
603042,2021-07-30 00:00:00,730205,2026-06-01 14:47:00,730000,730200
603043,2017-06-20 10:05:00,340404,2021-05-31 15:11:00,340000,340400
603043,2021-07-30 00:00:00,340802,2024-01-23 17:12:00,340000,340800
603045,2018-05-05 17:42:00,240201,2021-01-25 13:36:00,240000,240200
603048,2021-10-29 00:00:00,280205,2025-01-08 14:36:00,280000,280200
603049,2025-05-16 16:10:00,280204,2025-11-10 13:34:00,280000,280200
603050,2017-03-30 17:27:00,630201,2020-12-04 14:32:00,630000,630200
603050,2021-07-30 00:00:00,630803,2025-10-15 10:57:00,630000,630800
603051,2022-03-11 00:00:00,220317,2022-03-11 16:12:00,220000,220300
603052,2022-09-23 00:00:00,270504,2022-09-23 11:06:00,270000,270500
603053,2019-11-29 09:37:00,410301,2019-12-02 09:22:00,410000,410300
603055,2017-09-07 14:56:00,220404,2018-06-26 11:13:00,220000,220400
603055,2018-09-17 00:00:00,350106,2019-08-09 15:38:00,350000,350100
603056,2018-01-07 22:49:00,420801,2021-05-07 09:13:00,420000,420800
603056,2021-07-30 00:00:00,420807,2022-03-17 18:00:00,420000,420800
603056,2022-07-29 00:00:00,420804,2025-10-15 10:57:00,420000,420800
603057,2022-09-09 00:00:00,340803,2025-09-11 10:52:00,340000,340800
603058,2016-12-11 16:18:00,360201,2019-08-09 15:39:00,360000,360200
603058,2021-07-30 00:00:00,360205,2021-07-31 16:18:00,360000,360200
603059,2018-02-12 10:11:00,360303,2018-06-25 10:44:00,360000,360300
603059,2021-07-30 00:00:00,770102,2026-06-22 14:21:00,770000,770100
603060,2016-11-06 18:27:00,510101,2021-06-01 09:24:00,510000,510100
603060,2021-07-30 00:00:00,460802,2021-07-31 16:18:00,460000,460800
603061,2023-02-24 00:00:00,270108,2026-06-23 13:01:00,270000,270100
603062,2023-10-27 00:00:00,220305,2023-10-27 14:02:00,220000,220300
603063,2017-07-12 01:59:00,630202,2020-12-04 14:32:00,630000,630200
603063,2021-07-30 00:00:00,630602,2025-10-15 10:57:00,630000,630600
603065,2023-02-13 00:00:00,220309,2023-02-14 14:22:00,220000,220300
603066,2015-01-19 00:08:00,420801,2015-11-05 14:03:00,420000,420800
603066,2021-07-30 00:00:00,420804,2021-07-31 16:18:00,420000,420800
603066,2022-07-29 00:00:00,420806,2025-10-15 10:57:00,420000,420800
603067,2016-09-07 00:00:00,220203,2019-08-09 15:39:00,220000,220200
603068,2019-03-26 14:10:00,270101,2019-08-09 15:38:00,270000,270100
603068,2021-07-30 00:00:00,270105,2023-04-25 09:33:00,270000,270100
603069,2016-06-24 00:00:00,420301,2019-08-09 15:39:00,420000,420300
603069,2021-07-30 00:00:00,420902,2025-10-15 10:57:00,420000,420900
603070,2022-02-25 00:00:00,630802,2025-10-15 10:57:00,630000,630800
603071,2021-12-03 00:00:00,410104,2021-12-29 14:12:00,410000,410100
603071,2022-07-29 00:00:00,740101,2025-10-15 10:57:00,740000,740100
603071,2026-07-01 10:24:00,410104,2026-07-01 10:24:00,410000,410100
603072,2024-12-20 13:24:00,240202,2025-01-08 14:36:00,240000,240200
603073,2023-02-13 00:00:00,220401,2023-02-14 14:22:00,220000,220400
603075,2023-09-08 00:00:00,330601,2023-09-08 15:31:00,330000,330600
603076,2017-11-08 14:14:00,640209,2021-07-14 09:38:00,640000,640200
603077,2012-01-18 00:00:00,220201,2015-10-27 15:29:00,220000,220200
603077,2022-07-29 00:00:00,220802,2022-07-29 11:54:00,220000,220800
603078,2017-03-30 17:28:00,220309,2020-08-29 13:20:00,220000,220300
603078,2021-07-30 00:00:00,270601,2024-01-19 09:00:00,270000,270600
603079,2017-08-15 17:52:00,370101,2020-12-04 14:32:00,370000,370100
603079,2024-07-30 12:45:00,220315,2025-01-08 14:36:00,220000,220300
603080,2017-12-20 21:56:00,410301,2019-08-09 15:39:00,410000,410300
603081,2017-03-30 17:37:00,620201,2020-12-04 14:41:00,620000,620200
603081,2022-08-12 00:00:00,640209,2025-10-15 10:57:00,640000,640200
603082,2024-01-12 00:00:00,640704,2025-10-15 10:57:00,640000,640700
603083,2017-11-08 14:14:00,730202,2019-08-09 15:40:00,730000,730200
603083,2021-07-30 00:00:00,730206,2026-06-01 14:47:00,730000,730200
603085,2015-01-18 00:06:00,280201,2015-11-05 14:02:00,280000,280200
603085,2021-07-30 00:00:00,280202,2025-01-08 14:36:00,280000,280200
603086,2017-05-04 10:02:00,220303,2019-08-12 09:07:00,220000,220300
603086,2021-07-30 00:00:00,220803,2021-08-02 09:05:00,220000,220800
603087,2020-06-12 08:38:00,370301,2020-07-08 09:52:00,370000,370300
603087,2021-07-30 00:00:00,370304,2021-07-31 16:18:00,370000,370300
603088,2014-02-21 00:00:00,640101,2024-10-09 12:57:00,640000,640100
603089,2017-01-14 18:36:00,280201,2019-08-09 15:39:00,280000,280200
603089,2021-07-30 00:00:00,280203,2025-01-08 14:36:00,280000,280200
603090,2016-08-23 00:00:00,640106,2019-08-09 15:39:00,640000,640100
603091,2024-08-30 10:28:00,360205,2026-03-24 08:15:00,360000,360200
603092,2025-10-17 14:23:00,630602,2025-12-11 07:10:00,630000,630600
603093,2019-08-22 15:00:00,490301,2021-03-03 15:37:00,490000,490300
603093,2021-07-30 00:00:00,490303,2021-07-31 16:18:00,490000,490300
603095,2020-04-02 14:31:00,640206,2020-04-09 13:53:00,640000,640200
603096,2017-04-19 16:49:00,720101,2020-02-24 23:01:00,720000,720100
603096,2021-07-30 00:00:00,720902,2025-10-15 10:57:00,720000,720900
603097,2022-04-22 00:00:00,630801,2025-10-15 10:57:00,630000,630800
603098,2016-12-01 21:08:00,620401,2020-12-04 14:41:00,620000,620400
603099,2014-01-31 00:00:00,460102,2015-10-27 15:28:00,460000,460100
603099,2021-07-30 00:00:00,461003,2021-07-31 16:18:00,460000,461000
603100,2014-02-21 00:00:00,630203,2024-10-09 12:58:00,630000,630200
603100,2021-07-30 00:00:00,640107,2026-03-11 17:28:00,640000,640100
603101,2016-04-18 00:00:00,450303,2019-03-05 15:27:00,450000,450300
603101,2019-07-24 00:00:00,450301,2020-12-04 14:41:00,450000,450300
603101,2023-07-04 00:00:00,450303,2023-07-04 15:14:00,450000,450300
603102,2022-01-14 00:00:00,340407,2022-01-17 11:16:00,340000,340400
603103,2017-09-21 17:22:00,720102,2019-08-09 15:38:00,720000,720100
603103,2021-07-30 00:00:00,720602,2025-10-15 10:57:00,720000,720600
603105,2018-06-26 15:31:00,630303,2019-08-09 15:38:00,630000,630300
603105,2020-11-13 00:00:00,410105,2020-12-04 14:32:00,410000,410100
603105,2021-07-30 00:00:00,410106,2025-10-15 10:57:00,410000,410100
603106,2017-09-07 14:56:00,710101,2019-08-09 15:39:00,710000,710100
603106,2021-07-30 00:00:00,710103,2021-07-31 16:18:00,710000,710100
603107,2023-10-13 00:00:00,280203,2025-01-08 14:36:00,280000,280200
603108,2015-05-25 00:00:00,370601,2020-12-04 14:32:00,370000,370600
603108,2021-07-30 00:00:00,370602,2021-07-31 16:18:00,370000,370600
603108,2022-07-29 00:00:00,370402,2025-01-24 16:29:00,370000,370400
603109,2019-12-12 13:30:00,280201,2020-01-09 09:29:00,280000,280200
603109,2021-07-30 00:00:00,280205,2025-01-08 14:36:00,280000,280200
603110,2017-09-25 11:03:00,220305,2019-08-09 15:39:00,220000,220300
603111,2014-02-21 00:00:00,640501,2024-10-09 12:58:00,640000,640500
603112,2020-08-31 09:44:00,330105,2020-09-08 13:08:00,330000,330100
603112,2021-07-30 00:00:00,330601,2024-01-03 13:14:00,330000,330600
603113,2017-05-04 10:03:00,210202,2021-03-03 15:31:00,210000,210200
603113,2021-07-30 00:00:00,740201,2024-04-01 15:29:00,740000,740200
603113,2024-05-21 00:00:00,220204,2025-01-08 14:36:00,220000,220200
603115,2019-07-31 09:55:00,240301,2021-01-25 13:36:00,240000,240300
603115,2026-07-01 10:24:00,270601,2026-07-01 10:24:00,270000,270600
603116,2015-01-18 00:06:00,350205,2015-11-05 14:02:00,350000,350200
603117,2015-01-19 00:08:00,420801,2019-08-09 15:39:00,420000,420800
603117,2021-07-30 00:00:00,420805,2025-10-15 10:57:00,420000,420800
603118,2015-02-15 00:00:00,730202,2015-10-27 15:28:00,730000,730200
603118,2019-07-24 00:00:00,730201,2019-08-09 15:40:00,730000,730200
603118,2021-07-30 00:00:00,730206,2026-06-01 14:47:00,730000,730200
603119,2023-07-14 00:00:00,280205,2025-10-15 10:57:00,280000,280200
603120,2025-03-28 09:37:00,220309,2025-10-15 10:57:00,220000,220300
603121,2018-11-28 11:32:00,280201,2019-08-09 15:39:00,280000,280200
603121,2021-07-30 00:00:00,280203,2025-01-08 14:36:00,280000,280200
603122,2022-01-07 00:00:00,370402,2022-01-07 16:08:00,370000,370400
603123,2012-04-18 00:00:00,450101,2015-10-27 15:28:00,450000,450100
603123,2014-02-21 00:00:00,450301,2024-09-27 12:41:00,450000,450300
603124,2025-02-28 19:56:00,240201,2025-10-15 10:57:00,240000,240200
603125,2023-03-27 00:00:00,220309,2023-12-25 16:35:00,220000,220300
603126,2014-01-31 00:00:00,410401,2015-10-27 15:29:00,410000,410400
603126,2021-07-30 00:00:00,760103,2022-10-11 14:53:00,760000,760100
603126,2024-07-30 12:45:00,760201,2025-10-15 10:57:00,760000,760200
603127,2017-08-15 17:52:00,370601,2021-06-29 13:43:00,370000,370600
603127,2021-07-30 00:00:00,370603,2025-09-09 10:17:00,370000,370600
603128,2012-01-17 00:00:00,420801,2015-10-27 15:29:00,420000,420800
603128,2021-07-30 00:00:00,420805,2025-10-15 10:57:00,420000,420800
603129,2017-08-07 22:21:00,280401,2019-08-09 15:39:00,280000,280400
603129,2021-07-30 00:00:00,280402,2025-01-08 14:36:00,280000,280400
603130,2022-11-17 00:00:00,350106,2022-11-17 11:21:00,350000,350100
603131,2016-05-25 00:00:00,640106,2019-08-09 15:39:00,640000,640100
603132,2022-01-28 00:00:00,240303,2025-01-08 14:36:00,240000,240300
603133,2017-03-01 14:31:00,220309,2019-08-09 15:39:00,220000,220300
603133,2021-07-30 00:00:00,270504,2021-07-31 16:18:00,270000,270500
603135,2023-03-27 00:00:00,640203,2025-10-15 10:57:00,640000,640200
603136,2017-09-21 17:22:00,460102,2021-03-03 15:31:00,460000,460100
603136,2021-07-30 00:00:00,461002,2022-02-08 15:57:00,460000,461000
603136,2022-07-29 00:00:00,461003,2026-02-26 16:27:00,460000,461000
603137,2023-03-31 00:00:00,620201,2023-04-03 11:04:00,620000,620200
603138,2017-02-14 17:47:00,710202,2019-08-09 15:39:00,710000,710200
603138,2021-07-30 00:00:00,710301,2021-07-31 16:18:00,710000,710300
603139,2017-03-30 17:30:00,370201,2020-12-04 14:32:00,370000,370200
603150,2022-01-07 00:00:00,220501,2022-01-07 16:08:00,220000,220500
603151,2022-09-23 00:00:00,110402,2022-09-23 11:06:00,110000,110400
603153,2023-02-24 00:00:00,620601,2023-12-07 10:03:00,620000,620600
603155,2020-08-14 14:57:00,220309,2020-08-17 10:51:00,220000,220300
603155,2021-07-30 00:00:00,220316,2021-07-31 16:18:00,220000,220300
603156,2018-01-29 19:38:00,340304,2021-03-03 15:20:00,340000,340300
603156,2021-07-30 00:00:00,340701,2025-01-08 14:36:00,340000,340700
603157,2017-09-07 14:56:00,350203,2019-08-09 15:38:00,350000,350200
603157,2021-07-30 00:00:00,350209,2021-07-31 16:18:00,350000,350200
603158,2015-01-09 00:03:00,280201,2015-11-05 14:02:00,280000,280200
603158,2021-07-30 00:00:00,280203,2025-01-08 14:36:00,280000,280200
603159,2016-08-04 00:00:00,640209,2019-08-09 15:39:00,640000,640200
603160,2016-10-12 00:00:00,270203,2017-05-26 10:00:00,270000,270200
603160,2017-06-29 00:00:00,270101,2021-03-03 15:20:00,270000,270100
603160,2021-07-30 00:00:00,270105,2023-10-10 10:42:00,270000,270100
603161,2017-12-08 15:03:00,280201,2019-08-09 15:39:00,280000,280200
603161,2021-07-30 00:00:00,280203,2025-01-08 14:36:00,280000,280200
603162,2023-02-24 00:00:00,421101,2025-10-15 10:57:00,420000,421100
603163,2022-09-02 00:00:00,620404,2023-06-18 19:57:00,620000,620400
603165,2016-12-28 15:56:00,360101,2019-08-09 15:40:00,360000,360100
603165,2021-07-30 00:00:00,360102,2021-07-31 16:18:00,360000,360100
603166,2014-02-21 00:00:00,280201,2024-10-09 12:59:00,280000,280200
603166,2021-07-30 00:00:00,280203,2025-02-18 14:09:00,280000,280200
603167,2012-01-23 00:00:00,420601,2015-10-27 15:28:00,420000,420600
603167,2021-07-30 00:00:00,421101,2025-10-15 10:57:00,420000,421100
603168,2014-01-20 00:00:00,370102,2015-10-27 15:29:00,370000,370100
603169,2014-02-21 00:00:00,640203,2024-10-09 12:59:00,640000,640200
603170,2022-07-01 00:00:00,340901,2025-06-01 08:45:00,340000,340900
603171,2021-06-14 10:01:00,710202,2021-07-06 09:17:00,710000,710200
603171,2021-07-30 00:00:00,710301,2023-06-06 19:32:00,710000,710300
603172,2023-05-04 00:00:00,220308,2023-05-04 09:15:00,220000,220300
603173,2023-01-06 00:00:00,640209,2023-01-09 09:48:00,640000,640200
603173,2023-07-04 00:00:00,640203,2025-10-15 10:57:00,640000,640200
603175,2025-09-26 12:13:00,270202,2025-10-17 14:23:00,270000,270200
603176,2021-12-17 00:00:00,620306,2021-12-29 14:09:00,620000,620300
603177,2017-01-14 18:37:00,410401,2019-08-09 15:38:00,410000,410400
603177,2021-07-30 00:00:00,760101,2025-10-15 10:57:00,760000,760100
603178,2017-02-24 13:11:00,280201,2019-08-09 15:39:00,280000,280200
603178,2021-07-30 00:00:00,280203,2025-01-08 14:36:00,280000,280200
603179,2017-03-01 14:31:00,280201,2018-06-20 15:08:00,280000,280200
603179,2021-07-30 00:00:00,280206,2025-12-24 16:24:00,280000,280200
603180,2017-05-04 10:03:00,360302,2019-08-09 15:39:00,360000,360300
603180,2021-07-30 00:00:00,360308,2021-07-31 16:18:00,360000,360300
603181,2017-08-07 22:22:00,220309,2021-03-03 15:31:00,220000,220300
603181,2021-07-30 00:00:00,220501,2022-06-01 12:48:00,220000,220500
603181,2022-07-29 00:00:00,220309,2022-07-29 11:54:00,220000,220300
603182,2022-08-26 00:00:00,110502,2022-08-26 13:27:00,110000,110500
603183,2017-08-26 09:17:00,510101,2020-09-30 09:59:00,510000,510100
603183,2021-07-30 00:00:00,460802,2022-10-11 14:53:00,460000,460800
603185,2018-12-21 15:41:00,640209,2021-03-04 10:28:00,640000,640200
603185,2021-07-30 00:00:00,630505,2023-02-20 17:08:00,630000,630500
603185,2023-07-04 00:00:00,630501,2025-10-15 10:57:00,630000,630500
603186,2016-12-19 12:06:00,270202,2019-08-09 15:38:00,270000,270200
603187,2018-11-28 11:32:00,640105,2019-08-09 15:39:00,640000,640100
603188,2014-01-10 00:00:00,220308,2015-10-27 15:29:00,220000,220300
603189,2016-09-07 00:00:00,710201,2019-08-09 15:39:00,710000,710200
603189,2021-07-30 00:00:00,710401,2021-07-31 16:18:00,710000,710400
603190,2023-02-13 00:00:00,280205,2025-01-08 14:36:00,280000,280200
603191,2022-03-18 00:00:00,630801,2025-10-15 10:57:00,630000,630800
603192,2018-08-09 16:44:00,220313,2019-08-09 15:39:00,220000,220300
603193,2023-10-13 00:00:00,770102,2024-07-14 10:41:00,770000,770100
603194,2024-12-06 10:29:00,640601,2025-10-15 10:57:00,640000,640600
603195,2020-01-21 17:16:00,360303,2021-03-03 15:32:00,360000,360300
603195,2021-07-30 00:00:00,360311,2024-09-06 09:05:00,360000,360300
603196,2017-05-11 13:42:00,350203,2019-08-09 15:38:00,350000,350200
603196,2021-07-30 00:00:00,350209,2021-07-31 16:18:00,350000,350200
603197,2017-05-04 10:04:00,280201,2019-08-09 15:39:00,280000,280200
603197,2021-07-30 00:00:00,280205,2023-05-29 08:20:00,280000,280200
603198,2015-01-24 00:06:00,340301,2015-11-05 14:02:00,340000,340300
603198,2021-07-30 00:00:00,340501,2025-06-01 08:45:00,340000,340500
603199,2015-03-09 00:00:00,460102,2015-10-27 15:29:00,460000,460100
603199,2021-07-30 00:00:00,461003,2024-06-06 10:48:00,460000,461000
603200,2017-05-22 13:48:00,410401,2019-08-09 15:38:00,410000,410400
603200,2021-07-30 00:00:00,760102,2025-10-15 10:57:00,760000,760100
603201,2022-07-25 00:00:00,640209,2022-07-25 11:55:00,640000,640200
603201,2024-07-30 12:45:00,280205,2025-01-08 14:36:00,280000,280200
603202,2025-04-10 10:24:00,280206,2025-10-15 10:57:00,280000,280200
603203,2016-10-28 21:58:00,640209,2019-08-09 15:39:00,640000,640200
603203,2021-07-30 00:00:00,640702,2025-10-15 10:57:00,640000,640700
603205,2024-10-18 09:54:00,370503,2025-01-08 14:36:00,370000,370500
603206,2022-04-15 00:00:00,730103,2026-06-01 14:47:00,730000,730100
603207,2024-08-07 17:12:00,370102,2025-01-08 14:36:00,370000,370100
603208,2017-01-19 17:14:00,360302,2019-08-09 15:39:00,360000,360300
603208,2021-07-30 00:00:00,360308,2021-07-31 16:18:00,360000,360300
603209,2022-02-18 00:00:00,421101,2026-02-26 16:27:00,420000,421100
603210,2025-03-21 20:48:00,280205,2025-10-15 10:57:00,280000,280200
603211,2022-07-08 00:00:00,280205,2025-01-08 14:36:00,280000,280200
603212,2020-04-16 16:20:00,630303,2020-12-08 10:40:00,630000,630300
603212,2021-07-30 00:00:00,630504,2025-10-15 10:57:00,630000,630500
603213,2021-10-29 00:00:00,220202,2021-11-18 09:14:00,220000,220200
603214,2018-04-03 10:01:00,450401,2018-06-20 15:08:00,450000,450400
603215,2022-01-28 00:00:00,330301,2026-02-26 16:27:00,330000,330300
603216,2021-11-26 00:00:00,360308,2021-12-29 14:13:00,360000,360300
603217,2019-05-20 09:36:00,220309,2019-08-09 15:39:00,220000,220300
603218,2016-12-11 16:18:00,630302,2021-03-03 15:31:00,630000,630300
603218,2021-07-30 00:00:00,630602,2025-10-15 10:57:00,630000,630600
603219,2021-11-05 00:00:00,330302,2021-11-18 09:23:00,330000,330300
603220,2018-10-30 14:03:00,730203,2019-08-09 15:40:00,730000,730200
603220,2021-07-30 00:00:00,730103,2026-06-01 14:47:00,730000,730100
603221,2020-03-10 08:53:00,360302,2021-01-04 10:13:00,360000,360300
603221,2021-07-30 00:00:00,360306,2021-07-31 16:18:00,360000,360300
603222,2015-01-15 00:02:00,370102,2015-11-05 14:03:00,370000,370100
603222,2021-07-30 00:00:00,370503,2021-07-31 16:18:00,370000,370500
603223,2015-01-19 00:08:00,420801,2015-11-05 14:03:00,420000,420800
603223,2021-07-30 00:00:00,420807,2021-07-31 16:18:00,420000,420800
603223,2022-07-29 00:00:00,750302,2022-07-29 11:54:00,750000,750300
603225,2017-03-30 17:30:00,220401,2019-08-09 15:39:00,220000,220400
603226,2017-06-05 14:09:00,360302,2019-08-09 15:39:00,360000,360300
603226,2021-07-30 00:00:00,360306,2021-07-31 16:18:00,360000,360300
603227,2015-01-06 00:05:00,220307,2015-11-05 14:02:00,220000,220300
603228,2016-12-19 12:05:00,270202,2020-03-18 19:58:00,270000,270200
603229,2017-04-19 16:49:00,370101,2020-12-04 14:32:00,370000,370100
603230,2021-11-19 00:00:00,720901,2021-12-29 14:12:00,720000,720900
603230,2023-07-04 00:00:00,720902,2025-10-15 10:57:00,720000,720900
603231,2023-12-01 00:00:00,110502,2024-07-29 11:30:00,110000,110500
603232,2017-04-19 16:49:00,710201,2019-08-09 15:39:00,710000,710200
603232,2021-07-30 00:00:00,710401,2021-07-31 16:18:00,710000,710400
603233,2017-07-12 02:09:00,370401,2024-06-21 14:46:00,370000,370400
603233,2021-07-30 00:00:00,370403,2024-06-21 14:46:00,370000,370400
603235,2022-06-24 00:00:00,220315,2022-08-26 07:17:00,220000,220300
603236,2019-07-02 09:20:00,730201,2021-03-03 15:32:00,730000,730200
603236,2021-07-30 00:00:00,730206,2025-10-15 10:57:00,730000,730200
603237,2022-08-19 00:00:00,340406,2025-11-04 14:13:00,340000,340400
603238,2017-02-07 11:30:00,350106,2019-08-09 15:38:00,350000,350100
603238,2021-07-30 00:00:00,770101,2025-06-03 11:52:00,770000,770100
603238,2025-08-11 17:30:00,350106,2026-01-22 08:48:00,350000,350100
603239,2016-12-01 21:08:00,280201,2016-12-01 21:08:00,280000,280200
603239,2021-07-30 00:00:00,280205,2026-06-24 18:45:00,280000,280200
603248,2025-12-12 13:27:00,630602,2026-04-27 14:53:00,630000,630600
603255,2022-07-15 00:00:00,220309,2025-09-26 17:00:00,220000,220300
603256,2019-06-14 14:48:00,220314,2019-08-09 15:39:00,220000,220300
603256,2021-07-30 00:00:00,610202,2021-08-04 10:42:00,610000,610200
603257,2025-03-14 16:43:00,620601,2025-10-15 10:57:00,620000,620600
603258,2016-10-17 00:00:00,720302,2019-08-09 15:38:00,720000,720300
603258,2021-07-30 00:00:00,720401,2026-04-02 13:26:00,720000,720400
603259,2018-05-05 17:55:00,370601,2021-06-05 20:05:00,370000,370600
603259,2021-07-30 00:00:00,370603,2025-09-09 10:17:00,370000,370600
603260,2017-10-30 14:51:00,240203,2021-03-03 15:31:00,240000,240200
603260,2021-07-30 00:00:00,220901,2021-07-31 16:18:00,220000,220900
603260,2022-07-29 00:00:00,220316,2025-07-28 09:27:00,220000,220300
603261,2022-03-04 00:00:00,650201,2025-10-15 10:57:00,650000,650200
603262,2025-07-11 10:48:00,340407,2025-10-15 10:57:00,340000,340400
603266,2016-12-25 12:13:00,220501,2019-08-09 15:39:00,220000,220500
603266,2022-02-18 00:00:00,280202,2025-01-08 14:36:00,280000,280200
603267,2019-05-06 14:48:00,270203,2021-01-04 10:08:00,270000,270200
603267,2021-02-03 00:00:00,650101,2021-06-25 15:38:00,650000,650100
603267,2021-07-30 00:00:00,650501,2025-10-15 10:57:00,650000,650500
603268,2015-01-09 00:03:00,360303,2015-11-05 14:02:00,360000,360300
603268,2021-07-30 00:00:00,360311,2025-10-15 10:57:00,360000,360300
603268,2026-01-30 15:14:00,650401,2026-03-17 17:11:00,650000,650400
603269,2017-05-04 10:05:00,640106,2019-08-09 15:39:00,640000,640100
603270,2023-08-21 00:00:00,640108,2025-10-15 10:57:00,640000,640100
603271,2025-02-21 14:46:00,240301,2025-10-15 10:57:00,240000,240300
603272,2022-04-29 00:00:00,360311,2022-04-29 17:06:00,360000,360300
603273,2023-10-13 00:00:00,640601,2025-10-15 10:57:00,640000,640600
603275,2023-08-21 00:00:00,640702,2025-10-15 10:57:00,640000,640700
603276,2023-09-08 00:00:00,220309,2023-09-08 15:31:00,220000,220300
603277,2017-08-26 09:18:00,640209,2019-03-01 14:02:00,640000,640200
603277,2019-07-24 00:00:00,640105,2019-08-09 15:39:00,640000,640100
603278,2017-11-08 14:15:00,640401,2019-08-09 15:39:00,640000,640400
603278,2021-07-30 00:00:00,640108,2025-10-15 10:57:00,640000,640100
603279,2019-07-11 13:41:00,640205,2019-08-09 15:39:00,640000,640200
603279,2021-07-30 00:00:00,760201,2024-02-08 18:50:00,760000,760200
603279,2025-04-10 10:24:00,640106,2026-04-02 13:26:00,640000,640100
603280,2022-10-21 00:00:00,640601,2025-10-15 10:57:00,640000,640600
603281,2023-01-06 00:00:00,220316,2023-01-09 09:48:00,220000,220300
603282,2023-02-24 00:00:00,760201,2025-10-15 10:57:00,760000,760200
603283,2017-12-08 15:03:00,640209,2020-11-10 08:58:00,640000,640200
603283,2021-07-30 00:00:00,640702,2025-10-15 10:57:00,640000,640700
603284,2026-01-23 16:30:00,360102,2026-04-27 14:53:00,360000,360100
603285,2024-07-04 00:00:00,220309,2024-07-04 11:57:00,220000,220300
603286,2017-05-22 13:49:00,280201,2019-08-09 15:39:00,280000,280200
603286,2021-07-30 00:00:00,280203,2025-01-08 14:36:00,280000,280200
603288,2014-01-22 00:00:00,340402,2015-10-27 15:28:00,340000,340400
603288,2021-07-30 00:00:00,340901,2021-07-31 16:18:00,340000,340900
603289,2017-10-30 14:51:00,640209,2019-08-09 15:39:00,640000,640200
603290,2020-01-14 10:13:00,270101,2021-04-23 10:07:00,270000,270100
603290,2021-07-30 00:00:00,270102,2022-03-28 11:47:00,270000,270100
603291,2023-02-24 00:00:00,760102,2025-10-15 10:57:00,760000,760100
603293,2026-04-03 12:27:00,280206,2026-04-27 14:53:00,280000,280200
603296,2023-07-31 00:00:00,270504,2026-02-26 16:27:00,270000,270500
603297,2018-08-31 16:17:00,270303,2019-08-09 15:38:00,270000,270300
603298,2016-12-11 16:18:00,640201,2019-08-09 15:39:00,640000,640200
603298,2021-07-30 00:00:00,640601,2025-10-15 10:57:00,640000,640600
603299,2016-01-07 00:00:00,220202,2019-08-09 15:39:00,220000,220200
603299,2021-07-30 00:00:00,220203,2021-07-31 16:18:00,220000,220200
603300,2015-01-25 00:05:00,490301,2021-03-03 15:37:00,490000,490300
603300,2021-07-30 00:00:00,490305,2026-02-26 16:27:00,490000,490300
603301,2018-04-03 10:01:00,370501,2020-12-04 14:32:00,370000,370500
603301,2021-07-30 00:00:00,370503,2021-07-31 16:18:00,370000,370500
603303,2017-03-18 14:37:00,270302,2019-08-09 15:38:00,270000,270300
603303,2021-07-30 00:00:00,330501,2023-04-25 09:33:00,330000,330500
603305,2017-06-28 10:10:00,280201,2020-08-10 09:17:00,280000,280200
603305,2021-07-30 00:00:00,280203,2026-04-14 11:02:00,280000,280200
603306,2014-02-21 00:00:00,280201,2024-10-09 14:15:00,280000,280200
603306,2021-07-30 00:00:00,280202,2025-01-08 14:36:00,280000,280200
603307,2023-01-20 00:00:00,350205,2023-01-20 13:22:00,350000,350200
603308,2014-02-21 00:00:00,640102,2024-10-09 14:15:00,640000,640100
603308,2021-07-30 00:00:00,640108,2025-10-15 10:57:00,640000,640100
603309,2015-01-15 00:02:00,370501,2020-12-04 14:32:00,370000,370500
603309,2021-07-30 00:00:00,370503,2021-07-31 16:18:00,370000,370500
603310,2024-08-02 10:19:00,220311,2025-01-08 14:36:00,220000,220300
603311,2015-01-06 00:05:00,640205,2015-11-05 14:02:00,640000,640200
603311,2020-09-24 00:00:00,330105,2020-09-24 14:58:00,330000,330100
603311,2021-07-30 00:00:00,330601,2022-11-01 13:55:00,330000,330600
603312,2023-12-22 00:00:00,630801,2025-10-15 10:57:00,630000,630800
603313,2016-10-12 00:00:00,360302,2019-08-09 15:39:00,360000,360300
603313,2021-07-30 00:00:00,360307,2021-07-31 16:18:00,360000,360300
603315,2015-01-15 00:04:00,640102,2015-11-05 14:02:00,640000,640100
603315,2021-07-30 00:00:00,640108,2021-08-02 13:24:00,640000,640100
603315,2022-07-29 00:00:00,760101,2025-10-15 10:57:00,760000,760100
603316,2017-05-11 13:42:00,620501,2020-12-04 14:41:00,620000,620500
603316,2021-07-30 00:00:00,620307,2021-08-02 13:20:00,620000,620300
603316,2026-07-01 10:24:00,270104,2026-07-01 10:24:00,270000,270100
603317,2019-04-04 14:25:00,340402,2021-03-03 15:31:00,340000,340400
603317,2021-07-30 00:00:00,340901,2025-06-01 08:45:00,340000,340900
603318,2015-04-13 00:00:00,640209,2019-08-09 15:39:00,640000,640200
603318,2021-07-30 00:00:00,410301,2025-10-15 10:57:00,410000,410300
603319,2016-10-28 21:57:00,280201,2020-09-01 09:28:00,280000,280200
603319,2021-07-30 00:00:00,280203,2026-03-13 07:23:00,280000,280200
603320,2017-04-19 16:50:00,630101,2020-12-04 14:41:00,630000,630100
603321,2017-09-07 14:57:00,640204,2019-08-09 15:39:00,640000,640200
603322,2016-07-18 00:00:00,730203,2019-08-09 15:40:00,730000,730200
603322,2021-07-30 00:00:00,730103,2026-06-01 14:47:00,730000,730100
603323,2016-10-28 21:36:00,480101,2021-02-02 10:26:00,480000,480100
603323,2021-07-30 00:00:00,480501,2022-12-26 13:42:00,480000,480500
603324,2021-07-27 16:46:00,640205,2021-07-29 08:57:00,640000,640200
603324,2021-07-30 00:00:00,760201,2025-10-15 10:57:00,760000,760200
603325,2023-12-22 00:00:00,640203,2025-10-15 10:57:00,640000,640200
603326,2017-05-11 13:43:00,360302,2019-08-09 15:39:00,360000,360300
603326,2021-07-30 00:00:00,360308,2021-07-31 16:18:00,360000,360300
603327,2019-05-06 14:48:00,270502,2019-08-09 15:38:00,270000,270500
603327,2021-07-30 00:00:00,270504,2023-04-25 09:33:00,270000,270500
603328,2004-06-20 00:00:00,270201,2024-10-09 14:18:00,270000,270200
603328,2014-02-21 00:00:00,270202,2024-10-09 14:16:00,270000,270200
603329,2017-12-20 21:56:00,420801,2019-08-09 15:39:00,420000,420800
603329,2021-07-30 00:00:00,420802,2025-10-15 10:57:00,420000,420800
603330,2017-02-08 13:46:00,220313,2019-08-09 15:39:00,220000,220300
603330,2021-07-30 00:00:00,220501,2021-07-31 16:18:00,220000,220500
603331,2017-06-20 10:08:00,640106,2019-08-09 15:39:00,640000,640100
603332,2019-01-04 10:00:00,220401,2019-08-09 15:39:00,220000,220400
603333,2012-04-24 00:00:00,260404,2015-10-27 15:29:00,260000,260400
603333,2014-02-21 00:00:00,630404,2024-09-27 12:41:00,630000,630400
603333,2021-07-30 00:00:00,630805,2025-10-15 10:57:00,630000,630800
603334,2025-10-17 14:23:00,220309,2026-04-27 14:53:00,220000,220300
603335,2017-06-05 14:09:00,280201,2019-08-09 15:39:00,280000,280200
603335,2021-07-30 00:00:00,280204,2025-01-08 14:36:00,280000,280200
603336,2016-11-06 18:27:00,110103,2019-08-09 15:39:00,110000,110100
603337,2017-01-05 21:41:00,640209,2021-05-07 09:13:00,640000,640200
603337,2021-07-30 00:00:00,640206,2025-10-15 10:57:00,640000,640200
603338,2015-03-16 00:00:00,640209,2015-10-27 15:29:00,640000,640200
603338,2021-07-30 00:00:00,640601,2025-10-15 10:57:00,640000,640600
603339,2016-05-09 00:00:00,640105,2019-08-09 15:39:00,640000,640100
603341,2024-02-02 00:00:00,270504,2024-07-29 11:30:00,270000,270500
603344,2024-03-01 00:00:00,630101,2025-10-15 10:57:00,630000,630100
603345,2017-02-08 13:46:00,340404,2017-02-08 13:46:00,340000,340400
603345,2021-07-30 00:00:00,340406,2025-06-01 08:45:00,340000,340400
603348,2018-05-05 17:37:00,280201,2019-08-09 15:39:00,280000,280200
603348,2021-07-30 00:00:00,280205,2025-01-08 14:36:00,280000,280200
603350,2024-06-14 00:00:00,630101,2024-06-14 14:59:00,630000,630100
603351,2019-01-24 08:54:00,370101,2020-12-04 14:32:00,370000,370100
603352,2025-12-26 14:55:00,280205,2026-04-27 14:53:00,280000,280200
603353,2020-03-08 16:00:00,220103,2020-11-06 09:13:00,220000,220100
603353,2021-07-30 00:00:00,750302,2024-04-01 15:29:00,750000,750300
603355,2015-05-06 00:00:00,330104,2015-10-27 15:29:00,330000,330100
603355,2021-07-30 00:00:00,330302,2023-01-03 16:40:00,330000,330300
603356,2018-01-07 22:50:00,640204,2019-08-09 15:39:00,640000,640200
603357,2017-07-26 21:03:00,620302,2020-12-04 14:41:00,620000,620300
603357,2021-07-30 00:00:00,620601,2021-07-31 16:18:00,620000,620600
603358,2017-01-14 18:39:00,280201,2019-08-09 15:39:00,280000,280200
603358,2021-07-30 00:00:00,280205,2025-01-08 14:36:00,280000,280200
603359,2017-08-07 22:22:00,620501,2020-03-16 15:57:00,620000,620500
603359,2021-07-30 00:00:00,620307,2022-05-05 19:38:00,620000,620300
603360,2017-01-14 18:41:00,220303,2017-01-14 18:41:00,220000,220300
603360,2021-07-30 00:00:00,220803,2021-08-02 09:05:00,220000,220800
603361,2023-10-27 00:00:00,640105,2023-10-27 14:02:00,640000,640100
603363,2017-09-07 14:57:00,110401,2019-08-09 15:39:00,110000,110400
603363,2021-07-30 00:00:00,110402,2022-05-05 19:38:00,110000,110400
603365,2017-11-08 14:15:00,350206,2021-04-26 08:53:00,350000,350200
603366,2012-01-10 00:00:00,330105,2015-10-27 15:29:00,330000,330100
603366,2021-07-30 00:00:00,330402,2021-07-31 16:18:00,330000,330400
603367,2017-09-21 17:23:00,370501,2020-12-04 14:32:00,370000,370500
603367,2021-07-30 00:00:00,370102,2021-07-31 16:18:00,370000,370100
603368,2014-01-25 00:00:00,370401,2015-10-27 15:29:00,370000,370400
603368,2021-07-30 00:00:00,370402,2021-07-31 16:18:00,370000,370400
603369,2014-01-20 00:00:00,340301,2015-10-27 15:29:00,340000,340300
603369,2021-07-30 00:00:00,340501,2022-05-09 14:00:00,340000,340500
603370,2025-08-22 16:02:00,630101,2025-10-15 10:57:00,630000,630100
603373,2023-12-01 00:00:00,460804,2024-07-29 11:30:00,460000,460800
603375,2024-01-08 00:00:00,270105,2024-07-29 11:30:00,270000,270100
603376,2025-10-17 14:23:00,280206,2026-04-27 14:53:00,280000,280200
603377,2016-01-25 00:00:00,280301,2021-03-03 15:20:00,280000,280300
603377,2021-07-30 00:00:00,461102,2022-03-03 09:50:00,460000,461100
603378,2017-09-21 17:23:00,220305,2019-08-09 15:39:00,220000,220300
603378,2021-07-30 00:00:00,610305,2024-01-02 08:51:00,610000,610300
603379,2019-03-18 08:57:00,220311,2019-08-09 15:39:00,220000,220300
603380,2017-06-05 14:10:00,270502,2019-08-09 15:38:00,270000,270500
603380,2021-07-30 00:00:00,270504,2023-04-25 09:33:00,270000,270500
603381,2024-06-14 00:00:00,630504,2024-06-14 14:59:00,630000,630500
603382,2025-05-23 12:50:00,220406,2025-10-15 10:57:00,220000,220400
603383,2017-05-04 10:05:00,710201,2019-08-09 15:39:00,710000,710200
603383,2021-07-30 00:00:00,710401,2024-05-31 10:16:00,710000,710400
603385,2017-03-18 14:40:00,360303,2019-08-09 15:39:00,360000,360300
603385,2021-07-30 00:00:00,360309,2021-07-31 16:18:00,360000,360300
603386,2017-08-26 09:19:00,270202,2019-08-09 15:38:00,270000,270200
603387,2017-06-28 10:12:00,370501,2020-12-04 14:32:00,370000,370500
603387,2021-07-30 00:00:00,370504,2024-01-04 12:39:00,370000,370500
603388,2017-02-14 17:51:00,620501,2020-12-04 14:41:00,620000,620500
603388,2021-07-30 00:00:00,620307,2021-08-02 13:20:00,620000,620300
603389,2016-12-01 21:09:00,360302,2019-08-09 15:39:00,360000,360300
603389,2021-07-30 00:00:00,360307,2021-07-31 16:18:00,360000,360300
603390,2019-11-09 14:34:00,280201,2019-11-20 10:44:00,280000,280200
603390,2021-07-30 00:00:00,280206,2025-01-08 14:36:00,280000,280200
603391,2024-07-12 14:59:00,640203,2025-10-15 10:57:00,640000,640200
603392,2020-04-08 09:07:00,370501,2021-03-03 15:32:00,370000,370500
603392,2021-07-30 00:00:00,370504,2021-07-31 16:18:00,370000,370500
603392,2022-07-29 00:00:00,370303,2024-10-10 13:53:00,370000,370300
603392,2026-07-01 10:24:00,370504,2026-07-01 10:24:00,370000,370500
603393,2016-08-31 00:00:00,410301,2021-03-03 15:52:00,410000,410300
603395,2024-11-08 11:17:00,220805,2025-01-08 14:36:00,220000,220800
603396,2017-10-10 13:29:00,630303,2021-04-01 14:13:00,630000,630300
603396,2021-07-30 00:00:00,630505,2025-10-15 10:57:00,630000,630500
603398,2015-12-23 00:00:00,360305,2019-08-09 15:40:00,360000,360300
603398,2021-07-30 00:00:00,360502,2021-07-31 16:18:00,360000,360500
603398,2023-07-04 00:00:00,630501,2025-10-15 10:57:00,630000,630500
603399,2012-08-15 00:00:00,240106,2015-10-27 15:29:00,240000,240100
603399,2014-02-21 00:00:00,240504,2024-09-27 12:41:00,240000,240500
603399,2021-07-30 00:00:00,240505,2021-07-31 16:18:00,240000,240500
603399,2023-07-04 00:00:00,240603,2025-01-08 14:36:00,240000,240600
603400,2025-05-30 09:59:00,640108,2025-12-20 09:35:00,640000,640100
603402,2025-12-26 14:55:00,461004,2026-04-27 14:53:00,460000,461000
603406,2025-07-18 13:48:00,220401,2025-10-15 10:57:00,220000,220400
603407,2026-04-17 12:56:00,240504,2026-04-27 14:53:00,240000,240500
603408,2020-07-13 21:31:00,360303,2024-07-01 08:29:00,360000,360300
603408,2021-07-30 00:00:00,360309,2024-07-01 08:29:00,360000,360300
603409,2025-02-14 14:07:00,280202,2025-02-19 17:18:00,280000,280200
603416,2016-12-11 16:18:00,630202,2020-12-04 14:32:00,630000,630200
603416,2021-07-30 00:00:00,640701,2025-10-15 10:57:00,640000,640700
603418,2025-09-05 18:59:00,280202,2025-10-15 10:57:00,280000,280200
603421,2016-10-12 00:00:00,730201,2019-08-09 15:40:00,730000,730200
603421,2021-07-30 00:00:00,730204,2026-06-01 14:47:00,730000,730200
603429,2017-01-14 18:42:00,360101,2019-01-02 10:15:00,360000,360100
603429,2019-07-24 00:00:00,360201,2019-08-09 15:39:00,360000,360200
603429,2021-07-30 00:00:00,360205,2021-07-31 16:18:00,360000,360200
603435,2026-04-30 18:25:00,220505,2026-04-30 18:25:00,220000,220500
603439,2020-04-13 08:54:00,370201,2020-05-18 11:01:00,370000,370200
603444,2016-12-25 12:14:00,720302,2021-03-03 15:32:00,720000,720300
603444,2021-07-30 00:00:00,720401,2026-04-02 13:26:00,720000,720400
603448,2026-08-21 13:22:00,280203,2026-08-21 13:22:00,280000,280200
603456,2014-01-26 00:00:00,370101,2015-10-27 15:29:00,370000,370100
603456,2021-07-30 00:00:00,370603,2021-07-31 16:18:00,370000,370600
603456,2022-07-29 00:00:00,370101,2023-06-16 18:31:00,370000,370100
603456,2023-07-04 00:00:00,370603,2023-09-01 11:09:00,370000,370600
603458,2017-07-26 21:04:00,620302,2021-03-04 13:21:00,620000,620300
603458,2021-07-30 00:00:00,620601,2021-08-25 10:04:00,620000,620600
603459,2026-03-23 16:17:00,270202,2026-04-27 14:53:00,270000,270200
603466,2017-10-10 13:27:00,620201,2020-12-04 14:41:00,620000,620200
603466,2022-01-14 00:00:00,720706,2025-10-15 10:57:00,720000,720700
603468,2026-07-17 10:20:00,280401,2026-07-17 10:20:00,280000,280400
603477,2017-12-08 15:04:00,350105,2019-08-09 15:38:00,350000,350100
603477,2022-01-21 00:00:00,110702,2022-09-26 09:59:00,110000,110700
603486,2018-05-28 11:26:00,640106,2018-05-28 11:26:00,640000,640100
603486,2018-06-07 00:00:00,330104,2018-07-04 13:42:00,330000,330100
603486,2018-12-12 00:00:00,640106,2021-03-03 15:32:00,640000,640100
603486,2021-07-30 00:00:00,330302,2023-01-09 16:21:00,330000,330300
603488,2017-05-04 10:06:00,630202,2018-06-26 11:13:00,630000,630200
603488,2019-07-24 00:00:00,640204,2019-08-09 15:39:00,640000,640200
603489,2019-09-27 10:46:00,630101,2021-03-04 19:19:00,630000,630100
603496,2017-05-22 13:49:00,710101,2019-08-09 15:39:00,710000,710100
603496,2021-07-30 00:00:00,710103,2021-07-31 16:18:00,710000,710100
603499,2017-09-25 11:03:00,360201,2019-08-09 15:39:00,360000,360200
603499,2021-07-30 00:00:00,360205,2021-07-31 16:18:00,360000,360200
603500,2017-08-26 09:22:00,640501,2019-08-09 15:39:00,640000,640500
603501,2017-04-19 16:50:00,270101,2021-03-03 15:32:00,270000,270100
603501,2021-07-30 00:00:00,270104,2023-04-25 09:33:00,270000,270100
603505,2017-04-19 16:50:00,210301,2019-07-19 17:47:00,210000,210300
603505,2021-07-30 00:00:00,220311,2025-11-28 08:40:00,220000,220300
603506,2018-01-07 22:50:00,430101,2020-09-30 09:59:00,430000,430100
603506,2021-07-30 00:00:00,430301,2022-10-11 14:53:00,430000,430300
603507,2017-10-30 14:52:00,630302,2020-12-04 14:32:00,630000,630300
603507,2021-07-30 00:00:00,630602,2025-10-15 10:57:00,630000,630600
603508,2015-12-24 00:00:00,710202,2015-12-24 10:58:00,710000,710200
603508,2021-07-30 00:00:00,710102,2025-10-15 10:57:00,710000,710100
603511,2021-04-21 16:01:00,350207,2021-04-28 15:18:00,350000,350200
603511,2021-07-30 00:00:00,350205,2021-07-31 16:18:00,350000,350200
603511,2024-07-30 12:45:00,350209,2024-07-30 12:45:00,350000,350200
603515,2016-08-04 00:00:00,270302,2021-03-03 15:32:00,270000,270300
603515,2021-07-30 00:00:00,330501,2023-01-09 16:22:00,330000,330500
603516,2018-01-29 19:39:00,710101,2019-08-09 15:39:00,710000,710100
603516,2021-07-30 00:00:00,710103,2021-07-31 16:18:00,710000,710100
603517,2017-03-01 14:32:00,340404,2021-03-03 15:31:00,340000,340400
603517,2021-07-30 00:00:00,340803,2025-10-15 11:14:00,340000,340800
603518,2014-01-25 00:00:00,350203,2015-10-27 15:29:00,350000,350200
603518,2021-07-30 00:00:00,350209,2021-10-08 14:21:00,350000,350200
603519,2015-03-09 00:00:00,330105,2019-08-09 15:39:00,330000,330100
603519,2021-07-30 00:00:00,330601,2021-07-31 16:18:00,330000,330600
603520,2016-03-04 00:00:00,370101,2021-03-03 15:32:00,370000,370100
603527,2017-08-26 09:23:00,240302,2021-01-25 13:36:00,240000,240300
603528,2016-04-18 00:00:00,280301,2018-06-26 11:13:00,280000,280300
603528,2019-07-24 00:00:00,710201,2019-08-09 15:39:00,710000,710200
603528,2021-07-30 00:00:00,710401,2021-07-31 16:18:00,710000,710400
603529,2021-05-29 21:10:00,280401,2021-07-06 09:10:00,280000,280400
603530,2019-07-02 09:19:00,630404,2020-12-04 14:32:00,630000,630400
603530,2021-07-30 00:00:00,630805,2025-10-15 10:57:00,630000,630800
603533,2017-09-07 00:00:00,720302,2017-09-07 15:49:00,720000,720300
603533,2021-07-30 00:00:00,720705,2025-10-15 10:57:00,720000,720700
603535,2017-07-26 21:05:00,420801,2019-08-09 15:39:00,420000,420800
603535,2021-07-30 00:00:00,420805,2025-10-15 10:57:00,420000,420800
603536,2017-06-05 14:10:00,340404,2019-08-09 15:40:00,340000,340400
603536,2021-07-30 00:00:00,340406,2021-07-31 16:18:00,340000,340400
603538,2017-03-18 14:40:00,370101,2020-12-04 14:32:00,370000,370100
603551,2019-12-27 00:00:00,330104,2019-12-27 09:15:00,330000,330100
603551,2021-07-30 00:00:00,330402,2026-02-26 16:27:00,330000,330400
603555,2014-01-08 00:00:00,350204,2015-10-27 15:28:00,350000,350200
603555,2021-07-30 00:00:00,350208,2021-07-31 16:18:00,350000,350200
603556,2016-10-28 21:57:00,640301,2020-12-07 14:51:00,640000,640300
603556,2021-07-30 00:00:00,630804,2026-04-27 15:47:00,630000,630800
603557,2017-08-07 22:23:00,350205,2019-08-09 15:38:00,350000,350200
603558,2015-01-15 00:00:00,350207,2015-10-27 15:29:00,350000,350200
603558,2021-07-30 00:00:00,350102,2026-01-26 16:15:00,350000,350100
603559,2016-12-01 21:11:00,730203,2019-08-09 15:40:00,730000,730200
603559,2021-07-30 00:00:00,730103,2026-06-01 14:47:00,730000,730100
603565,2020-08-21 23:02:00,420601,2021-03-03 15:31:00,420000,420600
603565,2021-07-30 00:00:00,421101,2025-10-15 10:57:00,420000,421100
603566,2015-01-24 00:06:00,110801,2015-11-05 14:02:00,110000,110800
603567,2015-01-13 00:04:00,370201,2015-10-28 09:05:00,370000,370200
603568,2015-01-25 00:05:00,410401,2015-11-05 14:02:00,410000,410400
603568,2021-07-30 00:00:00,760103,2026-04-27 15:47:00,760000,760100
603569,2016-08-03 00:00:00,420801,2019-08-09 15:39:00,420000,420800
603569,2021-07-30 00:00:00,420807,2025-10-15 10:57:00,420000,420800
603577,2016-12-11 16:18:00,630404,2020-12-04 14:32:00,630000,630400
603577,2021-07-30 00:00:00,630805,2025-10-15 10:57:00,630000,630800
603578,2017-02-14 18:22:00,330105,2020-12-04 14:41:00,330000,330100
603578,2021-07-30 00:00:00,330601,2021-07-31 16:18:00,330000,330600
603579,2017-01-05 00:00:00,640209,2017-01-05 10:06:00,640000,640200
603579,2017-02-28 00:00:00,330105,2017-05-26 10:00:00,330000,330100
603579,2017-06-29 00:00:00,370501,2017-06-29 16:46:00,370000,370500
603579,2017-12-26 00:00:00,330104,2021-04-24 17:43:00,330000,330100
603579,2021-07-30 00:00:00,330701,2024-01-15 10:32:00,330000,330700
603580,2017-05-22 13:49:00,220501,2019-08-09 15:39:00,220000,220500
603583,2018-08-31 16:18:00,630202,2021-06-01 13:01:00,630000,630200
603583,2021-07-30 00:00:00,640702,2025-10-15 10:57:00,640000,640700
603585,2016-12-01 21:11:00,220303,2019-08-09 15:39:00,220000,220300
603585,2021-07-30 00:00:00,220803,2021-07-31 16:18:00,220000,220800
603586,2017-03-18 14:37:00,280201,2019-08-09 15:39:00,280000,280200
603586,2021-07-30 00:00:00,280203,2025-01-08 14:36:00,280000,280200
603587,2017-06-05 14:11:00,350203,2021-03-03 15:31:00,350000,350200
603587,2021-07-30 00:00:00,350209,2021-09-01 12:25:00,350000,350200
603588,2014-01-19 00:00:00,410401,2015-10-27 15:28:00,410000,410400
603588,2021-07-30 00:00:00,760103,2026-04-27 15:47:00,760000,760100
603589,2015-01-18 00:06:00,340301,2015-11-05 14:02:00,340000,340300
603589,2021-07-30 00:00:00,340501,2024-12-04 10:24:00,340000,340500
603590,2018-08-09 16:45:00,370301,2020-12-04 14:32:00,370000,370300
603590,2021-07-30 00:00:00,370304,2021-07-31 16:18:00,370000,370300
603595,2017-06-28 10:10:00,270401,2020-05-14 09:48:00,270000,270400
603595,2021-07-30 00:00:00,270504,2023-04-25 09:33:00,270000,270500
603596,2018-04-03 10:01:00,280201,2020-09-07 09:18:00,280000,280200
603596,2021-07-30 00:00:00,280203,2024-12-02 08:35:00,280000,280200
603598,2015-01-25 00:05:00,720201,2019-08-09 15:38:00,720000,720200
603598,2021-07-30 00:00:00,720501,2025-10-15 10:57:00,720000,720500
603599,2015-01-06 00:05:00,220303,2015-11-05 14:02:00,220000,220300
603599,2021-07-30 00:00:00,220803,2025-12-31 11:31:00,220000,220800
603600,2015-01-15 00:00:00,360302,2019-08-09 15:39:00,360000,360300
603600,2021-07-30 00:00:00,360307,2024-09-03 15:10:00,360000,360300
603601,2015-01-15 00:00:00,220314,2015-10-27 15:29:00,220000,220300
603601,2021-07-30 00:00:00,610202,2023-12-07 10:03:00,610000,610200
603602,2017-08-07 22:23:00,730203,2019-08-09 15:40:00,730000,730200
603602,2021-07-30 00:00:00,730103,2025-10-15 10:57:00,730000,730100
603602,2026-03-05 11:31:00,720501,2026-06-01 14:47:00,720000,720500
603603,2017-01-24 11:02:00,410401,2017-01-24 11:02:00,410000,410400
603603,2021-07-30 00:00:00,760102,2022-10-11 14:53:00,760000,760100
603605,2017-11-08 14:16:00,220304,2024-07-14 10:43:00,220000,220300
603605,2021-07-30 00:00:00,770202,2024-07-14 10:43:00,770000,770200
603606,2014-02-21 00:00:00,630404,2024-10-09 15:59:00,630000,630400
603606,2021-07-30 00:00:00,630805,2025-11-14 17:31:00,630000,630800
603607,2017-10-10 13:30:00,360201,2019-08-09 15:39:00,360000,360200
603607,2021-07-30 00:00:00,360206,2021-07-31 16:18:00,360000,360200
603608,2016-02-22 00:00:00,350205,2021-01-04 09:43:00,350000,350200
603609,2014-01-31 00:00:00,110401,2015-10-27 15:29:00,110000,110400
603609,2021-07-30 00:00:00,110402,2022-11-01 13:55:00,110000,110400
603610,2019-10-21 08:42:00,360302,2019-11-06 09:31:00,360000,360300
603610,2021-07-30 00:00:00,360307,2021-07-31 16:18:00,360000,360300
603611,2015-01-15 00:00:00,640201,2015-10-27 15:29:00,640000,640200
603611,2021-07-30 00:00:00,640601,2021-07-31 16:18:00,640000,640600
603611,2022-07-29 00:00:00,710301,2022-07-29 11:54:00,710000,710300
603611,2024-07-30 12:45:00,640601,2025-10-15 10:57:00,640000,640600
603612,2017-07-12 02:07:00,240203,2021-01-25 13:36:00,240000,240200
603612,2021-07-30 00:00:00,220901,2026-03-26 15:05:00,220000,220900
603613,2019-07-18 11:06:00,720301,2021-03-03 15:32:00,720000,720300
603613,2021-07-30 00:00:00,450601,2025-10-15 10:57:00,450000,450600
603615,2017-01-19 17:14:00,220602,2018-06-20 15:08:00,220000,220600
603615,2018-07-13 00:00:00,220501,2019-08-09 15:39:00,220000,220500
603615,2021-07-30 00:00:00,360311,2021-07-31 16:18:00,360000,360300
603616,2015-01-15 00:06:00,610302,2015-11-05 14:03:00,610000,610300
603616,2021-07-30 00:00:00,610102,2023-12-07 10:03:00,610000,610100
603617,2017-06-20 10:09:00,640106,2019-08-09 15:39:00,640000,640100
603618,2015-01-15 00:02:00,630404,2020-12-04 14:32:00,630000,630400
603618,2021-07-30 00:00:00,630805,2025-10-15 10:57:00,630000,630800
603619,2017-08-07 22:23:00,210401,2019-08-09 15:38:00,210000,210400
603619,2021-07-30 00:00:00,750201,2026-02-26 16:27:00,750000,750200
603626,2017-01-14 18:44:00,640401,2019-08-09 15:39:00,640000,640400
603626,2021-07-30 00:00:00,270504,2021-07-31 16:18:00,270000,270500
603628,2016-12-25 12:14:00,630303,2020-12-04 14:32:00,630000,630300
603628,2021-07-30 00:00:00,630504,2025-10-15 10:57:00,630000,630500
603629,2018-12-21 15:41:00,270502,2019-08-09 15:38:00,270000,270500
603629,2021-07-30 00:00:00,270504,2023-04-25 09:33:00,270000,270500
603630,2017-02-24 13:12:00,220304,2021-03-04 13:20:00,220000,220300
603630,2021-07-30 00:00:00,770202,2025-04-14 11:30:00,770000,770200
603633,2016-11-06 18:28:00,270502,2019-08-09 15:38:00,270000,270500
603633,2021-07-30 00:00:00,270504,2023-04-25 09:33:00,270000,270500
603636,2014-02-21 00:12:00,710202,2024-10-09 15:59:00,710000,710200
603636,2021-07-30 00:00:00,710301,2021-07-31 16:18:00,710000,710300
603637,2017-01-14 19:40:00,620402,2020-12-04 14:41:00,620000,620400
603638,2017-01-05 21:41:00,640209,2021-03-03 15:32:00,640000,640200
603638,2021-07-30 00:00:00,640602,2025-10-15 10:57:00,640000,640600
603639,2016-12-25 12:14:00,220303,2019-08-30 17:34:00,220000,220300
603639,2021-07-30 00:00:00,220803,2024-03-20 09:03:00,220000,220800
603648,2017-08-26 09:24:00,420801,2019-08-09 15:39:00,420000,420800
603648,2021-07-30 00:00:00,420803,2025-10-15 10:57:00,420000,420800
603650,2018-06-26 15:40:00,220602,2019-01-11 14:17:00,220000,220600
603650,2019-07-24 00:00:00,220309,2020-06-08 13:49:00,220000,220300
603650,2021-07-30 00:00:00,220604,2024-03-01 09:49:00,220000,220600
603655,2017-12-20 21:56:00,280201,2019-08-09 15:39:00,280000,280200
603655,2021-07-30 00:00:00,280205,2025-01-08 14:36:00,280000,280200
603656,2017-03-10 17:05:00,640209,2019-08-09 15:39:00,640000,640200
603657,2018-08-09 16:45:00,330105,2019-08-09 15:39:00,330000,330100
603657,2021-07-30 00:00:00,330601,2021-07-31 16:18:00,330000,330600
603658,2016-08-23 00:00:00,370102,2018-06-20 15:08:00,370000,370100
603658,2018-07-13 00:00:00,370501,2021-03-03 15:32:00,370000,370500
603658,2021-07-30 00:00:00,370504,2021-07-31 16:18:00,370000,370500
603659,2017-10-30 14:52:00,270401,2020-06-09 09:55:00,270000,270400
603659,2020-07-24 00:00:00,630305,2021-06-26 16:44:00,630000,630300
603659,2021-07-30 00:00:00,630702,2025-10-15 10:57:00,630000,630700
603660,2016-12-01 21:11:00,710101,2018-06-20 15:08:00,710000,710100
603660,2021-07-30 00:00:00,710103,2024-01-19 11:13:00,710000,710100
603661,2017-11-08 14:16:00,360302,2020-11-10 08:57:00,360000,360300
603661,2021-07-30 00:00:00,360307,2024-09-03 15:13:00,360000,360300
603662,2019-07-24 14:07:00,640301,2019-08-09 15:39:00,640000,640300
603662,2021-07-30 00:00:00,640107,2025-10-15 10:57:00,640000,640100
603663,2016-07-18 00:00:00,240504,2021-01-25 13:36:00,240000,240500
603663,2021-07-30 00:00:00,220203,2021-07-31 16:18:00,220000,220200
603665,2017-02-24 13:16:00,350207,2019-08-09 15:38:00,350000,350200
603665,2021-07-30 00:00:00,350205,2021-07-31 16:18:00,350000,350200
603666,2018-06-12 10:33:00,640106,2020-08-10 09:24:00,640000,640100
603666,2021-07-30 00:00:00,640701,2025-10-15 10:57:00,640000,640700
603667,2016-10-17 00:00:00,640102,2019-08-09 15:39:00,640000,640100
603667,2021-07-30 00:00:00,640108,2025-10-15 10:57:00,640000,640100
603668,2016-12-01 21:19:00,110401,2019-08-09 15:39:00,110000,110400
603668,2021-07-30 00:00:00,110403,2025-01-24 16:29:00,110000,110400
603669,2015-01-25 00:05:00,370102,2015-11-05 14:03:00,370000,370100
603676,2017-07-12 01:56:00,370102,2020-12-04 14:32:00,370000,370100
603677,2017-01-19 17:15:00,330105,2020-12-04 14:41:00,330000,330100
603677,2021-07-30 00:00:00,330601,2021-07-31 16:18:00,330000,330600
603678,2015-01-15 00:00:00,270203,2015-10-27 15:29:00,270000,270200
603678,2021-02-03 00:00:00,650101,2021-06-24 09:49:00,650000,650100
603678,2021-07-30 00:00:00,650501,2025-10-15 10:57:00,650000,650500
603679,2017-06-05 14:11:00,270302,2020-03-31 15:00:00,270000,270300
603680,2017-05-04 10:06:00,640501,2019-08-09 15:39:00,640000,640500
603681,2019-02-18 14:07:00,220309,2019-08-09 15:39:00,220000,220300
603681,2021-07-30 00:00:00,220317,2021-07-31 16:18:00,220000,220300
603682,2020-04-08 09:08:00,450501,2020-04-09 13:59:00,450000,450500
603682,2021-07-30 00:00:00,450304,2021-07-31 16:18:00,450000,450300
603683,2017-10-10 13:28:00,220309,2019-08-09 15:39:00,220000,220300
603683,2021-07-30 00:00:00,220317,2021-07-31 16:18:00,220000,220300
603685,2017-11-21 13:45:00,270302,2019-08-09 15:38:00,270000,270300
603686,2015-01-15 00:00:00,640209,2015-10-27 15:29:00,640000,640200
603686,2021-07-30 00:00:00,760201,2024-04-01 15:29:00,760000,760200
603686,2024-07-30 12:45:00,760104,2025-10-15 10:57:00,760000,760100
603687,2019-06-18 10:09:00,360201,2019-08-09 15:39:00,360000,360200
603687,2021-07-30 00:00:00,360205,2021-07-31 16:18:00,360000,360200
603688,2014-01-08 00:00:00,240203,2015-10-27 15:29:00,240000,240200
603688,2021-07-30 00:00:00,220901,2025-05-06 20:01:00,220000,220900
603689,2016-12-19 12:05:00,410301,2016-12-19 12:05:00,410000,410300
603690,2016-12-25 12:15:00,640209,2024-07-14 10:44:00,640000,640200
603690,2021-07-30 00:00:00,270108,2025-01-24 16:29:00,270000,270100
603693,2018-07-06 15:59:00,410105,2019-08-09 15:38:00,410000,410100
603693,2021-07-30 00:00:00,410107,2025-10-15 10:57:00,410000,410100
603696,2015-12-23 00:00:00,340402,2019-08-09 15:40:00,340000,340400
603696,2021-07-30 00:00:00,340901,2021-07-31 16:18:00,340000,340900
603697,2019-05-06 14:22:00,340404,2020-03-06 13:55:00,340000,340400
603697,2021-07-30 00:00:00,340801,2025-01-08 14:36:00,340000,340800
603698,2015-01-15 00:00:00,620402,2015-10-27 15:29:00,620000,620400
603698,2021-07-30 00:00:00,640203,2025-10-15 10:57:00,640000,640200
603699,2014-02-21 00:00:00,640102,2024-10-09 15:59:00,640000,640100
603699,2021-07-30 00:00:00,640108,2025-10-15 10:57:00,640000,640100
603700,2019-01-04 09:55:00,640301,2019-08-09 15:39:00,640000,640300
603700,2021-07-30 00:00:00,640107,2025-10-15 10:57:00,640000,640100
603701,2016-04-18 00:00:00,280201,2019-08-09 15:39:00,280000,280200
603701,2021-07-30 00:00:00,280203,2025-01-08 14:36:00,280000,280200
603703,2015-04-13 00:00:00,730202,2015-10-27 15:29:00,730000,730200
603703,2021-07-30 00:00:00,270302,2021-07-31 16:18:00,270000,270300
603706,2018-07-06 15:59:00,410301,2019-08-09 15:39:00,410000,410300
603707,2017-07-12 01:56:00,370101,2021-03-03 15:32:00,370000,370100
603707,2021-07-30 00:00:00,370102,2021-07-31 16:18:00,370000,370100
603708,2016-12-01 21:21:00,450302,2016-12-01 21:21:00,450000,450300
603709,2018-02-12 10:12:00,360302,2019-08-09 15:39:00,360000,360300
603709,2021-07-30 00:00:00,360307,2021-07-31 16:18:00,360000,360300
603711,2017-11-21 13:44:00,340304,2021-04-01 14:11:00,340000,340300
603711,2021-07-30 00:00:00,340701,2025-06-01 08:45:00,340000,340700
603712,2018-02-12 10:12:00,730202,2018-06-26 11:13:00,730000,730200
603712,2019-07-24 00:00:00,730201,2021-03-03 15:32:00,730000,730200
603712,2021-07-30 00:00:00,650501,2025-10-15 10:57:00,650000,650500
603713,2018-07-06 16:00:00,420801,2021-03-03 15:31:00,420000,420800
603713,2021-07-30 00:00:00,420806,2026-02-26 16:27:00,420000,420800
603716,2016-11-02 11:09:00,370401,2020-12-04 14:32:00,370000,370400
603716,2021-07-30 00:00:00,370402,2021-07-31 16:18:00,370000,370400
603717,2017-02-24 13:12:00,620501,2019-08-09 15:39:00,620000,620500
603717,2021-07-30 00:00:00,620307,2021-08-02 13:20:00,620000,620300
603717,2025-08-11 17:30:00,110702,2025-08-11 17:30:00,110000,110700
603718,2015-05-06 00:00:00,110801,2019-08-09 15:39:00,110000,110800
603718,2026-01-30 15:14:00,370503,2026-01-30 15:14:00,370000,370500
603719,2020-01-22 17:03:00,340404,2021-03-03 15:31:00,340000,340400
603719,2021-07-30 00:00:00,340801,2025-09-11 10:52:00,340000,340800
603721,2017-08-07 22:24:00,720102,2019-08-09 15:38:00,720000,720100
603721,2021-07-30 00:00:00,720601,2025-10-15 10:57:00,720000,720600
603722,2017-10-10 13:28:00,220309,2019-08-09 15:39:00,220000,220300
603722,2021-07-30 00:00:00,220501,2021-07-31 16:18:00,220000,220500
603722,2022-07-29 00:00:00,220309,2022-07-29 11:54:00,220000,220300
603725,2017-08-26 09:24:00,610303,2024-06-18 19:40:00,610000,610300
603725,2019-07-24 00:00:00,220309,2024-06-18 19:40:00,220000,220300
603725,2024-07-30 12:45:00,360306,2024-07-30 12:45:00,360000,360300
603726,2016-04-18 00:00:00,330105,2020-12-04 14:41:00,330000,330100
603726,2021-07-30 00:00:00,330601,2021-07-31 16:18:00,330000,330600
603727,2016-11-06 18:28:00,210401,2016-11-06 18:28:00,210000,210400
603727,2021-07-30 00:00:00,750202,2024-04-01 15:29:00,750000,750200
603728,2017-05-04 10:07:00,630101,2020-08-10 09:30:00,630000,630100
603729,2015-01-09 00:03:00,720201,2019-08-09 15:38:00,720000,720200
603729,2021-07-30 00:00:00,720501,2025-10-15 10:57:00,720000,720500
603730,2017-06-28 10:10:00,280201,2019-08-09 15:39:00,280000,280200
603730,2021-07-30 00:00:00,280202,2026-04-14 11:02:00,280000,280200
603733,2018-04-03 10:02:00,360101,2019-08-09 15:40:00,360000,360100
603733,2021-07-30 00:00:00,360103,2021-07-31 16:18:00,360000,360100
603737,2016-05-25 00:00:00,220305,2021-03-03 15:31:00,220000,220300
603737,2021-07-30 00:00:00,610305,2024-01-03 17:32:00,610000,610300
603738,2016-10-12 00:00:00,270203,2019-08-09 15:38:00,270000,270200
603739,2019-01-04 10:00:00,110801,2019-08-09 15:39:00,110000,110800
603739,2022-07-29 00:00:00,220315,2024-05-27 10:52:00,220000,220300
603755,2019-08-19 08:41:00,340402,2021-03-12 15:55:00,340000,340400
603755,2021-07-30 00:00:00,340901,2025-06-01 08:45:00,340000,340900
603757,2017-06-28 10:11:00,640106,2019-08-09 15:39:00,640000,640100
603758,2017-05-04 10:09:00,280201,2019-08-09 15:39:00,280000,280200
603758,2021-07-30 00:00:00,280203,2025-01-08 14:36:00,280000,280200
603759,2021-02-19 15:24:00,410201,2021-03-04 13:14:00,410000,410200
603759,2021-07-30 00:00:00,760102,2025-10-15 10:57:00,760000,760100
603766,2012-07-31 00:00:00,310301,2015-10-27 15:29:00,310000,310300
603766,2014-02-21 00:00:00,280401,2024-09-27 12:41:00,280000,280400
603766,2021-07-30 00:00:00,280402,2026-06-08 17:36:00,280000,280400
603767,2017-05-04 10:09:00,280201,2019-08-09 15:39:00,280000,280200
603767,2021-07-30 00:00:00,280203,2025-01-08 14:36:00,280000,280200
603768,2017-02-14 17:50:00,280201,2019-08-09 15:39:00,280000,280200
603768,2021-07-30 00:00:00,280205,2025-01-08 14:36:00,280000,280200
603773,2018-04-03 10:02:00,270301,2019-08-09 15:38:00,270000,270300
603776,2017-05-04 10:09:00,280401,2019-08-09 15:39:00,280000,280400
603776,2021-07-30 00:00:00,280402,2025-01-08 14:36:00,280000,280400
603777,2016-09-27 00:00:00,340404,2016-10-12 14:18:00,340000,340400
603777,2021-07-30 00:00:00,340801,2021-12-01 08:56:00,340000,340800
603778,2015-11-05 00:00:00,620501,2019-08-09 15:39:00,620000,620500
603778,2021-07-30 00:00:00,620307,2021-08-02 13:20:00,620000,620300
603778,2026-07-01 10:24:00,630502,2026-07-01 10:24:00,630000,630500
603779,2016-04-26 00:00:00,340305,2019-08-09 15:40:00,340000,340300
603779,2021-07-30 00:00:00,340602,2021-07-31 16:18:00,340000,340600
603786,2019-09-02 09:38:00,280201,2021-03-03 15:32:00,280000,280200
603786,2021-07-30 00:00:00,280206,2026-02-26 16:27:00,280000,280200
603787,2017-04-19 16:50:00,360401,2017-04-19 16:50:00,360000,360400
603787,2017-06-29 00:00:00,280401,2021-05-31 10:19:00,280000,280400
603787,2021-07-30 00:00:00,280402,2025-01-08 14:36:00,280000,280400
603788,2014-02-21 00:00:00,280201,2024-10-09 16:01:00,280000,280200
603788,2021-07-30 00:00:00,280203,2025-01-08 14:36:00,280000,280200
603789,2015-01-13 00:04:00,640207,2015-11-05 14:02:00,640000,640200
603790,2018-08-31 16:24:00,220308,2019-08-09 15:39:00,220000,220300
603797,2017-03-30 17:31:00,410201,2019-08-09 15:39:00,410000,410200
603797,2021-07-30 00:00:00,760102,2025-10-15 10:57:00,760000,760100
603798,2016-04-07 00:00:00,220101,2016-04-07 21:09:00,220000,220100
603798,2021-07-30 00:00:00,750303,2023-10-23 16:18:00,750000,750300
603799,2015-01-15 00:00:00,240504,2015-10-27 15:29:00,240000,240500
603799,2021-07-30 00:00:00,240601,2025-01-21 09:30:00,240000,240600
603800,2015-12-23 00:00:00,640203,2019-08-09 15:39:00,640000,640200
603801,2017-06-20 10:06:00,360302,2021-03-03 15:32:00,360000,360300
603801,2021-07-30 00:00:00,360308,2026-02-26 16:27:00,360000,360300
603803,2017-03-30 17:31:00,730202,2019-08-09 15:40:00,730000,730200
603803,2021-07-30 00:00:00,730206,2026-06-01 14:47:00,730000,730200
603806,2014-02-21 00:00:00,630303,2024-10-09 16:02:00,630000,630300
603806,2021-07-30 00:00:00,630504,2025-10-15 10:57:00,630000,630500
603808,2015-01-13 00:04:00,350203,2015-11-05 14:02:00,350000,350200
603808,2021-07-30 00:00:00,350209,2026-01-26 16:15:00,350000,350200
603809,2017-10-30 14:52:00,280201,2020-11-10 09:00:00,280000,280200
603809,2021-07-30 00:00:00,280203,2025-01-08 14:36:00,280000,280200
603810,2018-09-18 14:54:00,220303,2019-08-09 15:39:00,220000,220300
603810,2021-07-30 00:00:00,220803,2021-07-31 16:18:00,220000,220800
603811,2017-02-24 13:21:00,370102,2020-12-04 14:32:00,370000,370100
603813,2017-08-15 17:53:00,420801,2019-08-09 15:39:00,420000,420800
603813,2021-07-30 00:00:00,420807,2025-10-15 10:57:00,420000,420800
603815,2019-09-09 11:55:00,620302,2019-10-17 14:29:00,620000,620300
603815,2021-07-30 00:00:00,620306,2021-07-31 16:18:00,620000,620300
603816,2016-10-12 00:00:00,360302,2021-06-15 08:50:00,360000,360300
603816,2021-07-30 00:00:00,360307,2024-03-14 10:17:00,360000,360300
603817,2017-01-24 11:02:00,410401,2018-06-26 11:13:00,410000,410400
603817,2019-07-24 00:00:00,410201,2019-08-09 15:39:00,410000,410200
603817,2021-07-30 00:00:00,760102,2025-10-15 10:57:00,760000,760100
603818,2015-01-13 00:04:00,360302,2015-10-28 09:05:00,360000,360300
603818,2021-07-30 00:00:00,360307,2021-12-01 08:54:00,360000,360300
603819,2016-11-06 18:30:00,630101,2020-12-04 14:32:00,630000,630100
603822,2016-04-18 00:00:00,220309,2020-09-07 09:18:00,220000,220300
603823,2016-12-11 16:19:00,220305,2019-08-09 15:39:00,220000,220300
603825,2017-07-26 21:05:00,720201,2019-09-10 17:02:00,720000,720200
603825,2021-07-30 00:00:00,720501,2025-10-15 10:57:00,720000,720500
603826,2017-04-05 10:12:00,240203,2021-01-25 13:36:00,240000,240200
603826,2021-07-30 00:00:00,220901,2021-07-31 16:18:00,220000,220900
603828,2015-01-15 00:02:00,620201,2015-11-05 14:02:00,620000,620200
603829,2017-09-25 11:03:00,630403,2020-12-04 14:32:00,630000,630400
603829,2021-07-30 00:00:00,630802,2025-10-15 10:57:00,630000,630800
603833,2017-03-10 17:06:00,360302,2021-03-03 15:32:00,360000,360300
603833,2021-07-30 00:00:00,360308,2023-06-28 18:51:00,360000,360300
603836,2021-05-12 08:58:00,420801,2021-07-06 09:18:00,420000,420800
603836,2021-07-30 00:00:00,420805,2025-10-15 10:57:00,420000,420800
603838,2015-01-18 00:06:00,360303,2015-11-05 14:02:00,360000,360300
603838,2021-07-30 00:00:00,360311,2021-07-31 16:18:00,360000,360300
603839,2017-01-19 17:15:00,350203,2020-04-06 15:18:00,350000,350200
603839,2021-07-30 00:00:00,350209,2022-05-05 19:34:00,350000,350200
603843,2016-08-04 00:00:00,620302,2020-12-04 14:41:00,620000,620300
603843,2021-07-30 00:00:00,620306,2021-07-31 16:18:00,620000,620300
603848,2017-11-21 13:27:00,360302,2019-08-09 15:39:00,360000,360300
603848,2021-07-30 00:00:00,360307,2023-06-29 11:02:00,360000,360300
603855,2017-05-04 10:43:00,640209,2021-07-16 09:01:00,640000,640200
603856,2017-10-30 14:53:00,610302,2019-08-09 15:39:00,610000,610300
603858,2016-11-06 18:30:00,370201,2020-12-04 14:32:00,370000,370200
603859,2016-10-17 00:00:00,630202,2020-12-04 14:32:00,630000,630200
603859,2021-07-30 00:00:00,640702,2021-11-30 13:18:00,640000,640700
603859,2022-07-29 00:00:00,710301,2024-02-26 08:58:00,710000,710300
603860,2017-07-26 21:04:00,620302,2020-12-04 14:41:00,620000,620300
603860,2021-07-30 00:00:00,620601,2021-07-31 16:18:00,620000,620600
603861,2016-03-23 00:00:00,630402,2020-12-04 14:32:00,630000,630400
603861,2021-07-30 00:00:00,630802,2025-10-15 10:57:00,630000,630800
603863,2019-05-20 09:36:00,360101,2019-08-09 15:40:00,360000,360100
603863,2021-07-30 00:00:00,360102,2021-07-31 16:18:00,360000,360100
603866,2015-12-24 00:00:00,340404,2015-12-24 11:00:00,340000,340400
603866,2021-07-30 00:00:00,340802,2025-06-01 08:45:00,340000,340800
603867,2019-06-14 14:49:00,220309,2019-08-09 15:39:00,220000,220300
603868,2016-04-18 00:00:00,330104,2016-04-18 11:44:00,330000,330100
603868,2021-07-30 00:00:00,330303,2023-01-09 16:27:00,330000,330300
603869,2015-03-09 00:00:00,460301,2015-10-27 15:28:00,460000,460300
603869,2019-07-24 00:00:00,710202,2019-08-09 15:39:00,710000,710200
603869,2021-07-30 00:00:00,710301,2021-07-31 16:18:00,710000,710300
603871,2018-01-29 19:39:00,420801,2020-05-25 09:31:00,420000,420800
603871,2021-07-30 00:00:00,420805,2025-10-15 10:57:00,420000,420800
603876,2018-04-03 10:02:00,240301,2021-01-25 13:36:00,240000,240300
603877,2016-12-25 12:15:00,350204,2021-04-07 10:39:00,350000,350200
603877,2021-07-30 00:00:00,350209,2026-01-21 14:01:00,350000,350200
603878,2016-12-01 21:21:00,230101,2020-12-04 14:32:00,230000,230100
603878,2021-07-30 00:00:00,230403,2025-01-08 14:36:00,230000,230400
603879,2017-06-05 14:11:00,220309,2019-08-09 15:39:00,220000,220300
603879,2021-07-30 00:00:00,220504,2021-07-31 16:18:00,220000,220500
603880,2017-07-26 21:04:00,370501,2020-12-04 14:32:00,370000,370500
603880,2021-07-30 00:00:00,370503,2021-07-31 16:18:00,370000,370500
603881,2017-01-14 19:41:00,730203,2017-01-14 19:41:00,730000,730200
603881,2017-06-29 00:00:00,710202,2021-03-03 15:32:00,710000,710200
603881,2021-07-30 00:00:00,710301,2023-02-20 17:15:00,710000,710300
603881,2023-07-04 00:00:00,730104,2026-06-01 14:47:00,730000,730100
603882,2017-08-26 09:25:00,370601,2024-07-19 14:24:00,370000,370600
603882,2021-07-30 00:00:00,370602,2025-09-17 18:43:00,370000,370600
603883,2015-01-13 00:04:00,370401,2015-10-28 09:05:00,370000,370400
603883,2021-07-30 00:00:00,370403,2024-04-01 15:27:00,370000,370400
603885,2015-05-25 00:00:00,420401,2015-10-27 15:29:00,420000,420400
603885,2021-07-30 00:00:00,421001,2025-10-15 10:57:00,420000,421000
603886,2016-12-11 16:19:00,340404,2020-06-15 15:27:00,340000,340400
603886,2021-07-30 00:00:00,340802,2021-12-01 08:56:00,340000,340800
603887,2016-09-07 00:00:00,620101,2020-12-04 14:41:00,620000,620100
603887,2021-07-30 00:00:00,710301,2021-07-31 16:18:00,710000,710300
603888,2016-10-17 00:00:00,720301,2019-08-09 15:38:00,720000,720300
603888,2021-07-30 00:00:00,720704,2025-10-15 10:57:00,720000,720700
603889,2014-01-19 00:00:00,350101,2015-10-27 15:29:00,350000,350100
603889,2021-07-30 00:00:00,350106,2024-01-24 15:41:00,350000,350100
603890,2017-12-08 15:04:00,270502,2019-08-09 15:38:00,270000,270500
603890,2021-07-30 00:00:00,270504,2025-09-09 10:17:00,270000,270500
603893,2020-01-14 10:13:00,270101,2020-04-09 13:54:00,270000,270100
603893,2021-07-30 00:00:00,270104,2025-09-09 10:17:00,270000,270100
603895,2018-01-29 19:58:00,640209,2019-08-09 15:39:00,640000,640200
603896,2017-05-04 10:09:00,370201,2020-12-04 14:32:00,370000,370200
603897,2018-04-03 10:03:00,630404,2020-12-04 14:32:00,630000,630400
603897,2021-07-30 00:00:00,630805,2025-10-15 10:57:00,630000,630800
603898,2015-01-15 00:02:00,360302,2015-10-28 09:05:00,360000,360300
603898,2021-07-30 00:00:00,360308,2021-07-31 16:18:00,360000,360300
603899,2015-01-15 00:00:00,360201,2015-10-27 15:28:00,360000,360200
603899,2018-06-12 00:00:00,360305,2021-03-03 15:32:00,360000,360300
603899,2021-07-30 00:00:00,360501,2023-06-28 21:52:00,360000,360500
603900,2016-11-06 18:31:00,450401,2019-08-09 15:40:00,450000,450400
603900,2021-07-30 00:00:00,350301,2021-07-31 16:18:00,350000,350300
603901,2015-05-26 00:00:00,640208,2015-10-27 15:29:00,640000,640200
603903,2017-02-24 00:00:00,410201,2019-08-09 15:39:00,410000,410200
603903,2021-07-30 00:00:00,760102,2025-10-15 10:57:00,760000,760100
603906,2017-03-18 14:38:00,220101,2021-07-01 09:34:00,220000,220100
603906,2021-07-30 00:00:00,220309,2021-07-31 16:18:00,220000,220300
603906,2023-09-15 00:00:00,630702,2025-10-15 10:57:00,630000,630700
603908,2017-02-24 13:16:00,350207,2019-08-09 15:38:00,350000,350200
603908,2021-07-30 00:00:00,350205,2026-01-26 16:15:00,350000,350200
603909,2016-06-24 00:00:00,620302,2020-12-04 14:41:00,620000,620300
603909,2021-07-30 00:00:00,620601,2025-09-11 13:56:00,620000,620600
603912,2017-10-30 14:53:00,640209,2019-08-09 15:39:00,640000,640200
603912,2021-07-30 00:00:00,640105,2025-10-15 10:57:00,640000,640100
603915,2019-05-29 11:19:00,640102,2021-03-03 15:32:00,640000,640100
603915,2021-07-30 00:00:00,640108,2025-10-15 10:57:00,640000,640100
603916,2017-11-08 14:17:00,220309,2021-03-03 15:31:00,220000,220300
603917,2017-11-21 13:44:00,280201,2019-08-09 15:39:00,280000,280200
603917,2021-07-30 00:00:00,280205,2025-01-08 14:36:00,280000,280200
603918,2015-01-25 00:05:00,710202,2015-11-05 14:02:00,710000,710200
603918,2021-07-30 00:00:00,710301,2021-07-31 16:18:00,710000,710300
603919,2016-03-04 00:00:00,340301,2019-08-09 15:40:00,340000,340300
603919,2021-07-30 00:00:00,340501,2024-12-04 10:24:00,340000,340500
603920,2017-04-19 16:51:00,270202,2019-08-09 15:38:00,270000,270200
603922,2017-09-07 14:58:00,280201,2019-08-09 15:39:00,280000,280200
603922,2021-07-30 00:00:00,280205,2025-01-08 14:36:00,280000,280200
603926,2017-03-30 17:32:00,280201,2019-08-09 15:39:00,280000,280200
603926,2021-07-30 00:00:00,280203,2025-01-08 14:36:00,280000,280200
603927,2019-08-22 15:00:00,710201,2019-09-06 14:56:00,710000,710200
603927,2021-07-30 00:00:00,710401,2021-07-31 16:18:00,710000,710400
603928,2016-12-13 15:36:00,220204,2019-08-09 15:39:00,220000,220200
603928,2021-07-30 00:00:00,220504,2021-07-31 16:18:00,220000,220500
603929,2016-12-13 15:47:00,620404,2020-03-06 13:55:00,620000,620400
603931,2020-08-04 23:29:00,270401,2020-11-10 09:01:00,270000,270400
603931,2021-07-30 00:00:00,270601,2021-07-31 16:18:00,270000,270600
603933,2017-06-20 00:00:00,270501,2017-06-20 12:53:00,270000,270500
603933,2021-07-30 00:00:00,270401,2023-04-25 09:33:00,270000,270400
603936,2015-12-23 00:00:00,270202,2019-08-09 15:38:00,270000,270200
603937,2017-10-30 14:53:00,610303,2019-08-09 15:39:00,610000,610300
603937,2021-07-30 00:00:00,240301,2025-01-08 14:36:00,240000,240300
603938,2017-06-20 10:06:00,220309,2018-06-26 11:13:00,220000,220300
603938,2019-07-24 00:00:00,220204,2019-08-09 15:39:00,220000,220200
603938,2021-07-30 00:00:00,220804,2021-07-31 16:18:00,220000,220800
603938,2022-07-29 00:00:00,220204,2023-12-25 16:34:00,220000,220200
603939,2015-01-15 00:02:00,370401,2015-10-28 09:05:00,370000,370400
603939,2021-07-30 00:00:00,370403,2021-07-31 16:18:00,370000,370400
603948,2020-02-17 08:53:00,220309,2020-04-09 13:53:00,220000,220300
603949,2020-01-22 00:00:00,280201,2020-01-22 17:08:00,280000,280200
603949,2021-07-30 00:00:00,280203,2025-01-08 14:36:00,280000,280200
603950,2020-04-16 16:21:00,280201,2020-05-18 11:02:00,280000,280200
603950,2021-07-30 00:00:00,280203,2025-01-08 14:36:00,280000,280200
603955,2017-01-24 11:05:00,620501,2020-12-04 14:41:00,620000,620500
603955,2021-07-30 00:00:00,620307,2021-08-02 13:20:00,620000,620300
603956,2019-02-18 14:08:00,640209,2019-08-09 15:39:00,640000,640200
603958,2016-06-24 00:00:00,350205,2019-08-09 15:38:00,350000,350200
603959,2016-05-09 00:00:00,620402,2019-08-09 15:39:00,620000,620400
603960,2017-03-01 14:32:00,640106,2018-10-08 12:32:00,640000,640100
603960,2019-07-24 00:00:00,640209,2021-03-03 15:32:00,640000,640200
603960,2021-07-30 00:00:00,640704,2025-10-15 10:57:00,640000,640700
603960,2026-07-01 10:24:00,280203,2026-07-01 10:24:00,280000,280200
603963,2017-09-07 14:58:00,370201,2020-12-04 14:32:00,370000,370200
603966,2017-01-14 18:48:00,640202,2019-08-09 15:39:00,640000,640200
603966,2021-07-30 00:00:00,640203,2025-10-15 10:57:00,640000,640200
603967,2019-03-26 14:09:00,420801,2019-08-09 15:39:00,420000,420800
603967,2021-07-30 00:00:00,420805,2025-10-15 10:57:00,420000,420800
603968,2015-01-06 00:05:00,220309,2015-11-05 14:02:00,220000,220300
603968,2021-07-30 00:00:00,220315,2021-07-31 16:18:00,220000,220300
603969,2015-01-16 00:02:00,640401,2015-11-05 14:02:00,640000,640400
603969,2021-07-30 00:00:00,640108,2025-10-15 10:57:00,640000,640100
603970,2017-11-08 14:17:00,220303,2019-08-09 15:39:00,220000,220300
603970,2021-07-30 00:00:00,220803,2021-07-31 16:18:00,220000,220800
603976,2017-08-07 22:25:00,370501,2020-12-04 14:32:00,370000,370500
603976,2021-07-30 00:00:00,370503,2021-07-31 16:18:00,370000,370500
603977,2016-08-23 00:00:00,450201,2018-06-20 15:08:00,450000,450200
603977,2018-07-13 00:00:00,220307,2019-08-09 15:39:00,220000,220300
603978,2017-08-07 22:25:00,240201,2021-01-25 13:36:00,240000,240200
603979,2015-01-18 00:06:00,210402,2015-11-05 14:03:00,210000,210400
603979,2021-07-30 00:00:00,620404,2021-07-31 16:18:00,620000,620400
603979,2023-10-13 00:00:00,240302,2025-01-24 16:29:00,240000,240300
603980,2017-06-05 14:11:00,220308,2019-08-09 15:39:00,220000,220300
603982,2019-04-15 09:07:00,280201,2019-08-09 15:39:00,280000,280200
603982,2021-07-30 00:00:00,280203,2025-01-08 14:36:00,280000,280200
603983,2019-06-18 10:09:00,220304,2024-07-14 10:43:00,220000,220300
603983,2021-07-30 00:00:00,770202,2024-07-14 10:43:00,770000,770200
603985,2017-05-04 10:43:00,640102,2021-01-21 09:39:00,640000,640100
603985,2021-07-30 00:00:00,640108,2021-11-30 13:16:00,640000,640100
603985,2022-07-29 00:00:00,630602,2025-10-15 10:57:00,630000,630600
603986,2016-08-04 00:00:00,270101,2021-03-03 15:32:00,270000,270100
603986,2021-07-30 00:00:00,270104,2023-04-25 09:33:00,270000,270100
603987,2016-11-06 18:31:00,370501,2020-12-04 14:32:00,370000,370500
603987,2021-07-30 00:00:00,370503,2021-07-31 16:18:00,370000,370500
603988,2014-02-21 00:00:00,630101,2024-10-09 16:02:00,630000,630100
603989,2015-01-06 00:05:00,270203,2015-11-05 14:02:00,270000,270200
603990,2016-12-01 21:23:00,710201,2016-12-01 21:23:00,710000,710200
603990,2021-07-30 00:00:00,710401,2025-10-15 10:57:00,710000,710400
603991,2017-02-24 13:18:00,220501,2019-08-09 15:39:00,220000,220500
603991,2025-08-11 17:30:00,270108,2025-08-11 17:30:00,270000,270100
603992,2019-08-08 10:35:00,360303,2019-09-06 14:58:00,360000,360300
603992,2021-07-30 00:00:00,360309,2021-07-31 16:18:00,360000,360300
603993,2012-09-24 00:00:00,240106,2015-10-27 15:29:00,240000,240100
603993,2014-02-21 00:00:00,240504,2024-09-27 12:41:00,240000,240500
603993,2021-07-30 00:00:00,240505,2022-06-07 08:28:00,240000,240500
603993,2024-11-15 18:02:00,240302,2025-01-21 09:30:00,240000,240300
603995,2019-11-14 08:58:00,230102,2021-05-13 09:13:00,230000,230100
603995,2021-07-30 00:00:00,230501,2025-01-24 16:29:00,230000,230500
603996,2015-12-24 00:00:00,330201,2020-12-04 14:41:00,330000,330200
603996,2021-07-30 00:00:00,270503,2021-07-31 16:18:00,270000,270500
603997,2015-01-15 00:02:00,280201,2015-11-05 14:02:00,280000,280200
603997,2021-07-30 00:00:00,280202,2023-01-17 13:34:00,280000,280200
603998,2014-01-25 00:00:00,370201,2015-10-27 15:28:00,370000,370200
603999,2015-12-23 00:00:00,720101,2019-08-09 15:38:00,720000,720100
603999,2021-07-30 00:00:00,720902,2025-10-15 10:57:00,720000,720900
605001,2020-05-05 19:52:00,640501,2020-05-18 10:58:00,640000,640500
605003,2020-07-31 15:45:00,350206,2020-08-17 10:57:00,350000,350200
605005,2021-01-03 09:09:00,280201,2021-01-15 09:21:00,280000,280200
605005,2021-07-30 00:00:00,280206,2025-01-08 14:36:00,280000,280200
605006,2020-08-15 10:17:00,220314,2020-08-17 10:51:00,220000,220300
605006,2021-07-30 00:00:00,610202,2021-08-04 10:42:00,610000,610200
605007,2020-10-26 19:16:00,360101,2020-11-02 15:26:00,360000,360100
605007,2021-07-30 00:00:00,360103,2021-07-31 16:18:00,360000,360100
605008,2020-08-07 08:33:00,220501,2021-07-01 09:35:00,220000,220500
605009,2020-08-29 11:05:00,360101,2021-03-12 15:55:00,360000,360100
605009,2021-07-30 00:00:00,770101,2025-03-20 09:14:00,770000,770100
605011,2021-06-14 10:02:00,410104,2021-07-06 09:16:00,410000,410100
605016,2021-04-05 18:41:00,110504,2021-04-12 13:54:00,110000,110500
605016,2021-07-30 00:00:00,220315,2023-12-25 13:03:00,220000,220300
605018,2020-09-14 08:37:00,280201,2020-09-25 15:09:00,280000,280200
605018,2021-07-30 00:00:00,280205,2025-01-08 14:36:00,280000,280200
605020,2021-06-30 18:04:00,220311,2021-07-06 09:08:00,220000,220300
605028,2021-06-06 21:31:00,410104,2021-07-06 09:16:00,410000,410100
605033,2021-08-27 00:00:00,220803,2021-09-17 14:10:00,220000,220800
605050,2020-09-04 10:02:00,420801,2020-09-08 13:06:00,420000,420800
605050,2021-07-30 00:00:00,420802,2025-10-15 10:57:00,420000,420800
605055,2021-07-30 00:00:00,350104,2021-07-31 16:18:00,350000,350100
605056,2021-06-14 10:02:00,640301,2021-07-06 09:07:00,640000,640300
605056,2021-07-30 00:00:00,640107,2025-10-15 10:57:00,640000,640100
605058,2020-09-24 09:01:00,270202,2020-09-25 15:05:00,270000,270200
605060,2021-02-05 18:01:00,640102,2021-03-04 13:03:00,640000,640100
605060,2021-07-30 00:00:00,640106,2026-03-18 22:31:00,640000,640100
605066,2020-07-27 08:35:00,630403,2020-08-17 10:53:00,630000,630400
605066,2021-07-30 00:00:00,630802,2025-10-15 10:57:00,630000,630800
605068,2020-11-10 10:06:00,280201,2020-12-31 09:56:00,280000,280200
605068,2021-07-30 00:00:00,280202,2025-01-08 14:36:00,280000,280200
605069,2021-08-06 00:00:00,760104,2025-10-15 10:57:00,760000,760100
605077,2021-01-25 09:15:00,340404,2021-03-04 13:14:00,340000,340400
605077,2021-07-30 00:00:00,220315,2022-08-21 19:46:00,220000,220300
605080,2021-04-21 16:01:00,350106,2021-07-19 08:49:00,350000,350100
605080,2021-07-30 00:00:00,360502,2021-10-08 14:22:00,360000,360500
605081,2021-01-29 22:08:00,620501,2021-03-04 13:05:00,620000,620500
605081,2021-07-30 00:00:00,760102,2025-10-15 10:57:00,760000,760100
605086,2021-03-12 20:16:00,210301,2021-04-12 13:56:00,210000,210300
605086,2021-07-30 00:00:00,220901,2021-07-31 16:18:00,220000,220900
605088,2020-07-13 21:32:00,280201,2020-08-17 10:56:00,280000,280200
605088,2021-07-30 00:00:00,280203,2023-09-05 09:29:00,280000,280200
605089,2021-04-15 08:50:00,340404,2021-04-28 15:16:00,340000,340400
605089,2021-07-30 00:00:00,340406,2021-07-31 16:18:00,340000,340400
605090,2021-05-08 15:53:00,410301,2021-05-26 17:44:00,410000,410300
605098,2021-03-29 22:19:00,510101,2021-04-12 13:55:00,510000,510100
605098,2021-07-30 00:00:00,461102,2022-05-05 19:27:00,460000,461100
605099,2020-09-14 08:37:00,360401,2024-06-21 13:48:00,360000,360400
605099,2021-07-30 00:00:00,360311,2024-06-21 13:48:00,360000,360300
605100,2020-07-22 13:45:00,640102,2020-08-17 10:52:00,640000,640100
605100,2021-07-30 00:00:00,640108,2025-10-15 10:57:00,640000,640100
605108,2020-07-06 18:24:00,460401,2021-05-31 15:08:00,460000,460400
605108,2021-07-30 00:00:00,460902,2024-01-23 14:10:00,460000,460900
605111,2020-09-09 13:55:00,270102,2020-09-25 15:05:00,270000,270100
605116,2020-09-04 10:02:00,370101,2020-09-08 13:08:00,370000,370100
605117,2021-04-05 18:41:00,330105,2021-04-12 13:53:00,330000,330100
605117,2021-07-30 00:00:00,330601,2023-06-01 14:45:00,330000,330600
605117,2023-07-04 00:00:00,630503,2026-06-17 14:33:00,630000,630500
605118,2020-07-13 21:32:00,270303,2020-08-17 10:48:00,270000,270300
605118,2021-07-30 00:00:00,710102,2023-04-25 09:33:00,710000,710100
605122,2021-02-27 11:04:00,610303,2021-03-04 13:13:00,610000,610300
605122,2021-07-30 00:00:00,610102,2023-12-07 10:03:00,610000,610100
605123,2020-08-08 15:08:00,650201,2024-07-01 19:23:00,650000,650200
605128,2020-08-14 14:55:00,280201,2020-08-17 10:56:00,280000,280200
605128,2021-07-30 00:00:00,280202,2025-01-08 14:36:00,280000,280200
605133,2021-01-29 22:08:00,280201,2021-03-04 13:13:00,280000,280200
605133,2021-07-30 00:00:00,280203,2025-01-08 14:36:00,280000,280200
605136,2020-09-14 08:38:00,720201,2021-03-30 15:36:00,720000,720200
605136,2021-07-30 00:00:00,450603,2024-01-26 14:59:00,450000,450600
605138,2021-09-17 00:00:00,350209,2026-01-26 16:15:00,350000,350200
605151,2020-12-01 13:53:00,420801,2020-12-31 09:57:00,420000,420800
605151,2021-07-30 00:00:00,280303,2021-07-31 16:18:00,280000,280300
605151,2022-07-29 00:00:00,280202,2025-01-08 14:36:00,280000,280200
605155,2020-12-23 10:23:00,220309,2020-12-31 09:50:00,220000,220300
605155,2021-07-30 00:00:00,360311,2024-01-18 09:58:00,360000,360300
605158,2020-07-21 08:25:00,610303,2020-08-17 10:56:00,610000,610300
605158,2021-07-30 00:00:00,230402,2023-05-20 20:40:00,230000,230400
605158,2023-07-04 00:00:00,240201,2025-01-08 14:36:00,240000,240200
605162,2021-06-22 18:14:00,410104,2021-07-06 09:16:00,410000,410100
605166,2020-05-18 18:07:00,220404,2020-06-17 13:12:00,220000,220400
605166,2021-07-30 00:00:00,220406,2025-01-04 11:19:00,220000,220400
605167,2021-07-09 14:07:00,620402,2021-07-09 14:07:00,620000,620400
605168,2020-04-27 08:39:00,720201,2020-05-18 11:01:00,720000,720200
605168,2021-07-30 00:00:00,720501,2025-10-15 10:57:00,720000,720500
605169,2020-10-16 16:01:00,410301,2020-11-02 15:27:00,410000,410300
605177,2020-11-21 09:37:00,370101,2020-12-31 09:53:00,370000,370100
605178,2020-08-11 18:27:00,620201,2020-08-17 10:56:00,620000,620200
605178,2022-07-29 00:00:00,620404,2023-12-07 10:03:00,620000,620400
605179,2020-12-14 14:44:00,340403,2020-12-31 09:54:00,340000,340400
605179,2021-07-30 00:00:00,340702,2024-03-01 09:51:00,340000,340700
605180,2021-04-15 08:50:00,350106,2021-04-28 15:18:00,350000,350100
605183,2020-11-25 14:41:00,220603,2020-12-31 09:50:00,220000,220600
605186,2020-12-05 11:14:00,640209,2020-12-31 09:51:00,640000,640200
605186,2021-07-30 00:00:00,640704,2025-10-15 10:57:00,640000,640700
605188,2020-06-24 08:36:00,450302,2020-08-17 11:02:00,450000,450300
605189,2021-05-18 11:26:00,350102,2021-07-06 09:20:00,350000,350100
605189,2021-07-30 00:00:00,350104,2024-04-01 15:29:00,350000,350100
605196,2021-04-26 15:58:00,630404,2021-04-28 15:19:00,630000,630400
605196,2021-07-30 00:00:00,630805,2025-03-04 12:23:00,630000,630800
605198,2020-09-09 13:56:00,110501,2020-09-25 15:10:00,110000,110500
605199,2020-06-24 08:36:00,370201,2020-08-17 10:55:00,370000,370200
605208,2021-02-19 15:24:00,240301,2021-03-04 13:16:00,240000,240300
605218,2020-09-14 08:38:00,270301,2020-09-25 15:05:00,270000,270300
605222,2020-07-21 08:26:00,630404,2020-08-17 10:53:00,630000,630400
605222,2021-07-30 00:00:00,630805,2025-10-15 10:57:00,630000,630800
605228,2021-01-03 09:09:00,280201,2021-01-15 09:21:00,280000,280200
605228,2021-07-30 00:00:00,280202,2025-01-08 14:36:00,280000,280200
605255,2020-08-08 15:08:00,280201,2020-08-17 10:56:00,280000,280200
605255,2021-07-30 00:00:00,280203,2025-01-08 14:36:00,280000,280200
605258,2020-11-21 09:38:00,270202,2020-12-31 09:50:00,270000,270200
605259,2021-05-29 21:10:00,640106,2021-07-06 09:07:00,640000,640100
605259,2021-07-30 00:00:00,640209,2025-10-15 10:57:00,640000,640200
605266,2020-10-29 15:23:00,370401,2020-11-02 15:25:00,370000,370400
605266,2021-07-30 00:00:00,370403,2021-07-31 16:18:00,370000,370400
605268,2021-02-05 18:01:00,360302,2021-03-04 13:14:00,360000,360300
605268,2021-07-30 00:00:00,360308,2021-07-31 16:18:00,360000,360300
605277,2020-12-23 10:23:00,630404,2020-12-31 09:53:00,630000,630400
605277,2021-07-30 00:00:00,270504,2022-10-11 14:53:00,270000,270500
605286,2021-03-05 19:19:00,640204,2021-04-12 13:48:00,640000,640200
605287,2021-06-22 18:14:00,620201,2021-07-06 09:20:00,620000,620200
605288,2020-05-23 14:14:00,630202,2021-03-04 10:32:00,630000,630200
605288,2021-07-30 00:00:00,640702,2025-10-15 10:57:00,640000,640700
605289,2021-03-19 09:02:00,620201,2021-04-12 13:55:00,620000,620200
605289,2021-07-30 00:00:00,620404,2021-07-31 16:18:00,620000,620400
605296,2021-04-26 16:00:00,110701,2024-07-30 17:14:00,110000,110700
605296,2021-07-30 00:00:00,110702,2024-07-30 17:14:00,110000,110700
605298,2021-02-05 18:01:00,640501,2021-03-04 13:03:00,640000,640500
605299,2020-12-01 13:54:00,360305,2020-12-31 09:56:00,360000,360300
605299,2021-07-30 00:00:00,360502,2022-01-01 17:07:00,360000,360500
605300,2021-04-21 16:01:00,340404,2021-04-28 15:16:00,340000,340400
605300,2021-07-30 00:00:00,340702,2025-04-01 13:55:00,340000,340700
605303,2021-01-14 22:06:00,620501,2021-01-15 09:21:00,620000,620500
605303,2021-07-30 00:00:00,620307,2021-08-02 13:20:00,620000,620300
605305,2021-04-21 16:02:00,640209,2021-04-28 15:17:00,640000,640200
605305,2021-07-30 00:00:00,640601,2025-10-15 10:57:00,640000,640600
605318,2020-07-21 08:26:00,610303,2020-08-17 10:56:00,610000,610300
605319,2021-05-21 09:52:00,280201,2021-07-06 09:10:00,280000,280200
605319,2021-07-30 00:00:00,280205,2025-02-18 15:31:00,280000,280200
605333,2020-07-13 21:32:00,280201,2020-08-17 10:56:00,280000,280200
605333,2021-07-30 00:00:00,280206,2025-01-08 14:36:00,280000,280200
605336,2020-09-21 19:16:00,330104,2020-09-25 15:12:00,330000,330100
605336,2021-07-30 00:00:00,330401,2021-07-31 16:18:00,330000,330400
605337,2021-01-25 09:14:00,340304,2021-03-04 13:14:00,340000,340300
605337,2021-07-30 00:00:00,340701,2025-06-01 08:45:00,340000,340700
605338,2020-09-21 19:16:00,340404,2021-01-11 17:02:00,340000,340400
605338,2021-07-30 00:00:00,340406,2025-06-01 08:45:00,340000,340400
605339,2021-04-26 16:00:00,340404,2021-04-28 15:16:00,340000,340400
605339,2021-07-30 00:00:00,340802,2022-05-09 13:57:00,340000,340800
605358,2020-08-31 09:44:00,270101,2020-09-08 13:06:00,270000,270100
605358,2021-07-30 00:00:00,270103,2023-04-25 09:33:00,270000,270100
605365,2021-07-05 08:48:00,270302,2021-07-06 09:15:00,270000,270300
605365,2021-07-30 00:00:00,330501,2023-04-25 09:33:00,330000,330500
605366,2020-07-27 08:35:00,220309,2020-08-17 10:51:00,220000,220300
605368,2021-01-14 22:06:00,410301,2021-01-15 09:19:00,410000,410300
605369,2020-09-09 13:54:00,370501,2020-09-25 15:10:00,370000,370500
605369,2021-07-30 00:00:00,370503,2021-07-31 16:18:00,370000,370500
605376,2020-11-25 14:41:00,240504,2021-03-04 10:30:00,240000,240500
605376,2023-07-04 00:00:00,240602,2023-07-04 15:14:00,240000,240600
605377,2020-12-14 14:44:00,360101,2021-06-17 09:03:00,360000,360100
605377,2021-07-30 00:00:00,360103,2023-06-28 21:53:00,360000,360100
605378,2021-03-25 09:12:00,630305,2021-04-12 13:52:00,630000,630300
605378,2021-07-30 00:00:00,630705,2025-10-15 10:57:00,630000,630700
605388,2020-08-04 23:29:00,340304,2020-08-17 11:01:00,340000,340300
605388,2021-07-30 00:00:00,340702,2021-07-31 16:18:00,340000,340700
605389,2021-03-05 19:19:00,640102,2021-04-12 13:48:00,640000,640100
605389,2021-07-30 00:00:00,640602,2025-10-15 10:57:00,640000,640600
605398,2021-01-14 22:06:00,710202,2021-01-15 09:22:00,710000,710200
605398,2021-07-30 00:00:00,710301,2021-07-31 16:18:00,710000,710300
605399,2020-07-21 08:26:00,220309,2020-08-17 10:51:00,220000,220300
605399,2021-07-30 00:00:00,220316,2021-07-31 16:18:00,220000,220300
605488,2021-04-26 16:00:00,220501,2021-04-28 15:19:00,220000,220500
605488,2022-07-29 00:00:00,220505,2025-01-02 18:08:00,220000,220500
605499,2021-05-12 08:58:00,340304,2021-07-06 09:19:00,340000,340300
605499,2021-07-30 00:00:00,340701,2022-01-11 15:18:00,340000,340700
605500,2020-12-05 11:14:00,360101,2020-12-31 09:56:00,360000,360100
605500,2021-07-30 00:00:00,360102,2021-07-31 16:18:00,360000,360100
605507,2021-07-23 11:14:00,370101,2021-07-23 11:14:00,370000,370100
605555,2021-10-15 00:00:00,330302,2024-03-18 20:03:00,330000,330300
605566,2021-10-15 00:00:00,220308,2021-11-18 09:14:00,220000,220300
605567,2021-09-17 00:00:00,340406,2021-11-18 09:19:00,340000,340400
605577,2021-07-23 11:14:00,720101,2021-07-23 11:14:00,720000,720100
605577,2021-07-30 00:00:00,720901,2025-10-15 10:57:00,720000,720900
605580,2021-08-13 00:00:00,410104,2025-10-15 10:57:00,410000,410100
605588,2021-08-06 00:00:00,270303,2023-04-25 09:33:00,270000,270300
605589,2021-08-13 00:00:00,220504,2023-09-22 10:29:00,220000,220500
605598,2021-08-20 00:00:00,620404,2024-01-23 09:18:00,620000,620400
605599,2021-08-20 00:00:00,350301,2026-02-26 16:27:00,350000,350300
688001,2019-06-26 14:03:00,640209,2019-07-09 11:04:00,640000,640200
688001,2021-07-30 00:00:00,640107,2026-04-21 06:28:00,640000,640100
688002,2019-06-26 14:03:00,270101,2021-03-03 15:32:00,270000,270100
688002,2021-07-30 00:00:00,650501,2025-08-04 15:51:00,650000,650500
688002,2026-08-21 13:22:00,270105,2026-08-21 13:22:00,270000,270100
688003,2019-06-26 14:03:00,640106,2020-12-04 14:32:00,640000,640100
688003,2021-07-30 00:00:00,640704,2025-10-15 10:57:00,640000,640700
688004,2020-06-02 08:38:00,710202,2020-06-17 13:15:00,710000,710200
688004,2021-07-30 00:00:00,710301,2021-07-31 16:18:00,710000,710300
688005,2019-07-08 09:41:00,220309,2021-05-31 10:16:00,220000,220300
688005,2021-07-30 00:00:00,630702,2025-10-15 10:57:00,630000,630700
688006,2019-07-03 08:35:00,640209,2021-06-01 09:20:00,640000,640200
688006,2021-07-30 00:00:00,630703,2025-10-15 10:57:00,630000,630700
688007,2019-07-08 09:41:00,270301,2021-06-22 16:35:00,270000,270300
688007,2021-07-30 00:00:00,270503,2023-01-09 16:25:00,270000,270500
688008,2019-07-02 09:19:00,270101,2021-03-03 15:32:00,270000,270100
688008,2021-07-30 00:00:00,270104,2023-04-25 09:33:00,270000,270100
688009,2019-07-08 09:42:00,640501,2021-03-03 15:32:00,640000,640500
688010,2019-07-08 09:42:00,270303,2019-11-12 15:13:00,270000,270300
688011,2019-07-08 09:42:00,650201,2020-07-08 09:57:00,650000,650200
688011,2021-07-30 00:00:00,650501,2025-10-15 10:57:00,650000,650500
688012,2019-07-08 09:42:00,640209,2021-03-03 15:32:00,640000,640200
688012,2021-07-30 00:00:00,270108,2025-10-15 10:57:00,270000,270100
688013,2020-09-14 08:38:00,370501,2020-09-25 15:08:00,370000,370500
688013,2021-07-30 00:00:00,370503,2021-07-31 16:18:00,370000,370500
688015,2019-07-11 13:42:00,640501,2019-11-12 15:14:00,640000,640500
688016,2019-07-08 09:42:00,370501,2020-07-08 09:52:00,370000,370500
688016,2021-07-30 00:00:00,370503,2024-03-14 15:48:00,370000,370500
688017,2020-08-14 14:56:00,640102,2021-06-07 19:59:00,640000,640100
688017,2021-07-30 00:00:00,640701,2025-10-15 10:57:00,640000,640700
688018,2019-07-08 09:43:00,270101,2021-03-03 15:32:00,270000,270100
688018,2021-07-30 00:00:00,270104,2025-10-15 10:57:00,270000,270100
688019,2019-07-08 09:43:00,270103,2021-03-03 15:31:00,270000,270100
688019,2021-07-30 00:00:00,270601,2025-12-31 11:31:00,270000,270600
688020,2019-07-11 13:42:00,270401,2019-07-17 16:50:00,270000,270400
688020,2021-07-30 00:00:00,270202,2024-01-19 11:11:00,270000,270200
688021,2019-10-21 08:42:00,220309,2021-07-01 09:35:00,220000,220300
688021,2021-07-30 00:00:00,280205,2025-01-08 14:36:00,280000,280200
688022,2019-07-11 13:42:00,640209,2020-04-07 08:50:00,640000,640200
688023,2019-10-23 10:00:00,710201,2021-03-03 15:32:00,710000,710200
688023,2021-07-30 00:00:00,710402,2026-02-26 16:27:00,710000,710400
688025,2019-10-21 08:43:00,270401,2020-09-25 17:41:00,270000,270400
688025,2021-07-30 00:00:00,640703,2025-10-21 16:55:00,640000,640700
688026,2020-01-08 15:40:00,220501,2020-01-09 09:25:00,220000,220500
688026,2022-07-29 00:00:00,370503,2022-07-29 11:54:00,370000,370500
688027,2020-06-18 10:51:00,730201,2020-08-17 10:58:00,730000,730200
688027,2021-07-30 00:00:00,730206,2026-06-01 14:47:00,730000,730200
688028,2019-07-11 13:43:00,640103,2019-11-12 15:15:00,640000,640100
688029,2019-07-08 09:43:00,370501,2020-07-08 09:52:00,370000,370500
688029,2021-07-30 00:00:00,370503,2022-04-12 09:52:00,370000,370500
688030,2019-09-11 08:43:00,710201,2019-09-12 19:25:00,710000,710200
688030,2021-07-30 00:00:00,710402,2023-06-01 14:03:00,710000,710400
688031,2022-09-23 00:00:00,710402,2022-09-23 11:06:00,710000,710400
688032,2021-12-03 00:00:00,630503,2026-06-17 14:33:00,630000,630500
688033,2019-07-11 13:43:00,640501,2019-11-12 15:16:00,640000,640500
688035,2022-09-02 00:00:00,270601,2025-10-28 10:25:00,270000,270600
688036,2019-09-16 14:41:00,270501,2021-03-03 15:32:00,270000,270500
688036,2021-07-30 00:00:00,270503,2023-04-25 09:33:00,270000,270500
688037,2019-11-29 09:38:00,640209,2021-06-01 16:11:00,640000,640200
688037,2021-07-30 00:00:00,270108,2024-05-13 16:21:00,270000,270100
688038,2021-07-05 08:48:00,710201,2021-07-06 09:17:00,710000,710200
688038,2021-07-30 00:00:00,710401,2021-07-31 16:18:00,710000,710400
688039,2019-11-29 09:38:00,710202,2019-12-02 09:24:00,710000,710200
688039,2021-07-30 00:00:00,710301,2021-07-31 16:18:00,710000,710300
688041,2022-08-02 00:00:00,270104,2022-08-03 10:46:00,270000,270100
688045,2022-05-13 00:00:00,270105,2023-04-25 09:33:00,270000,270100
688046,2022-04-01 00:00:00,370603,2022-04-01 18:41:00,370000,370600
688047,2022-06-10 00:00:00,270104,2024-01-24 12:31:00,270000,270100
688048,2022-03-18 00:00:00,270102,2024-05-13 16:26:00,270000,270100
688049,2021-11-12 00:00:00,270104,2026-02-01 09:39:00,270000,270100
688050,2020-07-21 08:26:00,370501,2021-03-03 15:32:00,370000,370500
688050,2021-07-30 00:00:00,370503,2021-07-31 16:18:00,370000,370500
688051,2020-03-08 16:00:00,710202,2020-04-09 13:55:00,710000,710200
688051,2021-07-30 00:00:00,710301,2021-07-31 16:18:00,710000,710300
688052,2022-04-01 00:00:00,270105,2024-12-18 18:43:00,270000,270100
688053,2022-07-08 00:00:00,650501,2025-10-15 10:57:00,650000,650500
688055,2020-07-31 15:45:00,270301,2020-08-17 10:48:00,270000,270300
688056,2020-08-15 10:17:00,640301,2020-08-17 10:52:00,640000,640300
688056,2021-07-30 00:00:00,640107,2025-10-15 10:57:00,640000,640100
688057,2020-10-29 15:24:00,640205,2020-11-02 15:26:00,640000,640200
688057,2021-07-30 00:00:00,760102,2025-10-15 10:57:00,760000,760100
688058,2019-10-21 08:43:00,710201,2019-11-06 09:29:00,710000,710200
688058,2021-07-30 00:00:00,710401,2021-07-31 16:18:00,710000,710400
688058,2021-12-03 00:00:00,710402,2021-12-03 16:34:00,710000,710400
688059,2021-01-25 09:15:00,640401,2021-03-04 13:03:00,640000,640400
688059,2021-07-30 00:00:00,640108,2025-10-15 10:57:00,640000,640100
688060,2020-06-24 08:37:00,710101,2020-08-17 10:50:00,710000,710100
688060,2021-07-30 00:00:00,710103,2021-07-31 16:18:00,710000,710100
688061,2022-09-23 00:00:00,270105,2022-09-23 11:06:00,270000,270100
688062,2021-12-24 00:00:00,370102,2021-12-29 14:01:00,370000,370100
688063,2020-12-14 14:44:00,630305,2021-05-07 09:13:00,630000,630300
688063,2021-07-30 00:00:00,630701,2025-10-15 10:57:00,630000,630700
688065,2020-07-27 08:36:00,220309,2021-07-01 09:35:00,220000,220300
688066,2019-07-11 13:43:00,710202,2020-07-08 09:57:00,710000,710200
688066,2021-07-30 00:00:00,710301,2025-01-24 16:29:00,710000,710300
688067,2021-05-29 21:10:00,370501,2021-07-06 09:17:00,370000,370500
688067,2021-07-30 00:00:00,370504,2021-07-31 16:18:00,370000,370500
688068,2019-09-11 08:43:00,370501,2020-12-04 14:32:00,370000,370500
688068,2021-07-30 00:00:00,370504,2021-07-31 16:18:00,370000,370500
688069,2020-07-13 21:32:00,410401,2020-08-11 16:06:00,410000,410400
688069,2021-07-30 00:00:00,760102,2025-10-15 10:57:00,760000,760100
688070,2021-01-25 09:16:00,650201,2021-03-04 13:12:00,650000,650200
688071,2021-07-12 18:02:00,640209,2021-07-12 18:02:00,640000,640200
688072,2022-04-01 00:00:00,270108,2025-10-15 10:57:00,270000,270100
688073,2022-09-16 00:00:00,370603,2022-09-16 16:36:00,370000,370600
688075,2021-11-05 00:00:00,370504,2021-11-18 09:15:00,370000,370500
688076,2021-05-08 15:54:00,370601,2021-07-06 09:17:00,370000,370600
688076,2021-07-30 00:00:00,370603,2024-04-09 10:07:00,370000,370600
688076,2024-12-20 13:24:00,370101,2025-10-15 11:14:00,370000,370100
688077,2020-07-06 18:23:00,240202,2020-08-17 10:59:00,240000,240200
688078,2019-12-12 13:31:00,710201,2020-01-09 09:25:00,710000,710200
688078,2021-07-30 00:00:00,710402,2021-07-31 16:18:00,710000,710400
688078,2023-07-04 00:00:00,710401,2023-07-04 15:14:00,710000,710400
688079,2021-02-19 15:24:00,270303,2021-03-04 13:04:00,270000,270300
688080,2020-01-22 17:03:00,730201,2020-04-09 14:00:00,730000,730200
688080,2021-07-30 00:00:00,730207,2026-06-01 14:47:00,730000,730200
688081,2019-12-23 09:13:00,650301,2021-06-24 09:36:00,650000,650300
688081,2021-07-30 00:00:00,650501,2025-10-15 10:57:00,650000,650500
688082,2021-11-05 00:00:00,270108,2025-10-15 10:57:00,270000,270100
688083,2021-02-27 11:05:00,710201,2021-03-04 13:06:00,710000,710200
688083,2021-07-30 00:00:00,710401,2026-02-26 16:27:00,710000,710400
688084,2022-11-21 00:00:00,650501,2025-10-15 10:57:00,650000,650500
688085,2020-03-25 08:45:00,370501,2020-04-09 13:58:00,370000,370500
688085,2021-07-30 00:00:00,370503,2024-05-27 10:52:00,370000,370500
688086,2020-02-04 22:04:00,710101,2020-04-09 13:55:00,710000,710100
688086,2021-07-30 00:00:00,710103,2021-07-31 16:18:00,710000,710100
688087,2021-06-22 18:14:00,220501,2021-07-06 09:08:00,220000,220500
688087,2026-07-01 10:24:00,360311,2026-07-01 10:24:00,360000,360300
688088,2019-07-08 09:43:00,710202,2021-03-03 15:32:00,710000,710200
688088,2021-07-30 00:00:00,710301,2023-06-01 14:03:00,710000,710300
688089,2019-12-05 11:39:00,340404,2020-01-09 09:28:00,340000,340400
688089,2021-07-30 00:00:00,220315,2021-07-31 16:18:00,220000,220300
688090,2020-01-22 17:03:00,640209,2020-04-09 13:53:00,640000,640200
688090,2021-07-30 00:00:00,640701,2025-10-15 10:57:00,640000,640700
688091,2021-08-20 00:00:00,370102,2021-09-17 14:14:00,370000,370100
688092,2021-03-05 19:19:00,640209,2021-04-12 13:48:00,640000,640200
688093,2020-09-14 08:38:00,270401,2020-09-25 15:05:00,270000,270400
688095,2020-08-29 11:06:00,710201,2020-12-04 13:44:00,710000,710200
688095,2021-07-30 00:00:00,710402,2025-02-19 17:18:00,710000,710400
688096,2020-03-25 08:46:00,410401,2020-04-09 14:00:00,410000,410400
688096,2021-07-30 00:00:00,760102,2025-10-15 10:57:00,760000,760100
688097,2021-04-21 16:02:00,640209,2021-05-31 09:12:00,640000,640200
688097,2021-07-30 00:00:00,640704,2025-10-15 10:57:00,640000,640700
688098,2019-10-11 08:39:00,110801,2019-10-17 14:32:00,110000,110800
688099,2019-07-24 14:08:00,270101,2020-05-14 10:06:00,270000,270100
688099,2021-07-30 00:00:00,270104,2023-04-25 09:33:00,270000,270100
688100,2020-01-06 09:11:00,640301,2020-01-09 09:26:00,640000,640300
688100,2020-05-25 00:00:00,730201,2020-05-25 15:02:00,730000,730200
688100,2021-07-30 00:00:00,730206,2026-06-01 14:47:00,730000,730200
688101,2019-11-01 13:33:00,410401,2019-11-06 09:31:00,410000,410400
688101,2021-07-30 00:00:00,760102,2025-10-15 10:57:00,760000,760100
688102,2022-02-25 00:00:00,640108,2024-06-25 07:10:00,640000,640100
688102,2022-07-29 00:00:00,240201,2025-10-15 10:57:00,240000,240200
688103,2021-08-27 00:00:00,270401,2023-04-25 09:33:00,270000,270400
688105,2021-10-29 00:00:00,370504,2021-11-18 09:15:00,370000,370500
688105,2022-07-29 00:00:00,370304,2022-07-29 11:54:00,370000,370300
688106,2020-06-02 08:39:00,220309,2020-08-28 16:52:00,220000,220300
688106,2021-07-30 00:00:00,270601,2023-12-25 16:36:00,270000,270600
688107,2021-10-29 00:00:00,270104,2023-04-25 09:33:00,270000,270100
688108,2019-10-21 08:43:00,370501,2020-12-04 14:32:00,370000,370500
688108,2021-07-30 00:00:00,370503,2021-07-31 16:18:00,370000,370500
688109,2021-03-12 20:16:00,710201,2021-04-12 13:51:00,710000,710200
688109,2021-07-30 00:00:00,710401,2021-07-31 16:18:00,710000,710400
688110,2021-11-26 00:00:00,270104,2024-05-13 16:25:00,270000,270100
688111,2019-11-01 13:33:00,710201,2021-03-03 15:32:00,710000,710200
688111,2021-07-30 00:00:00,710402,2025-02-19 17:18:00,710000,710400
688112,2021-11-19 00:00:00,640107,2025-10-15 10:57:00,640000,640100
688113,2021-04-21 16:02:00,640209,2021-04-28 15:17:00,640000,640200
688114,2022-08-26 00:00:00,370502,2024-04-01 15:27:00,370000,370500
688115,2022-02-25 00:00:00,640107,2025-10-15 10:57:00,640000,640100
688116,2019-09-09 11:55:00,220309,2021-05-31 10:19:00,220000,220300
688116,2021-07-30 00:00:00,630702,2025-10-15 10:57:00,630000,630700
688117,2021-05-18 11:27:00,370102,2021-07-06 09:17:00,370000,370100
688118,2019-11-20 14:29:00,710201,2019-12-02 09:24:00,710000,710200
688118,2021-07-30 00:00:00,710401,2021-07-31 16:18:00,710000,710400
688119,2022-05-20 00:00:00,610301,2024-01-14 08:48:00,610000,610300
688120,2022-05-20 00:00:00,270108,2025-10-15 10:57:00,270000,270100
688121,2021-08-20 00:00:00,640203,2025-10-15 10:57:00,640000,640200
688122,2019-07-08 09:44:00,240201,2021-07-05 09:25:00,240000,240200
688122,2021-07-30 00:00:00,650201,2025-10-15 10:57:00,650000,650200
688123,2019-12-05 11:39:00,270101,2020-01-09 09:28:00,270000,270100
688123,2021-07-30 00:00:00,270104,2023-04-25 09:33:00,270000,270100
688125,2022-04-01 00:00:00,640704,2025-10-15 10:57:00,640000,640700
688126,2020-04-02 14:31:00,270103,2021-03-03 15:31:00,270000,270100
688127,2020-09-04 10:02:00,270303,2020-09-08 13:06:00,270000,270300
688128,2019-10-23 10:00:00,640209,2020-10-19 09:18:00,640000,640200
688129,2020-10-16 16:02:00,220305,2020-11-02 15:24:00,220000,220300
688130,2022-07-15 00:00:00,270105,2023-04-25 09:33:00,270000,270100
688131,2021-05-23 22:25:00,370101,2021-06-22 16:36:00,370000,370100
688131,2022-07-29 00:00:00,370603,2025-09-17 18:39:00,370000,370600
688132,2022-09-09 00:00:00,650501,2025-11-13 07:52:00,650000,650500
688133,2020-10-16 16:02:00,220309,2024-07-19 08:51:00,220000,220300
688135,2020-10-26 19:16:00,270101,2020-11-02 15:25:00,270000,270100
688135,2021-07-30 00:00:00,270107,2023-04-25 09:33:00,270000,270100
688136,2020-12-01 13:54:00,370301,2020-12-31 09:53:00,370000,370300
688136,2021-07-30 00:00:00,370304,2023-12-07 17:42:00,370000,370300
688137,2022-09-16 00:00:00,370304,2023-05-04 10:29:00,370000,370300
688138,2019-11-09 14:35:00,270103,2019-11-20 10:42:00,270000,270100
688139,2019-10-11 08:39:00,370501,2020-12-04 14:32:00,370000,370500
688139,2021-07-30 00:00:00,370502,2021-07-31 16:18:00,370000,370500
688141,2022-12-09 00:00:00,270105,2025-03-26 13:13:00,270000,270100
688143,2022-11-21 00:00:00,730205,2025-10-15 10:57:00,730000,730200
688146,2023-03-31 00:00:00,270103,2024-03-20 21:39:00,270000,270100
688147,2022-12-08 00:00:00,630505,2025-10-15 10:57:00,630000,630500
688148,2021-07-29 15:52:00,220309,2021-07-29 15:52:00,220000,220300
688148,2021-08-06 00:00:00,630702,2025-10-15 10:57:00,630000,630700
688150,2022-03-04 00:00:00,270601,2025-02-24 09:28:00,270000,270600
688151,2021-11-19 00:00:00,650301,2021-12-29 14:11:00,650000,650300
688151,2022-07-29 00:00:00,370503,2022-07-29 11:54:00,370000,370500
688152,2022-09-30 00:00:00,710402,2022-10-10 12:20:00,710000,710400
688153,2022-04-01 00:00:00,270105,2023-04-25 09:33:00,270000,270100
688155,2020-07-27 08:36:00,640209,2021-05-31 09:13:00,640000,640200
688155,2021-07-30 00:00:00,630703,2025-10-15 10:57:00,630000,630700
688156,2020-09-04 10:02:00,410401,2020-09-08 13:09:00,410000,410400
688156,2021-07-30 00:00:00,760103,2021-07-31 16:18:00,760000,760100
688156,2022-07-29 00:00:00,760102,2024-01-02 14:12:00,760000,760100
688156,2025-05-09 11:32:00,110402,2025-10-15 10:57:00,110000,110400
688157,2020-05-23 14:14:00,220305,2020-11-26 12:09:00,220000,220300
688158,2020-01-06 09:11:00,710202,2020-01-09 09:25:00,710000,710200
688158,2021-07-30 00:00:00,710301,2021-07-31 16:18:00,710000,710300
688159,2020-01-08 15:40:00,730201,2020-01-09 09:29:00,730000,730200
688159,2021-07-30 00:00:00,730206,2026-06-01 14:47:00,730000,730200
688160,2020-10-29 15:24:00,640106,2020-11-02 15:26:00,640000,640100
688160,2021-07-30 00:00:00,640702,2025-10-15 10:57:00,640000,640700
688161,2021-06-14 10:02:00,370501,2021-06-29 20:30:00,370000,370500
688161,2021-07-30 00:00:00,370503,2024-04-01 15:28:00,370000,370500
688162,2021-10-29 00:00:00,280203,2022-04-14 09:54:00,280000,280200
688162,2022-07-29 00:00:00,640209,2025-01-24 16:29:00,640000,640200
688163,2022-02-25 00:00:00,370304,2022-07-22 16:45:00,370000,370300
688165,2020-06-24 08:37:00,640106,2020-08-17 10:52:00,640000,640100
688165,2021-07-30 00:00:00,640701,2021-07-31 16:18:00,640000,640700
688166,2019-10-23 10:01:00,370102,2021-03-03 15:32:00,370000,370100
688166,2022-07-29 00:00:00,370101,2022-07-29 11:54:00,370000,370100
688167,2021-12-10 00:00:00,640703,2022-01-10 14:19:00,640000,640700
688167,2022-05-13 00:00:00,270102,2025-01-08 14:36:00,270000,270100
688168,2019-08-22 15:01:00,710201,2020-01-10 11:30:00,710000,710200
688168,2021-07-30 00:00:00,710402,2023-06-01 14:03:00,710000,710400
688169,2020-02-17 08:53:00,640106,2021-03-03 15:32:00,640000,640100
688169,2021-07-30 00:00:00,330302,2023-01-09 16:21:00,330000,330300
688170,2022-04-15 00:00:00,640703,2025-10-15 10:57:00,640000,640700
688171,2022-01-14 00:00:00,710401,2022-01-17 11:16:00,710000,710400
688172,2022-12-02 00:00:00,270102,2022-12-05 13:47:00,270000,270100
688173,2022-01-07 00:00:00,270105,2023-04-25 09:33:00,270000,270100
688175,2022-02-25 00:00:00,650501,2025-10-15 10:57:00,650000,650500
688176,2021-12-17 00:00:00,370102,2021-12-29 14:01:00,370000,370100
688177,2020-02-04 22:04:00,370301,2020-04-09 13:58:00,370000,370300
688177,2021-07-30 00:00:00,370304,2024-05-27 10:52:00,370000,370300
688178,2019-12-27 08:58:00,410401,2020-01-09 09:27:00,410000,410400
688178,2021-07-30 00:00:00,760102,2021-07-31 16:18:00,760000,760100
688178,2022-07-29 00:00:00,760103,2025-10-15 10:57:00,760000,760100
688179,2020-10-16 16:02:00,220309,2021-06-08 08:11:00,220000,220300
688180,2020-06-24 08:37:00,370301,2021-03-03 15:32:00,370000,370300
688180,2021-07-30 00:00:00,370304,2021-07-31 16:18:00,370000,370300
688181,2019-12-23 09:13:00,270301,2020-08-20 18:22:00,270000,270300
688182,2021-11-05 00:00:00,730204,2026-06-01 14:47:00,730000,730200
688183,2021-02-05 18:02:00,270202,2021-03-04 13:04:00,270000,270200
688184,2022-09-02 00:00:00,630702,2022-09-02 14:39:00,630000,630700
688185,2020-07-27 08:36:00,370301,2024-07-19 08:52:00,370000,370300
688185,2021-07-30 00:00:00,370303,2025-01-08 14:36:00,370000,370300
688186,2020-01-14 10:13:00,230102,2021-07-16 09:04:00,230000,230100
688186,2021-07-30 00:00:00,230501,2025-03-21 13:43:00,230000,230500
688186,2025-05-09 11:32:00,630602,2025-10-15 10:57:00,630000,630600
688187,2021-08-20 00:00:00,640501,2025-10-15 10:57:00,640000,640500
688188,2019-07-24 14:08:00,710201,2021-03-03 15:32:00,710000,710200
688188,2021-07-30 00:00:00,710103,2025-10-15 10:57:00,710000,710100
688189,2020-03-10 08:53:00,370102,2020-04-09 13:58:00,370000,370100
688190,2021-11-12 00:00:00,240201,2025-01-08 14:36:00,240000,240200
688191,2021-03-20 10:43:00,630201,2021-04-12 13:52:00,630000,630200
688191,2021-07-30 00:00:00,630803,2025-10-15 10:57:00,630000,630800
688192,2021-11-26 00:00:00,370102,2021-12-29 14:01:00,370000,370100
688193,2022-03-11 00:00:00,370504,2022-03-11 16:12:00,370000,370500
688195,2021-03-12 20:17:00,270303,2021-06-01 09:29:00,270000,270300
688196,2019-11-09 14:35:00,220309,2021-03-03 15:31:00,220000,220300
688197,2022-03-04 00:00:00,370102,2022-03-04 17:42:00,370000,370100
688198,2019-11-29 09:38:00,370501,2020-12-04 14:32:00,370000,370500
688198,2021-07-30 00:00:00,370503,2021-11-09 10:55:00,370000,370500
688199,2019-10-21 08:43:00,220309,2020-12-11 09:18:00,220000,220300
688200,2020-02-04 22:05:00,640209,2021-06-17 16:53:00,640000,640200
688200,2021-07-30 00:00:00,270108,2025-10-15 10:57:00,270000,270100
688201,2021-04-05 18:41:00,710201,2021-04-12 13:51:00,710000,710200
688201,2021-07-30 00:00:00,710402,2021-07-31 16:18:00,710000,710400
688202,2019-10-21 08:44:00,370601,2020-12-04 14:32:00,370000,370600
688202,2021-07-30 00:00:00,370603,2021-07-31 16:18:00,370000,370600
688203,2022-08-05 00:00:00,220503,2022-11-01 13:56:00,220000,220500
688205,2022-07-25 00:00:00,730204,2026-06-01 14:47:00,730000,730200
688206,2021-12-10 00:00:00,270108,2021-12-29 14:07:00,270000,270100
688206,2022-11-11 00:00:00,710401,2023-04-25 09:33:00,710000,710400
688207,2022-02-25 00:00:00,710301,2022-07-22 16:45:00,710000,710300
688208,2020-01-22 17:03:00,710101,2021-03-03 15:32:00,710000,710100
688208,2021-07-30 00:00:00,710103,2026-02-26 16:27:00,710000,710100
688209,2022-04-01 00:00:00,270105,2023-04-25 09:33:00,270000,270100
688210,2021-12-10 00:00:00,270504,2024-03-01 09:51:00,270000,270500
688211,2021-09-30 00:00:00,640209,2025-10-15 10:57:00,640000,640200
688212,2021-10-29 00:00:00,370502,2022-12-09 17:43:00,370000,370500
688213,2022-04-29 00:00:00,270104,2023-04-25 09:33:00,270000,270100
688215,2020-08-11 18:27:00,640209,2020-08-17 10:52:00,640000,640200
688215,2021-07-30 00:00:00,640704,2025-10-15 10:57:00,640000,640700
688216,2021-06-06 21:32:00,270101,2021-07-06 09:15:00,270000,270100
688216,2021-07-30 00:00:00,270107,2023-04-25 09:33:00,270000,270100
688217,2021-04-26 16:00:00,370501,2021-04-28 15:18:00,370000,370500
688217,2021-07-30 00:00:00,370504,2021-07-31 16:18:00,370000,370500
688218,2019-11-20 14:29:00,640106,2019-12-02 09:20:00,640000,640100
688218,2021-07-30 00:00:00,640701,2025-10-15 10:57:00,640000,640700
688219,2020-10-29 15:24:00,220503,2020-11-02 15:24:00,220000,220500
688220,2021-12-24 00:00:00,270105,2022-01-05 11:16:00,270000,270100
688221,2020-10-16 16:02:00,370102,2020-11-02 15:25:00,370000,370100
688222,2020-03-30 08:43:00,370601,2021-06-05 20:05:00,370000,370600
688222,2021-07-30 00:00:00,370603,2022-09-02 09:42:00,370000,370600
688223,2022-01-07 00:00:00,630502,2025-10-15 10:57:00,630000,630500
688225,2022-01-14 00:00:00,710402,2022-01-17 11:16:00,710000,710400
688226,2021-06-22 18:15:00,630404,2021-07-06 09:11:00,630000,630400
688226,2021-07-30 00:00:00,630805,2025-10-15 10:57:00,630000,630800
688227,2021-12-17 00:00:00,710301,2021-12-29 14:08:00,710000,710300
688228,2020-03-10 08:53:00,710202,2020-04-09 13:55:00,710000,710200
688228,2021-07-30 00:00:00,710301,2021-07-31 16:18:00,710000,710300
688229,2020-07-31 15:45:00,710202,2020-08-17 10:50:00,710000,710200
688229,2021-07-30 00:00:00,710301,2021-07-31 16:18:00,710000,710300
688230,2021-11-19 00:00:00,270102,2023-04-25 09:33:00,270000,270100
688231,2022-07-01 00:00:00,240201,2025-10-15 10:57:00,240000,240200
688232,2021-11-05 00:00:00,710401,2024-11-21 09:35:00,710000,710400
688233,2020-02-04 22:05:00,270103,2020-02-05 12:39:00,270000,270100
688234,2021-12-24 00:00:00,270103,2021-12-29 14:07:00,270000,270100
688235,2021-11-26 00:00:00,370304,2022-03-28 09:38:00,370000,370300
688235,2024-05-17 00:00:00,370102,2024-05-17 13:15:00,370000,370100
688236,2021-12-17 00:00:00,370503,2021-12-29 14:01:00,370000,370500
688237,2022-06-24 00:00:00,650201,2025-10-15 10:57:00,650000,650200
688238,2022-03-04 00:00:00,370603,2022-03-04 17:42:00,370000,370600
688239,2021-06-22 18:15:00,650201,2021-07-06 09:21:00,650000,650200
688244,2022-09-23 00:00:00,710402,2022-09-23 11:06:00,710000,710400
688246,2021-12-03 00:00:00,710401,2024-01-26 13:32:00,710000,710400
688247,2022-08-12 00:00:00,370102,2022-08-12 16:35:00,370000,370100
688248,2021-12-03 00:00:00,630803,2025-10-15 10:57:00,630000,630800
688249,2023-04-14 00:00:00,270106,2025-01-24 16:29:00,270000,270100
688251,2022-05-20 00:00:00,710301,2022-05-20 17:34:00,710000,710300
688252,2022-09-09 00:00:00,270104,2025-01-08 14:36:00,270000,270100
688253,2022-07-15 00:00:00,370504,2022-07-15 17:11:00,370000,370500
688255,2021-10-15 00:00:00,640701,2025-10-15 10:57:00,640000,640700
688256,2020-07-07 09:09:00,270101,2021-03-03 15:32:00,270000,270100
688256,2021-07-30 00:00:00,270104,2023-04-03 14:29:00,270000,270100
688257,2021-10-15 00:00:00,640108,2025-10-15 10:57:00,640000,640100
688258,2019-11-20 14:30:00,710202,2019-12-02 09:24:00,710000,710200
688258,2021-07-30 00:00:00,710301,2021-07-31 16:18:00,710000,710300
688259,2021-12-24 00:00:00,270104,2021-12-29 14:07:00,270000,270100
688260,2021-03-19 09:02:00,270502,2021-04-12 13:47:00,270000,270500
688260,2021-07-30 00:00:00,270504,2023-04-25 09:33:00,270000,270500
688261,2022-01-14 00:00:00,270102,2023-04-25 09:33:00,270000,270100
688262,2021-12-17 00:00:00,270104,2023-04-25 09:33:00,270000,270100
688265,2021-12-10 00:00:00,370603,2021-12-29 14:01:00,370000,370600
688266,2020-01-08 15:41:00,370102,2020-12-04 14:32:00,370000,370100
688267,2022-01-21 00:00:00,220309,2025-09-26 17:00:00,220000,220300
688268,2019-12-12 13:31:00,220309,2021-05-31 13:01:00,220000,220300
688268,2021-07-30 00:00:00,270601,2024-02-26 08:58:00,270000,270600
688269,2021-05-23 22:25:00,240201,2021-07-14 09:40:00,240000,240200
688269,2022-07-29 00:00:00,220309,2024-03-11 10:34:00,220000,220300
688270,2022-01-14 00:00:00,270105,2026-08-20 14:06:00,270000,270100
688271,2022-08-05 00:00:00,370502,2025-01-24 16:29:00,370000,370500
688272,2021-09-24 00:00:00,650501,2025-10-15 10:57:00,650000,650500
688273,2022-07-25 00:00:00,370502,2022-07-25 11:55:00,370000,370500
688275,2022-09-09 00:00:00,630702,2025-10-15 10:57:00,630000,630700
688276,2021-06-09 16:31:00,370301,2021-06-29 11:18:00,370000,370300
688276,2021-07-30 00:00:00,370303,2025-01-24 16:29:00,370000,370300
688277,2020-06-18 10:51:00,370501,2020-08-17 10:55:00,370000,370500
688277,2021-07-30 00:00:00,370502,2021-07-31 16:18:00,370000,370500
688278,2020-01-06 09:11:00,370301,2020-12-04 14:32:00,370000,370300
688278,2021-07-30 00:00:00,370304,2021-07-31 16:18:00,370000,370300
688279,2022-04-01 00:00:00,270104,2023-04-25 09:33:00,270000,270100
688280,2021-10-15 00:00:00,280203,2024-03-14 08:19:00,280000,280200
688281,2022-02-18 00:00:00,650201,2025-10-15 10:57:00,650000,650200
688282,2022-03-04 00:00:00,650101,2025-10-15 10:57:00,650000,650100
688283,2022-01-21 00:00:00,730207,2025-10-15 10:57:00,730000,730200
688285,2021-10-15 00:00:00,640501,2025-10-15 10:57:00,640000,640500
688286,2020-07-22 13:45:00,270101,2020-08-17 10:48:00,270000,270100
688286,2021-07-30 00:00:00,270105,2023-04-25 09:33:00,270000,270100
688287,2022-05-25 00:00:00,650201,2025-10-15 10:57:00,650000,650200
688288,2019-10-23 10:01:00,710101,2019-11-06 09:29:00,710000,710100
688288,2021-07-30 00:00:00,710103,2021-07-31 16:18:00,710000,710100
688289,2020-08-11 18:27:00,370501,2020-08-17 10:55:00,370000,370500
688289,2021-07-30 00:00:00,370504,2021-07-31 16:18:00,370000,370500
688290,2022-04-15 00:00:00,640701,2025-10-15 10:57:00,640000,640700
688291,2022-09-30 00:00:00,710401,2025-10-15 10:57:00,710000,710400
688292,2022-08-05 00:00:00,730207,2022-08-08 11:04:00,730000,730200
688292,2024-05-17 00:00:00,710103,2025-01-08 14:36:00,710000,710100
688293,2022-08-19 00:00:00,370304,2022-09-02 09:26:00,370000,370300
688295,2022-03-18 00:00:00,220404,2025-12-31 11:32:00,220000,220400
688296,2021-07-09 14:07:00,710201,2021-07-09 14:07:00,710000,710200
688296,2021-07-30 00:00:00,710401,2021-09-17 14:13:00,710000,710400
688297,2022-06-10 00:00:00,650201,2025-10-15 10:57:00,650000,650200
688298,2020-01-08 15:41:00,370501,2020-12-04 14:32:00,370000,370500
688298,2021-07-30 00:00:00,370504,2021-07-31 16:18:00,370000,370500
688299,2019-10-21 08:44:00,270301,2019-11-06 09:30:00,270000,270300
688300,2019-11-01 13:34:00,240203,2024-07-23 13:20:00,240000,240200
688300,2021-07-30 00:00:00,220901,2025-12-30 17:35:00,220000,220900
688301,2020-08-31 09:44:00,370501,2021-05-07 13:50:00,370000,370500
688301,2021-07-30 00:00:00,370502,2025-10-15 10:57:00,370000,370500
688302,2022-04-01 00:00:00,370102,2022-04-01 18:41:00,370000,370100
688303,2021-07-09 14:07:00,630303,2021-07-22 18:06:00,630000,630300
688303,2021-07-30 00:00:00,630501,2025-10-15 10:57:00,630000,630500
688305,2021-06-30 18:05:00,640101,2021-07-06 09:07:00,640000,640100
688306,2022-03-04 00:00:00,640704,2025-10-15 10:57:00,640000,640700
688307,2023-01-20 00:00:00,710102,2026-03-15 23:47:00,710000,710100
688307,2026-07-01 10:24:00,270303,2026-07-01 10:24:00,270000,270300
688308,2020-12-01 13:54:00,640401,2020-12-31 09:51:00,640000,640400
688308,2021-07-30 00:00:00,640108,2025-10-15 10:57:00,640000,640100
688309,2020-06-29 08:44:00,640205,2020-08-17 10:52:00,640000,640200
688309,2021-07-30 00:00:00,760201,2025-10-15 10:57:00,760000,760200
688310,2019-11-14 08:58:00,640209,2019-11-20 10:43:00,640000,640200
688310,2021-07-30 00:00:00,640704,2025-10-15 10:57:00,640000,640700
688311,2020-07-21 08:27:00,650301,2020-08-17 10:54:00,650000,650300
688311,2021-07-30 00:00:00,650501,2025-10-15 10:57:00,650000,650500
688312,2020-05-23 14:14:00,640209,2020-06-17 13:15:00,640000,640200
688313,2020-07-27 08:36:00,730202,2021-03-03 15:32:00,730000,730200
688313,2021-07-30 00:00:00,730204,2026-03-13 13:52:00,730000,730200
688314,2021-05-08 15:54:00,370501,2021-06-29 11:16:00,370000,370500
688314,2021-07-30 00:00:00,370503,2021-09-01 09:21:00,370000,370500
688315,2021-03-25 09:13:00,370601,2021-06-22 16:39:00,370000,370600
688315,2021-07-30 00:00:00,370605,2021-09-01 09:21:00,370000,370600
688316,2021-02-27 11:05:00,710202,2021-03-04 13:06:00,710000,710200
688316,2021-07-30 00:00:00,710301,2021-07-31 16:18:00,710000,710300
688317,2021-01-03 09:08:00,370501,2021-01-15 09:19:00,370000,370500
688317,2021-07-30 00:00:00,370504,2021-07-31 16:18:00,370000,370500
688318,2020-04-13 08:54:00,710201,2020-05-18 10:58:00,710000,710200
688318,2021-07-30 00:00:00,710401,2021-07-31 16:18:00,710000,710400
688319,2021-05-21 09:52:00,370301,2021-06-29 11:18:00,370000,370300
688319,2021-07-30 00:00:00,370303,2021-09-01 09:21:00,370000,370300
688320,2022-04-15 00:00:00,640702,2025-10-15 10:57:00,640000,640700
688321,2019-07-24 14:08:00,370102,2020-11-04 10:00:00,370000,370100
688322,2022-07-08 00:00:00,270303,2023-07-17 17:07:00,270000,270300
688323,2021-04-15 08:50:00,220501,2021-04-28 15:19:00,220000,220500
688323,2021-07-30 00:00:00,220505,2024-04-01 15:29:00,220000,220500
688325,2022-04-01 00:00:00,270105,2023-04-25 09:33:00,270000,270100
688326,2022-03-30 00:00:00,710401,2024-04-22 10:26:00,710000,710400
688327,2022-04-29 00:00:00,710301,2024-06-07 10:06:00,710000,710300
688328,2021-02-19 15:25:00,640209,2021-03-04 13:03:00,640000,640200
688329,2021-03-05 19:19:00,640209,2021-04-12 13:48:00,640000,640200
688329,2021-07-30 00:00:00,640704,2025-10-15 10:57:00,640000,640700
688330,2020-09-21 19:16:00,630201,2020-09-25 15:11:00,630000,630200
688330,2021-07-30 00:00:00,630803,2025-10-15 10:57:00,630000,630800
688331,2022-03-18 00:00:00,370102,2022-03-21 11:57:00,370000,370100
688331,2022-03-25 00:00:00,370304,2022-03-25 17:59:00,370000,370300
688332,2022-07-01 00:00:00,270104,2023-04-25 09:33:00,270000,270100
688333,2019-07-08 09:44:00,640101,2020-09-30 09:59:00,640000,640100
688333,2022-07-29 00:00:00,640106,2025-10-15 10:57:00,640000,640100
688334,2023-06-09 00:00:00,460802,2023-06-14 10:58:00,460000,460800
688335,2020-07-31 15:45:00,410401,2020-08-17 10:59:00,410000,410400
688335,2021-07-30 00:00:00,760102,2025-10-15 10:57:00,760000,760100
688336,2020-07-07 09:09:00,370301,2020-08-17 10:55:00,370000,370300
688336,2021-07-30 00:00:00,370304,2021-07-31 16:18:00,370000,370300
688337,2022-03-18 00:00:00,640107,2025-10-15 10:57:00,640000,640100
688338,2020-07-21 08:28:00,370501,2020-08-17 10:55:00,370000,370500
688338,2021-07-30 00:00:00,370504,2021-07-31 16:18:00,370000,370500
688339,2020-07-22 13:45:00,630305,2021-03-03 15:32:00,630000,630300
688339,2021-07-30 00:00:00,630704,2023-11-14 23:25:00,630000,630700
688343,2023-03-17 00:00:00,710301,2023-03-20 11:17:00,710000,710300
688345,2021-05-23 22:25:00,630305,2021-07-06 09:11:00,630000,630300
688345,2021-07-30 00:00:00,630701,2026-07-24 08:15:00,630000,630700
688347,2023-07-31 00:00:00,270106,2023-09-18 14:13:00,270000,270100
688348,2022-05-20 00:00:00,630503,2026-06-17 14:33:00,630000,630500
688349,2022-06-02 00:00:00,630601,2025-10-15 10:57:00,630000,630600
688350,2021-01-14 22:06:00,220309,2021-01-15 09:20:00,220000,220300
688351,2022-08-12 00:00:00,370503,2022-09-20 10:56:00,370000,370500
688352,2023-03-31 00:00:00,270107,2023-04-03 11:04:00,270000,270100
688353,2022-06-24 00:00:00,630702,2025-10-15 10:57:00,630000,630700
688355,2021-04-26 16:00:00,640401,2021-04-28 15:17:00,640000,640400
688355,2021-07-30 00:00:00,640108,2025-10-15 10:57:00,640000,640100
688356,2020-08-08 15:08:00,370101,2021-06-22 16:40:00,370000,370100
688357,2019-11-20 14:30:00,240203,2020-11-09 09:06:00,240000,240200
688357,2021-07-30 00:00:00,220901,2021-08-02 09:04:00,220000,220900
688357,2022-07-29 00:00:00,220309,2025-09-26 17:00:00,220000,220300
688358,2019-11-14 08:58:00,370501,2020-12-04 14:32:00,370000,370500
688358,2021-07-30 00:00:00,370502,2025-12-08 10:54:00,370000,370500
688359,2021-05-08 15:54:00,220309,2021-07-06 09:08:00,220000,220300
688359,2021-07-30 00:00:00,270601,2023-12-25 16:34:00,270000,270600
688360,2020-05-18 18:06:00,640106,2020-06-17 13:15:00,640000,640100
688361,2023-05-04 00:00:00,270108,2025-10-28 10:25:00,270000,270100
688362,2022-10-28 00:00:00,270107,2024-06-24 19:10:00,270000,270100
688363,2019-10-21 16:31:00,370301,2024-07-14 10:43:00,370000,370300
688363,2021-07-30 00:00:00,770301,2025-10-16 08:54:00,770000,770300
688365,2020-04-16 16:21:00,710202,2020-08-10 09:21:00,710000,710200
688365,2021-07-30 00:00:00,710301,2021-07-31 16:18:00,710000,710300
688366,2019-10-21 16:33:00,370501,2021-03-03 15:31:00,370000,370500
688366,2021-07-30 00:00:00,370503,2024-04-01 15:28:00,370000,370500
688367,2021-06-09 16:31:00,640501,2021-07-06 09:07:00,640000,640500
688368,2019-09-19 09:24:00,270101,2021-07-01 13:17:00,270000,270100
688368,2021-07-30 00:00:00,270105,2021-07-31 16:18:00,270000,270100
688369,2019-10-21 08:57:00,710201,2019-11-06 09:32:00,710000,710200
688369,2021-07-30 00:00:00,710402,2021-07-31 16:18:00,710000,710400
688370,2022-08-05 00:00:00,760103,2025-10-15 10:57:00,760000,760100
688371,2022-07-25 00:00:00,270601,2022-07-25 11:55:00,270000,270600
688372,2022-09-30 00:00:00,270107,2023-03-05 15:41:00,270000,270100
688373,2022-07-25 00:00:00,370102,2022-12-25 16:47:00,370000,370100
688375,2022-07-01 00:00:00,650501,2025-10-15 10:57:00,650000,650500
688376,2022-11-04 00:00:00,760201,2025-10-15 10:57:00,760000,760200
688377,2020-06-18 10:51:00,640203,2020-08-17 10:52:00,640000,640200
688378,2020-08-15 10:17:00,640209,2021-02-23 09:08:00,640000,640200
688378,2024-07-30 12:45:00,270303,2024-07-30 12:45:00,270000,270300
688379,2020-08-04 23:29:00,640401,2020-08-17 10:52:00,640000,640400
688379,2021-07-30 00:00:00,640108,2025-10-15 10:57:00,640000,640100
688380,2022-07-25 00:00:00,270104,2022-07-25 11:55:00,270000,270100
688381,2022-08-05 00:00:00,270105,2022-08-08 11:04:00,270000,270100
688382,2022-07-08 00:00:00,370102,2022-07-08 16:58:00,370000,370100
688383,2021-04-15 08:51:00,640209,2021-05-19 11:22:00,640000,640200
688385,2021-07-23 11:14:00,270101,2021-08-06 11:01:00,270000,270100
688385,2021-07-30 00:00:00,270104,2026-02-26 16:27:00,270000,270100
688386,2020-09-24 09:02:00,280201,2020-09-25 15:09:00,280000,280200
688386,2021-07-30 00:00:00,220505,2021-07-31 16:18:00,220000,220500
688387,2022-09-09 00:00:00,730204,2023-12-21 09:03:00,730000,730200
688388,2019-07-11 13:43:00,240302,2019-11-12 15:17:00,240000,240300
688388,2022-07-29 00:00:00,630701,2025-10-15 10:57:00,630000,630700
688389,2019-10-23 10:01:00,370501,2020-12-04 14:32:00,370000,370500
688389,2021-07-30 00:00:00,370504,2021-07-31 16:18:00,370000,370500
688390,2020-08-21 23:03:00,630303,2021-03-03 15:31:00,630000,630300
688390,2021-07-30 00:00:00,630503,2025-12-11 07:08:00,630000,630500
688391,2022-08-26 00:00:00,270105,2023-06-01 14:03:00,270000,270100
688392,2022-09-09 00:00:00,630703,2025-10-15 10:57:00,630000,630700
688393,2020-08-04 23:29:00,370501,2020-08-17 10:55:00,370000,370500
688393,2021-07-30 00:00:00,370504,2021-07-31 16:18:00,370000,370500
688395,2021-04-15 08:51:00,630202,2021-04-28 15:19:00,630000,630200
688395,2021-07-30 00:00:00,640702,2025-10-15 10:57:00,640000,640700
688396,2020-02-04 22:05:00,270101,2020-08-10 09:29:00,270000,270100
688396,2021-07-30 00:00:00,270106,2024-05-06 10:49:00,270000,270100
688398,2020-01-22 17:05:00,220309,2020-04-09 13:53:00,220000,220300
688399,2019-11-20 14:30:00,370501,2020-12-04 14:32:00,370000,370500
688399,2021-07-30 00:00:00,370504,2021-07-31 16:18:00,370000,370500
688400,2022-07-08 00:00:00,640209,2025-10-15 10:57:00,640000,640200
688401,2022-08-05 00:00:00,270103,2022-11-01 13:58:00,270000,270100
688403,2022-08-05 00:00:00,270107,2024-12-18 07:49:00,270000,270100
688408,2020-08-11 18:27:00,630303,2020-08-17 10:53:00,630000,630300
688408,2021-07-30 00:00:00,630504,2025-10-15 10:57:00,630000,630500
688409,2022-09-16 00:00:00,270108,2023-10-10 09:54:00,270000,270100
688410,2022-12-09 00:00:00,370502,2023-01-30 13:08:00,370000,370500
688411,2025-01-10 11:00:00,630306,2026-06-17 14:33:00,630000,630300
688416,2022-08-12 00:00:00,270104,2022-08-12 16:35:00,270000,270100
688418,2020-07-07 09:09:00,730201,2020-08-17 10:58:00,730000,730200
688418,2021-07-30 00:00:00,730207,2026-06-01 14:47:00,730000,730200
688419,2022-10-21 00:00:00,270108,2022-10-21 15:54:00,270000,270100
688420,2022-11-21 00:00:00,640209,2022-11-21 12:26:00,640000,640200
688420,2024-07-30 12:45:00,640203,2025-10-15 10:57:00,640000,640200
688425,2021-06-06 21:32:00,640201,2021-07-06 09:07:00,640000,640200
688425,2021-07-30 00:00:00,640601,2025-10-15 10:57:00,640000,640600
688426,2022-09-30 00:00:00,370304,2022-10-10 12:20:00,370000,370300
688426,2024-07-30 12:45:00,370504,2024-07-30 12:45:00,370000,370500
688428,2022-09-02 00:00:00,370102,2022-09-02 14:39:00,370000,370100
688429,2023-06-09 00:00:00,630502,2025-10-15 10:57:00,630000,630500
688432,2022-10-28 00:00:00,270103,2022-10-28 16:09:00,270000,270100
688433,2023-03-31 00:00:00,640106,2025-10-15 10:57:00,640000,640100
688435,2023-01-06 00:00:00,710402,2023-06-17 22:29:00,710000,710400
688439,2022-08-12 00:00:00,650501,2025-10-15 10:57:00,650000,650500
688443,2023-06-09 00:00:00,370304,2023-06-14 10:58:00,370000,370300
688448,2022-09-02 00:00:00,640106,2025-10-15 10:57:00,640000,640100
688449,2024-11-08 11:17:00,270104,2025-01-08 14:36:00,270000,270100
688450,2023-07-14 00:00:00,640107,2025-10-15 10:57:00,640000,640100
688450,2026-07-01 10:24:00,630803,2026-07-01 10:24:00,630000,630800
688455,2022-08-26 00:00:00,640704,2025-10-15 10:57:00,640000,640700
688456,2021-03-05 19:19:00,240302,2021-04-12 13:54:00,240000,240300
688456,2023-07-04 00:00:00,240201,2025-01-08 14:36:00,240000,240200
688458,2023-05-04 00:00:00,270105,2024-05-13 16:25:00,270000,270100
688459,2022-09-16 00:00:00,640501,2025-10-15 10:57:00,640000,640500
688466,2020-04-16 16:23:00,410401,2020-11-09 15:56:00,410000,410400
688466,2021-07-30 00:00:00,760102,2025-10-15 10:57:00,760000,760100
688468,2021-03-25 09:13:00,370501,2021-04-12 13:52:00,370000,370500
688468,2021-07-30 00:00:00,370504,2021-07-31 16:18:00,370000,370500
688469,2023-05-04 00:00:00,270106,2023-05-04 09:15:00,270000,270100
688472,2023-05-26 00:00:00,630502,2025-10-15 10:57:00,630000,630500
688475,2022-12-09 00:00:00,710102,2025-02-19 17:18:00,710000,710100
688478,2023-03-31 00:00:00,270108,2023-07-04 13:38:00,270000,270100
688479,2023-05-04 00:00:00,710401,2023-05-04 09:15:00,710000,710400
688480,2022-11-11 00:00:00,760104,2026-04-02 13:26:00,760000,760100
688484,2023-03-17 00:00:00,270105,2023-03-20 11:17:00,270000,270100
688485,2023-01-06 00:00:00,640501,2025-10-15 10:57:00,640000,640500
688486,2023-02-13 00:00:00,270104,2023-02-14 14:22:00,270000,270100
688488,2020-07-07 09:09:00,370301,2020-08-17 10:55:00,370000,370300
688488,2021-07-30 00:00:00,370304,2025-06-03 21:05:00,370000,370300
688489,2022-11-21 00:00:00,710102,2022-11-21 12:26:00,710000,710100
688496,2022-12-09 00:00:00,270301,2022-12-09 17:00:00,270000,270300
688496,2024-07-30 12:45:00,270302,2024-07-30 12:45:00,270000,270300
688498,2022-12-02 00:00:00,270102,2026-02-26 16:27:00,270000,270100
688499,2021-06-14 10:02:00,640209,2021-07-08 12:43:00,640000,640200
688499,2021-07-30 00:00:00,630703,2025-10-15 10:57:00,630000,630700
688500,2020-07-06 18:23:00,710202,2020-08-17 10:50:00,710000,710200
688500,2021-07-30 00:00:00,710301,2021-07-31 16:18:00,710000,710300
688501,2021-07-05 08:48:00,640205,2021-07-06 09:07:00,640000,640200
688501,2021-07-30 00:00:00,760201,2026-04-02 13:26:00,760000,760200
688502,2023-02-24 00:00:00,270303,2025-10-28 10:25:00,270000,270300
688503,2022-11-25 00:00:00,630702,2022-12-02 14:11:00,630000,630700
688503,2023-07-04 00:00:00,630504,2025-10-15 10:57:00,630000,630500
688505,2020-06-02 08:39:00,370102,2020-07-08 09:52:00,370000,370100
688506,2022-12-23 00:00:00,370102,2025-12-26 13:08:00,370000,370100
688507,2023-03-31 00:00:00,710401,2023-10-16 09:01:00,710000,710400
688508,2020-07-06 18:23:00,270101,2020-08-17 10:48:00,270000,270100
688508,2021-07-30 00:00:00,270105,2023-04-25 09:33:00,270000,270100
688509,2021-07-23 11:14:00,710202,2021-07-23 11:14:00,710000,710200
688509,2021-07-30 00:00:00,710301,2021-09-17 14:13:00,710000,710300
688510,2020-12-01 13:54:00,650201,2024-07-01 19:23:00,650000,650200
688511,2021-07-27 13:32:00,650301,2021-07-27 13:32:00,650000,650300
688511,2021-07-30 00:00:00,650501,2025-10-15 10:57:00,650000,650500
688512,2023-05-04 00:00:00,270105,2023-05-04 09:15:00,270000,270100
688513,2020-08-14 14:56:00,370102,2020-08-17 10:55:00,370000,370100
688515,2023-01-20 00:00:00,270105,2023-01-20 13:22:00,270000,270100
688516,2020-05-05 19:52:00,630303,2020-12-04 14:32:00,630000,630300
688516,2021-07-30 00:00:00,630505,2025-10-15 10:57:00,630000,630500
688517,2021-06-06 21:32:00,630402,2021-07-06 09:11:00,630000,630400
688517,2021-07-30 00:00:00,630802,2025-10-15 10:57:00,630000,630800
688518,2020-06-05 10:00:00,640209,2021-06-18 18:05:00,640000,640200
688518,2021-07-30 00:00:00,640703,2025-10-15 10:57:00,640000,640700
688519,2020-07-31 15:46:00,270202,2020-08-17 10:48:00,270000,270200
688520,2020-06-05 09:56:00,370301,2020-07-08 09:52:00,370000,370300
688520,2021-07-30 00:00:00,370304,2024-03-20 13:46:00,370000,370300
688521,2020-07-31 15:46:00,270101,2020-11-10 08:52:00,270000,270100
688521,2021-07-30 00:00:00,270104,2026-02-26 16:27:00,270000,270100
688522,2023-02-24 00:00:00,650501,2025-10-15 10:57:00,650000,650500
688523,2023-05-26 00:00:00,650101,2025-10-15 10:57:00,650000,650100
688525,2022-12-23 00:00:00,270104,2022-12-27 11:40:00,270000,270100
688526,2020-09-09 13:54:00,110801,2021-03-03 15:31:00,110000,110800
688528,2020-06-12 08:38:00,640301,2020-06-17 13:15:00,640000,640300
688528,2021-07-30 00:00:00,640107,2025-10-15 10:57:00,640000,640100
688529,2020-10-26 19:16:00,640209,2020-11-02 15:26:00,640000,640200
688530,2024-05-09 00:00:00,270103,2024-07-29 11:30:00,270000,270100
688531,2023-03-17 00:00:00,640209,2025-10-21 16:55:00,640000,640200
688533,2021-04-05 18:41:00,280201,2021-04-12 13:50:00,280000,280200
688533,2021-07-30 00:00:00,280206,2025-01-08 14:36:00,280000,280200
688535,2023-03-17 00:00:00,270103,2026-03-24 14:04:00,270000,270100
688536,2020-09-04 10:02:00,270101,2020-09-08 13:06:00,270000,270100
688536,2021-07-30 00:00:00,270105,2023-04-25 09:33:00,270000,270100
688538,2021-05-12 08:58:00,270301,2021-07-06 09:15:00,270000,270300
688539,2023-03-31 00:00:00,270203,2024-01-15 15:56:00,270000,270200
688543,2023-06-09 00:00:00,650301,2025-10-24 17:28:00,650000,650300
688545,2025-01-03 13:09:00,270601,2025-12-24 13:05:00,270000,270600
688548,2023-07-31 00:00:00,270601,2025-01-24 16:29:00,270000,270600
688549,2023-08-21 00:00:00,270601,2023-11-27 08:03:00,270000,270600
688550,2020-08-14 14:56:00,220309,2021-06-01 09:28:00,220000,220300
688550,2021-07-30 00:00:00,270601,2025-01-14 10:02:00,270000,270600
688551,2020-08-29 11:06:00,640209,2020-09-08 13:04:00,640000,640200
688551,2021-07-30 00:00:00,630306,2025-10-15 10:57:00,630000,630300
688552,2023-05-04 00:00:00,650501,2025-10-30 13:32:00,650000,650500
688553,2021-09-30 00:00:00,370102,2021-11-18 09:15:00,370000,370100
688555,2020-06-05 09:57:00,710201,2020-06-17 13:15:00,710000,710200
688555,2021-07-30 00:00:00,710401,2021-07-31 16:18:00,710000,710400
688556,2020-07-21 08:27:00,640209,2020-08-17 10:52:00,640000,640200
688556,2021-07-30 00:00:00,630505,2025-10-15 10:57:00,630000,630500
688557,2020-11-21 09:38:00,640106,2020-12-31 09:51:00,640000,640100
688558,2020-06-12 08:38:00,640101,2020-06-17 13:15:00,640000,640100
688559,2020-08-21 23:03:00,640209,2020-09-14 09:00:00,640000,640200
688559,2021-07-30 00:00:00,640703,2025-10-15 10:57:00,640000,640700
688560,2020-12-14 14:45:00,630303,2020-12-31 09:53:00,630000,630300
688560,2021-07-30 00:00:00,630504,2025-10-15 10:57:00,630000,630500
688561,2020-07-13 21:33:00,710201,2021-03-03 15:32:00,710000,710200
688561,2021-07-30 00:00:00,710402,2023-06-01 14:03:00,710000,710400
688562,2023-05-04 00:00:00,710301,2023-05-04 09:15:00,710000,710300
688563,2023-06-30 00:00:00,650201,2025-10-15 10:57:00,650000,650200
688565,2021-04-26 16:01:00,410401,2021-04-28 15:20:00,410000,410400
688565,2021-07-30 00:00:00,760102,2025-10-15 10:57:00,760000,760100
688566,2020-04-27 08:40:00,370102,2020-05-18 11:01:00,370000,370100
688567,2020-06-29 08:44:00,630305,2020-08-17 10:53:00,630000,630300
688567,2021-07-30 00:00:00,630701,2025-10-15 10:57:00,630000,630700
688568,2020-06-24 08:37:00,710202,2020-08-17 10:50:00,710000,710200
688568,2021-07-30 00:00:00,710301,2025-10-15 10:57:00,710000,710300
688569,2020-08-14 14:56:00,640501,2020-08-17 10:52:00,640000,640500
688570,2023-05-26 00:00:00,640702,2025-10-15 10:57:00,640000,640700
688571,2020-11-25 14:42:00,220305,2020-12-31 09:50:00,220000,220300
688573,2023-07-31 00:00:00,630703,2025-10-15 10:57:00,630000,630700
688575,2021-04-26 16:01:00,370501,2021-04-28 15:18:00,370000,370500
688575,2021-07-30 00:00:00,370504,2025-01-24 16:29:00,370000,370500
688576,2023-05-26 00:00:00,370502,2023-05-29 12:16:00,370000,370500
688576,2024-07-30 12:45:00,370503,2024-07-30 12:45:00,370000,370500
688577,2020-08-31 09:43:00,640101,2020-09-08 13:04:00,640000,640100
688578,2020-11-21 09:38:00,370102,2020-12-31 09:53:00,370000,370100
688579,2020-06-29 08:45:00,710201,2020-08-17 10:50:00,710000,710200
688579,2021-07-30 00:00:00,710401,2021-07-31 16:18:00,710000,710400
688580,2020-07-06 18:23:00,370501,2020-08-17 10:55:00,370000,370500
688580,2021-07-30 00:00:00,370502,2021-07-31 16:18:00,370000,370500
688581,2023-05-04 00:00:00,370503,2023-05-04 09:15:00,370000,370500
688582,2023-06-09 00:00:00,270105,2025-12-25 07:14:00,270000,270100
688583,2024-12-27 16:23:00,640107,2025-05-16 17:47:00,640000,640100
688584,2024-01-26 00:00:00,270103,2024-07-29 11:30:00,270000,270100
688585,2020-09-14 08:38:00,220309,2020-09-25 15:06:00,220000,220300
688585,2021-07-30 00:00:00,220504,2021-07-31 16:18:00,220000,220500
688586,2020-07-21 08:27:00,650201,2020-08-17 10:54:00,650000,650200
688588,2020-04-27 08:39:00,710201,2020-05-18 10:58:00,710000,710200
688588,2021-07-30 00:00:00,710401,2021-07-31 16:18:00,710000,710400
688589,2020-07-06 18:23:00,270101,2020-08-17 10:48:00,270000,270100
688589,2021-07-30 00:00:00,270104,2023-04-25 09:33:00,270000,270100
688590,2020-11-25 14:41:00,710201,2020-12-31 09:52:00,710000,710200
688590,2021-07-30 00:00:00,710401,2023-12-20 10:53:00,710000,710400
688591,2023-08-21 00:00:00,270104,2023-08-21 11:01:00,270000,270100
688592,2023-07-31 00:00:00,650501,2024-08-12 08:38:00,650000,650500
688592,2024-03-22 00:00:00,730206,2026-06-01 14:47:00,730000,730200
688593,2023-05-12 00:00:00,270104,2023-05-15 13:30:00,270000,270100
688595,2020-09-09 13:55:00,270101,2020-09-25 15:05:00,270000,270100
688595,2021-07-30 00:00:00,270105,2022-05-23 10:52:00,270000,270100
688595,2022-07-29 00:00:00,270104,2024-08-22 09:08:00,270000,270100
688596,2020-08-04 23:30:00,640209,2020-08-17 10:52:00,640000,640200
688597,2021-05-29 21:11:00,630203,2021-07-06 09:11:00,630000,630200
688597,2021-07-30 00:00:00,630804,2025-10-15 10:57:00,630000,630800
688598,2020-04-27 08:39:00,240203,2020-12-07 14:52:00,240000,240200
688598,2021-07-30 00:00:00,630504,2026-04-27 15:47:00,630000,630500
688598,2026-07-01 10:24:00,220901,2026-07-01 10:24:00,220000,220900
688599,2020-06-02 08:39:00,630303,2021-03-03 15:31:00,630000,630300
688599,2021-07-30 00:00:00,630502,2025-10-15 10:57:00,630000,630500
688600,2020-06-12 08:38:00,640205,2020-06-17 13:15:00,640000,640200
688600,2021-07-30 00:00:00,760201,2022-12-01 15:21:00,760000,760200
688600,2025-09-26 12:13:00,640107,2025-10-17 14:23:00,640000,640100
688601,2021-06-09 16:31:00,270101,2021-07-06 09:15:00,270000,270100
688601,2021-07-30 00:00:00,270105,2023-04-25 09:33:00,270000,270100
688602,2023-07-14 00:00:00,270601,2023-07-14 16:28:00,270000,270600
688602,2024-07-30 12:45:00,370102,2025-01-08 14:36:00,370000,370100
688602,2025-04-25 11:34:00,220309,2025-04-25 12:38:00,220000,220300
688603,2023-06-30 00:00:00,270601,2024-01-02 17:04:00,270000,270600
688605,2024-11-22 17:17:00,270108,2025-01-08 14:36:00,270000,270100
688606,2021-03-12 20:17:00,370501,2021-04-12 13:52:00,370000,370500
688606,2021-07-30 00:00:00,370504,2021-07-31 16:18:00,370000,370500
688607,2021-01-14 22:07:00,370501,2021-01-15 09:22:00,370000,370500
688607,2021-07-30 00:00:00,370502,2026-02-12 15:54:00,370000,370500
688608,2020-12-01 13:55:00,270101,2020-12-31 09:49:00,270000,270100
688608,2021-07-30 00:00:00,270104,2025-11-27 09:42:00,270000,270100
688609,2021-03-05 19:20:00,330202,2021-04-12 13:53:00,330000,330200
688610,2023-06-30 00:00:00,640107,2025-10-15 10:57:00,640000,640100
688611,2021-03-25 09:13:00,630201,2021-04-12 13:52:00,630000,630200
688611,2021-07-30 00:00:00,630803,2025-10-15 10:57:00,630000,630800
688612,2023-07-14 00:00:00,280206,2025-01-08 14:36:00,280000,280200
688613,2021-05-08 15:54:00,370501,2021-06-22 16:42:00,370000,370500
688613,2021-07-30 00:00:00,370503,2021-09-01 09:22:00,370000,370500
688615,2024-09-06 13:21:00,710401,2025-12-03 14:52:00,710000,710400
688616,2021-03-05 19:20:00,630203,2021-04-12 13:52:00,630000,630200
688616,2021-07-30 00:00:00,630804,2025-10-15 10:57:00,630000,630800
688617,2020-12-23 10:24:00,370501,2020-12-31 09:53:00,370000,370500
688617,2021-07-30 00:00:00,370503,2021-07-31 16:18:00,370000,370500
688618,2020-12-14 14:45:00,730201,2020-12-31 09:55:00,730000,730200
688618,2021-07-30 00:00:00,730204,2026-06-01 14:47:00,730000,730200
688619,2021-01-29 22:09:00,710202,2021-03-04 13:06:00,710000,710200
688619,2021-07-30 00:00:00,710102,2021-07-31 16:18:00,710000,710100
688620,2023-06-09 00:00:00,270104,2023-06-14 10:58:00,270000,270100
688621,2021-06-06 21:32:00,370601,2021-07-06 09:17:00,370000,370600
688621,2021-07-30 00:00:00,370603,2021-07-31 16:18:00,370000,370600
688622,2021-08-27 00:00:00,640107,2025-10-15 10:57:00,640000,640100
688623,2023-05-26 00:00:00,640704,2025-10-15 10:57:00,640000,640700
688625,2021-05-21 09:52:00,220309,2021-07-06 09:08:00,220000,220300
688626,2021-03-19 09:02:00,370501,2021-04-12 13:52:00,370000,370500
688626,2021-07-30 00:00:00,370502,2021-07-31 16:18:00,370000,370500
688627,2023-06-30 00:00:00,640107,2026-06-23 13:02:00,640000,640100
688628,2021-01-14 22:07:00,640301,2021-01-15 09:21:00,640000,640300
688628,2021-07-30 00:00:00,640107,2025-10-15 10:57:00,640000,640100
688629,2023-06-09 00:00:00,650501,2025-10-15 10:57:00,650000,650500
688630,2021-03-19 09:03:00,640209,2021-07-01 13:17:00,640000,640200
688631,2023-06-09 00:00:00,710401,2026-02-26 16:27:00,710000,710400
688633,2021-03-12 20:17:00,640203,2021-04-12 13:48:00,640000,640200
688635,2026-05-22 09:53:00,730205,2026-05-28 08:42:00,730000,730200
688636,2021-03-25 09:13:00,650201,2024-08-12 08:37:00,650000,650200
688636,2021-07-30 00:00:00,650501,2025-10-15 10:57:00,650000,650500
688638,2023-06-30 00:00:00,630703,2025-10-15 10:57:00,630000,630700
688639,2021-04-05 18:41:00,220309,2021-07-01 09:36:00,220000,220300
688639,2021-07-30 00:00:00,220315,2025-01-24 16:29:00,220000,220300
688646,2023-07-14 00:00:00,640703,2025-10-15 11:14:00,640000,640700
688648,2023-10-27 00:00:00,640209,2025-10-15 10:57:00,640000,640200
688651,2023-07-14 00:00:00,710402,2025-10-15 10:57:00,710000,710400
688652,2023-11-17 00:00:00,270108,2024-07-29 11:30:00,270000,270100
688653,2023-11-17 00:00:00,270105,2024-07-29 11:30:00,270000,270100
688655,2021-04-21 16:02:00,270202,2021-04-28 15:21:00,270000,270200
688656,2021-01-03 09:08:00,370501,2021-01-15 09:19:00,370000,370500
688656,2021-07-30 00:00:00,370504,2021-07-31 16:18:00,370000,370500
688657,2023-09-15 00:00:00,710401,2023-09-18 10:17:00,710000,710400
688658,2020-12-14 14:45:00,370102,2024-06-21 13:48:00,370000,370100
688659,2021-03-19 09:03:00,220309,2021-04-12 13:49:00,220000,220300
688660,2021-05-08 15:55:00,630302,2021-07-06 09:11:00,630000,630300
688660,2021-07-30 00:00:00,630601,2025-10-15 10:57:00,630000,630600
688661,2021-03-12 20:17:00,270502,2021-04-12 13:47:00,270000,270500
688661,2021-07-30 00:00:00,270504,2022-06-05 22:24:00,270000,270500
688661,2022-08-04 00:00:00,270103,2023-04-25 09:33:00,270000,270100
688662,2021-03-19 09:03:00,270401,2021-04-12 13:47:00,270000,270400
688663,2021-03-29 22:19:00,630401,2021-04-12 13:52:00,630000,630400
688663,2021-07-30 00:00:00,630802,2021-11-30 13:18:00,630000,630800
688663,2022-07-29 00:00:00,630803,2025-10-15 10:57:00,630000,630800
688665,2021-01-25 09:16:00,640301,2021-03-04 13:03:00,640000,640300
688665,2021-07-30 00:00:00,640107,2025-10-15 10:57:00,640000,640100
688667,2021-02-27 11:05:00,280201,2021-03-04 13:13:00,280000,280200
688667,2021-07-30 00:00:00,280206,2025-01-08 14:36:00,280000,280200
688668,2020-12-05 11:14:00,730202,2020-12-31 09:55:00,730000,730200
688668,2021-07-30 00:00:00,730204,2026-06-01 14:47:00,730000,730200
688669,2021-01-08 14:25:00,220503,2021-01-15 09:20:00,220000,220500
688670,2021-07-23 11:15:00,370301,2021-07-23 11:15:00,370000,370300
688670,2021-07-30 00:00:00,370303,2023-09-27 15:23:00,370000,370300
688671,2023-07-31 00:00:00,760201,2025-10-15 10:57:00,760000,760200
688676,2021-02-19 15:25:00,630401,2021-03-04 13:13:00,630000,630400
688676,2021-07-30 00:00:00,630801,2025-10-15 10:57:00,630000,630800
688677,2021-02-05 18:03:00,370501,2021-03-04 13:05:00,370000,370500
688677,2021-07-30 00:00:00,370502,2024-09-19 18:53:00,370000,370500
688678,2020-12-05 11:14:00,270502,2020-12-31 09:50:00,270000,270500
688678,2021-07-30 00:00:00,270504,2023-04-25 09:33:00,270000,270500
688679,2020-12-14 14:45:00,410401,2020-12-31 09:56:00,410000,410400
688679,2021-07-30 00:00:00,760103,2025-10-15 10:57:00,760000,760100
688680,2021-01-08 14:26:00,630303,2021-01-26 12:13:00,630000,630300
688680,2021-07-30 00:00:00,630504,2025-10-15 10:57:00,630000,630500
688681,2021-05-29 21:11:00,630201,2021-07-06 09:11:00,630000,630200
688681,2021-07-30 00:00:00,630803,2025-10-15 10:57:00,630000,630800
688682,2021-04-05 18:42:00,650301,2021-04-12 13:48:00,650000,650300
688682,2021-07-30 00:00:00,650501,2025-10-15 10:57:00,650000,650500
688683,2021-03-25 09:14:00,270502,2021-04-12 13:47:00,270000,270500
688683,2021-07-30 00:00:00,270504,2023-04-25 09:33:00,270000,270500
688683,2024-07-30 12:45:00,270601,2024-07-30 12:45:00,270000,270600
688685,2021-04-26 16:01:00,650201,2021-04-28 15:19:00,650000,650200
688686,2020-12-23 10:24:00,640301,2021-06-17 16:54:00,640000,640300
688686,2021-07-30 00:00:00,640704,2025-10-15 10:57:00,640000,640700
688687,2021-01-25 09:17:00,370301,2021-03-04 13:05:00,370000,370300
688687,2021-07-30 00:00:00,370304,2023-12-26 17:37:00,370000,370300
688689,2021-01-08 14:25:00,270102,2021-01-15 09:22:00,270000,270100
688690,2021-06-06 21:32:00,370101,2021-07-14 09:38:00,370000,370100
688691,2024-03-22 00:00:00,270106,2024-07-29 11:30:00,270000,270100
688692,2024-05-31 00:00:00,710401,2024-05-31 16:26:00,710000,710400
688693,2023-07-31 00:00:00,270102,2023-07-31 17:08:00,270000,270100
688695,2024-03-01 00:00:00,710402,2024-07-29 11:30:00,710000,710400
688696,2021-02-19 15:45:00,330201,2021-03-04 19:19:00,330000,330200
688696,2024-07-30 12:45:00,330202,2024-07-30 12:45:00,330000,330200
688697,2021-09-03 00:00:00,640101,2025-10-15 10:57:00,640000,640100
688698,2020-12-14 14:46:00,630202,2020-12-31 09:53:00,630000,630200
688698,2021-07-30 00:00:00,640702,2025-10-15 10:57:00,640000,640700
688699,2020-12-05 11:14:00,270101,2020-12-31 09:49:00,270000,270100
688699,2021-07-30 00:00:00,270105,2023-04-25 09:33:00,270000,270100
688700,2021-05-29 21:11:00,640209,2021-07-13 10:12:00,640000,640200
688701,2021-08-27 00:00:00,760104,2025-10-15 10:57:00,760000,760100
688702,2023-09-08 00:00:00,270104,2023-09-08 15:31:00,270000,270100
688707,2021-08-27 00:00:00,630702,2025-10-15 10:57:00,630000,630700
688708,2024-11-15 18:02:00,650201,2025-10-15 10:57:00,650000,650200
688709,2024-01-19 00:00:00,270104,2025-10-15 10:57:00,270000,270100
688710,2024-08-16 10:09:00,370603,2025-01-08 14:36:00,370000,370600
688711,2021-08-20 00:00:00,270102,2023-06-01 14:45:00,270000,270100
688712,2026-01-16 17:12:00,370503,2026-02-03 09:20:00,370000,370500
688716,2023-09-08 00:00:00,220504,2024-01-02 17:04:00,220000,220500
688717,2023-12-22 00:00:00,630503,2023-12-22 17:04:00,630000,630500
688718,2021-07-12 18:02:00,220309,2021-07-12 18:02:00,220000,220300
688718,2021-07-30 00:00:00,220505,2021-09-17 14:10:00,220000,220500
688719,2023-09-08 00:00:00,630306,2025-10-15 10:57:00,630000,630300
688720,2023-11-17 00:00:00,270103,2024-07-29 11:30:00,270000,270100
688721,2024-08-02 10:19:00,270103,2025-10-28 10:25:00,270000,270100
688722,2021-09-24 00:00:00,220404,2025-06-10 10:55:00,220000,220400
688726,2024-10-11 10:01:00,630505,2025-10-15 10:57:00,630000,630500
688727,2025-11-07 13:55:00,270103,2026-04-27 14:53:00,270000,270100
688728,2021-08-13 00:00:00,270104,2023-04-25 09:33:00,270000,270100
688729,2025-06-20 13:52:00,270108,2025-10-15 10:57:00,270000,270100
688733,2021-08-06 00:00:00,630702,2025-10-15 10:57:00,630000,630700
688737,2021-10-15 00:00:00,280205,2025-01-08 14:36:00,280000,280200
688739,2021-10-15 00:00:00,370303,2021-11-18 09:15:00,370000,370300
688750,2024-11-01 17:29:00,240504,2026-02-26 16:27:00,240000,240500
688755,2025-04-25 11:34:00,370502,2025-10-15 10:57:00,370000,370500
688757,2025-03-07 12:05:00,460802,2025-10-15 10:57:00,460000,460800
688758,2024-12-20 13:24:00,220204,2025-01-08 14:36:00,220000,220200
688758,2025-01-10 13:12:00,370101,2025-01-10 13:12:00,370000,370100
688759,2025-10-17 14:23:00,370102,2025-10-17 14:23:00,370000,370100
688765,2025-09-26 12:13:00,370302,2025-10-17 14:23:00,370000,370300
688766,2021-08-13 00:00:00,270104,2023-04-25 09:33:00,270000,270100
688767,2021-08-20 00:00:00,370504,2026-07-07 09:47:00,370000,370500
688768,2021-07-09 14:08:00,640301,2021-07-09 14:08:00,640000,640300
688768,2021-07-30 00:00:00,640107,2025-10-15 10:57:00,640000,640100
688772,2021-09-17 00:00:00,630701,2025-10-15 10:57:00,630000,630700
688775,2025-05-23 12:50:00,270503,2025-10-28 10:25:00,270000,270500
688776,2021-08-20 00:00:00,650501,2025-10-15 10:57:00,650000,650500
688777,2020-11-25 14:38:00,630202,2021-03-03 15:32:00,630000,630200
688777,2021-07-30 00:00:00,640702,2025-10-15 10:57:00,640000,640700
688778,2021-07-29 15:51:00,220309,2021-07-29 15:51:00,220000,220300
688778,2021-08-06 00:00:00,630702,2025-10-15 10:57:00,630000,630700
688779,2021-07-29 15:50:00,220309,2021-07-29 15:50:00,220000,220300
688779,2021-08-06 00:00:00,630702,2025-10-15 10:57:00,630000,630700
688781,2026-03-23 16:17:00,270301,2026-03-23 16:17:00,270000,270300
688783,2025-09-26 12:13:00,270103,2025-10-17 14:23:00,270000,270100
688785,2026-01-09 16:32:00,270108,2026-05-25 10:37:00,270000,270100
688786,2021-08-20 00:00:00,240201,2021-09-17 14:17:00,240000,240200
688786,2022-07-29 00:00:00,240202,2025-01-08 14:36:00,240000,240200
688787,2021-08-06 00:00:00,710301,2021-09-17 14:13:00,710000,710300
688788,2020-09-24 09:02:00,650301,2020-09-25 15:09:00,650000,650300
688788,2021-07-30 00:00:00,650501,2025-10-15 10:57:00,650000,650500
688789,2021-06-30 18:05:00,640206,2021-07-06 09:07:00,640000,640200
688790,2025-12-01 14:00:00,270105,2025-12-01 14:00:00,270000,270100
688793,2021-07-05 18:13:00,330104,2021-07-06 15:35:00,330000,330100
688793,2021-07-30 00:00:00,330303,2026-02-26 16:27:00,330000,330300
688795,2025-11-14 17:16:00,270104,2025-11-14 17:16:00,270000,270100
688796,2025-12-01 14:00:00,370603,2026-04-27 14:53:00,370000,370600
688797,2026-06-05 13:08:00,270103,2026-06-05 13:08:00,270000,270100
688798,2021-07-30 00:00:00,270105,2023-09-27 15:24:00,270000,270100
688799,2021-06-30 18:06:00,370102,2021-07-06 09:17:00,370000,370100
688800,2021-07-05 08:48:00,270502,2021-07-31 15:47:00,270000,270500
688800,2021-07-30 00:00:00,270401,2021-07-31 16:18:00,270000,270400
688802,2025-12-01 14:00:00,270104,2025-12-01 14:00:00,270000,270100
688805,2025-12-12 13:27:00,370502,2026-04-27 14:53:00,370000,370500
688806,2026-07-10 09:46:00,370304,2026-07-10 09:46:00,370000,370300
688807,2025-12-01 14:00:00,270104,2026-04-20 10:39:00,270000,270100
688808,2026-04-03 12:27:00,640107,2026-04-27 14:53:00,640000,640100
688809,2025-12-12 13:27:00,270108,2026-06-25 20:03:00,270000,270100
688811,2026-03-23 16:17:00,240201,2026-04-27 14:53:00,240000,240200
688813,2026-03-23 16:17:00,640209,2026-04-27 14:53:00,640000,640200
688816,2026-01-23 16:30:00,640704,2026-04-27 14:53:00,640000,640700
688818,2026-01-23 16:30:00,650101,2026-02-10 09:44:00,650000,650100
688819,2021-01-03 09:09:00,630305,2021-06-26 16:45:00,630000,630300
688819,2021-07-30 00:00:00,630705,2025-10-15 10:57:00,630000,630700
688820,2026-04-03 12:27:00,270107,2026-04-27 14:53:00,270000,270100
688825,2026-07-10 09:46:00,270104,2026-08-19 07:04:00,270000,270100
688826,2026-07-31 13:59:00,640703,2026-07-31 13:59:00,640000,640700
688828,2026-07-24 11:13:00,640107,2026-07-24 11:13:00,640000,640100
688835,2026-08-07 13:52:00,640704,2026-08-07 13:52:00,640000,640700
688836,2026-07-31 13:59:00,640701,2026-07-31 13:59:00,640000,640700
688981,2020-07-06 18:23:00,270101,2021-04-23 10:06:00,270000,270100
688981,2021-07-30 00:00:00,270106,2022-04-14 09:53:00,270000,270100
689009,2020-10-30 20:51:00,280401,2021-04-02 10:02:00,280000,280400
832317,2020-07-27 00:00:00,650201,2021-12-14 13:59:00,650000,650200
833874,2021-07-30 00:00:00,280203,2024-10-09 16:10:00,280000,280200
833994,2020-07-27 00:00:00,270301,2021-12-14 13:59:00,270000,270300
874090,2023-08-21 00:00:00,370304,2023-08-21 11:01:00,370000,370300
920000,2021-07-30 00:00:00,280203,2025-10-10 11:17:00,280000,280200
920001,2022-12-27 00:00:00,270301,2025-10-10 11:17:00,270000,270300
920002,2024-06-14 00:00:00,640108,2025-02-19 17:18:00,640000,640100
920003,2025-11-06 12:01:00,620601,2026-04-27 14:53:00,620000,620600
920005,2025-07-24 17:36:00,270504,2025-10-15 10:57:00,270000,270500
920006,2023-05-30 00:00:00,650201,2025-10-10 11:17:00,650000,650200
920007,2025-08-06 11:03:00,630504,2025-10-15 10:57:00,630000,630500
920008,2024-08-21 09:37:00,650501,2025-02-19 17:18:00,650000,650500
920009,2025-10-24 09:48:00,370504,2026-04-27 14:53:00,370000,370500
920010,2020-07-27 00:00:00,410301,2025-10-10 11:17:00,410000,410300
920011,2026-03-27 09:44:00,630101,2026-04-27 14:53:00,630000,630100
920012,2026-04-10 15:49:00,270103,2026-04-27 14:53:00,270000,270100
920014,2022-12-14 00:00:00,410301,2025-10-10 11:17:00,410000,410300
920015,2025-09-25 15:06:00,220316,2026-04-13 09:53:00,220000,220300
920016,2024-09-18 17:40:00,220315,2025-02-19 17:18:00,220000,220300
920017,2023-05-30 00:00:00,370102,2025-10-10 11:17:00,370000,370100
920018,2025-08-21 18:25:00,630805,2025-10-15 10:57:00,630000,630800
920019,2024-09-18 17:40:00,620404,2025-02-19 17:18:00,620000,620400
920020,2025-10-24 09:48:00,280204,2026-04-27 14:53:00,280000,280200
920021,2020-07-27 00:00:00,720103,2025-10-10 11:17:00,720000,720100
920021,2021-07-30 00:00:00,721001,2025-10-10 11:17:00,720000,721000
920022,2025-09-09 09:49:00,280203,2025-10-15 10:57:00,280000,280200
920023,2023-02-13 00:00:00,110501,2025-10-10 11:17:00,110000,110500
920026,2023-10-30 00:00:00,640209,2025-10-10 11:17:00,640000,640200
920027,2025-05-27 13:37:00,640501,2025-10-15 10:57:00,640000,640500
920028,2026-03-17 09:58:00,220501,2026-04-27 14:53:00,220000,220500
920029,2025-03-24 10:08:00,630804,2025-10-15 10:57:00,630000,630800
920030,2021-07-30 00:00:00,280302,2025-10-10 11:17:00,280000,280300
920033,2022-12-14 00:00:00,220309,2025-10-10 11:17:00,220000,220300
920035,2025-11-26 17:49:00,640107,2026-04-27 14:53:00,640000,640100
920036,2026-02-27 09:46:00,710102,2026-04-27 14:53:00,710000,710100
920037,2025-06-26 15:53:00,630805,2025-08-11 12:50:00,630000,630800
920038,2026-08-04 17:07:00,220309,2026-08-04 17:07:00,220000,220300
920039,2021-08-18 00:00:00,460804,2025-10-10 11:17:00,460000,460800
920045,2025-12-29 09:22:00,730204,2025-12-29 09:22:00,730000,730200
920046,2022-10-26 00:00:00,630801,2025-10-10 11:17:00,630000,630800
920047,2021-07-30 00:00:00,370304,2025-10-10 11:17:00,370000,370300
920050,2026-01-14 12:10:00,370503,2026-04-27 14:53:00,370000,370500
920055,2026-03-27 09:44:00,280203,2026-04-27 14:53:00,280000,280200
920056,2025-08-21 18:25:00,220501,2025-10-15 10:57:00,220000,220500
920057,2023-03-17 00:00:00,620401,2025-10-10 11:17:00,620000,620400
920058,2023-08-16 00:00:00,280402,2025-10-10 11:17:00,280000,280400
920059,2026-08-19 13:25:00,280202,2026-08-19 13:25:00,280000,280200
920060,2024-11-12 09:55:00,270202,2025-02-19 17:18:00,270000,270200
920061,2024-01-17 00:00:00,640209,2025-10-10 11:17:00,640000,640200
920062,2022-07-17 00:00:00,630801,2025-10-10 11:17:00,630000,630800
920065,2026-07-22 14:48:00,450602,2026-07-22 14:48:00,450000,450600
920066,2024-10-29 16:18:00,220503,2025-02-19 17:18:00,220000,220500
920068,2025-05-06 17:29:00,240504,2025-10-15 10:57:00,240000,240500
920069,2026-03-27 09:44:00,370503,2026-04-27 14:53:00,370000,370500
920071,2026-08-19 13:25:00,240504,2026-08-19 13:25:00,240000,240500
920072,2026-06-26 13:31:00,370503,2026-06-26 13:31:00,370000,370500
920075,2022-12-14 00:00:00,360205,2025-10-10 11:17:00,360000,360200
920076,2026-01-14 12:10:00,610301,2026-04-27 14:53:00,610000,610300
920077,2021-08-31 00:00:00,220404,2025-10-10 11:17:00,220000,220400
920078,2026-03-17 09:58:00,240201,2026-04-27 14:53:00,240000,240200
920079,2026-07-08 13:02:00,280202,2026-07-08 13:02:00,280000,280200
920080,2025-09-25 15:06:00,640209,2025-10-15 10:57:00,640000,640200
920081,2026-07-08 13:02:00,330302,2026-07-08 13:02:00,330000,330300
920082,2024-12-24 10:48:00,640108,2025-02-19 17:18:00,640000,640100
920083,2026-06-05 14:58:00,220901,2026-06-05 14:58:00,220000,220900
920086,2026-01-14 12:10:00,280203,2026-04-27 14:53:00,280000,280200
920087,2022-12-06 00:00:00,110101,2025-10-10 11:17:00,110000,110100
920088,2024-10-29 16:18:00,750201,2025-02-19 17:18:00,750000,750200
920089,2021-11-09 00:00:00,220503,2025-10-10 11:17:00,220000,220500
920090,2021-08-09 00:00:00,710301,2025-10-10 11:17:00,710000,710300
920090,2023-04-10 00:00:00,710103,2025-10-10 11:17:00,710000,710100
920091,2025-11-06 12:01:00,640209,2026-04-27 14:53:00,640000,640200
920092,2021-11-15 00:00:00,710401,2025-10-10 11:17:00,710000,710400
920092,2023-04-10 00:00:00,710301,2025-10-10 11:17:00,710000,710300
920093,2026-08-19 13:25:00,640206,2026-08-19 13:25:00,640000,640200
920096,2026-05-15 11:34:00,640704,2026-05-15 11:34:00,640000,640700
920098,2024-11-25 11:14:00,220602,2025-02-19 17:18:00,220000,220600
920099,2024-09-18 17:40:00,220309,2024-12-13 08:54:00,220000,220300
920100,2025-09-09 09:49:00,630101,2025-10-15 10:57:00,630000,630100
920101,2025-08-06 11:03:00,640601,2025-10-15 10:57:00,640000,640600
920106,2024-12-24 10:48:00,280203,2025-06-19 07:29:00,280000,280200
920107,2026-08-04 17:07:00,220305,2026-08-04 17:07:00,220000,220300
920108,2025-02-25 14:24:00,330601,2025-02-25 14:24:00,330000,330600
920110,2022-12-06 00:00:00,630306,2025-10-10 11:17:00,630000,630300
920111,2024-10-29 16:18:00,630802,2025-02-19 17:18:00,630000,630800
920112,2025-08-21 18:25:00,640209,2025-10-15 10:57:00,640000,640200
920116,2024-12-24 10:48:00,710301,2025-02-19 17:18:00,710000,710300
920117,2026-07-08 13:02:00,630703,2026-07-08 13:02:00,630000,630700
920118,2024-08-21 09:37:00,630805,2025-02-19 17:18:00,630000,630800
920119,2026-01-26 13:26:00,630703,2026-04-27 14:53:00,630000,630700
920121,2025-12-29 09:22:00,360205,2026-04-27 14:53:00,360000,360200
920122,2022-09-30 00:00:00,460802,2025-10-10 11:17:00,460000,460800
920123,2024-04-11 00:00:00,770201,2025-10-10 11:17:00,770000,770200
920124,2025-11-26 17:49:00,330601,2026-04-27 14:53:00,330000,330600
920125,2026-04-22 10:18:00,640704,2026-07-13 11:08:00,640000,640700
920126,2026-06-05 14:58:00,640203,2026-06-05 14:58:00,640000,640200
920128,2024-11-25 11:14:00,270203,2025-02-19 17:18:00,270000,270200
920130,2023-11-20 00:00:00,710301,2025-10-10 11:17:00,710000,710300
920132,2023-11-20 00:00:00,360307,2025-10-10 11:17:00,360000,360300
920136,2026-06-26 13:31:00,280203,2026-06-26 13:31:00,280000,280200
920138,2026-08-04 17:07:00,270104,2026-08-04 17:07:00,270000,270100
920139,2022-09-30 00:00:00,270107,2025-10-10 11:17:00,270000,270100
920145,2021-11-15 00:00:00,760201,2025-10-10 11:17:00,760000,760200
920146,2021-07-30 00:00:00,280203,2025-10-10 11:17:00,280000,280200
920149,2021-07-30 00:00:00,620601,2025-10-10 11:17:00,620000,620600
920152,2022-08-29 00:00:00,630703,2025-11-30 10:59:00,630000,630700
920156,2026-04-22 10:18:00,640209,2026-04-27 14:53:00,640000,640200
920158,2025-09-25 15:06:00,640203,2025-10-15 10:57:00,640000,640200
920159,2026-01-26 13:26:00,220805,2026-04-27 14:53:00,220000,220800
920160,2025-11-06 12:01:00,460802,2026-04-27 14:53:00,460000,460800
920161,2026-05-27 11:31:00,270203,2026-05-27 11:31:00,270000,270200
920163,2021-07-30 00:00:00,360206,2025-10-10 11:17:00,360000,360200
920165,2026-08-04 17:07:00,770201,2026-08-04 17:07:00,770000,770200
920166,2026-02-10 14:23:00,370503,2026-04-27 14:53:00,370000,370500
920167,2021-07-30 00:00:00,630504,2025-10-10 11:17:00,630000,630500
920168,2026-02-10 14:23:00,280202,2026-04-27 14:53:00,280000,280200
920169,2022-04-22 00:00:00,640108,2025-10-10 11:17:00,640000,640100
920171,2021-11-15 00:00:00,710301,2025-10-10 11:17:00,710000,710300
920174,2021-08-20 00:00:00,640203,2025-10-10 11:17:00,640000,640200
920174,2023-04-10 00:00:00,640601,2025-10-10 11:17:00,640000,640600
920175,2023-07-10 00:00:00,220901,2025-10-10 11:17:00,220000,220900
920176,2026-07-22 14:48:00,770201,2026-07-22 14:48:00,770000,770200
920177,2026-04-10 15:49:00,640209,2026-04-27 14:53:00,640000,640200
920178,2026-05-15 11:34:00,640704,2026-06-15 13:43:00,640000,640700
920179,2022-02-16 00:00:00,220901,2025-10-10 11:17:00,220000,220900
920179,2023-04-10 00:00:00,270103,2025-10-10 11:17:00,270000,270100
920180,2026-02-10 14:23:00,370503,2026-04-27 14:53:00,370000,370500
920181,2026-04-10 15:49:00,270401,2026-04-27 14:53:00,270000,270400
920183,2026-02-27 09:46:00,270503,2026-04-27 14:53:00,270000,270500
920184,2021-07-30 00:00:00,710402,2025-10-10 11:17:00,710000,710400
920184,2023-04-10 00:00:00,710301,2025-10-10 11:17:00,710000,710300
920185,2021-07-30 00:00:00,630702,2025-10-10 11:17:00,630000,630700
920186,2026-04-22 10:18:00,270108,2026-04-22 10:18:00,270000,270100
920187,2026-02-27 09:46:00,280202,2026-04-27 14:53:00,280000,280200
920188,2026-03-17 09:58:00,220602,2026-04-27 14:53:00,220000,220600
920189,2026-07-08 13:02:00,270103,2026-07-08 13:02:00,270000,270100
920190,2022-12-27 00:00:00,710103,2025-10-10 11:17:00,710000,710100
920191,2026-04-10 15:49:00,610301,2026-04-27 14:53:00,610000,610300
920193,2026-06-26 13:31:00,220309,2026-06-26 13:31:00,220000,220300
920195,2022-12-27 00:00:00,280203,2025-10-10 11:17:00,280000,280200
920198,2021-07-30 00:00:00,710102,2025-10-10 11:17:00,710000,710100
920199,2022-12-06 00:00:00,330303,2025-10-10 11:17:00,330000,330300
920200,2026-04-22 10:18:00,630602,2026-04-27 14:53:00,630000,630600
920204,2021-12-30 00:00:00,360204,2025-10-10 11:17:00,360000,360200
920206,2026-05-27 11:31:00,220305,2026-05-27 11:31:00,220000,220300
920207,2022-09-30 00:00:00,710401,2025-10-10 11:17:00,710000,710400
920208,2023-04-07 00:00:00,620601,2025-10-10 11:17:00,620000,620600
920211,2026-05-27 11:31:00,640702,2026-05-27 11:31:00,640000,640700
920212,2021-07-30 00:00:00,270504,2025-10-10 11:17:00,270000,270500
920218,2026-05-27 11:31:00,360311,2026-05-27 11:31:00,360000,360300
920220,2026-05-15 11:34:00,280203,2026-05-15 11:34:00,280000,280200
920221,2023-05-30 00:00:00,280205,2025-10-10 11:17:00,280000,280200
920222,2026-06-26 13:31:00,630801,2026-06-26 13:31:00,630000,630800
920223,2022-05-13 00:00:00,640602,2025-10-10 11:17:00,640000,640600
920223,2023-04-10 00:00:00,640108,2025-10-10 11:17:00,640000,640100
920225,2021-02-25 00:00:00,220602,2025-10-10 11:17:00,220000,220600
920227,2022-12-27 00:00:00,710301,2025-10-10 11:17:00,710000,710300
920230,2022-12-06 00:00:00,370101,2025-10-10 11:17:00,370000,370100
920237,2022-11-23 00:00:00,630701,2025-10-10 11:17:00,630000,630700
920238,2026-07-22 14:48:00,640108,2026-07-22 14:48:00,640000,640100
920239,2021-07-30 00:00:00,630701,2025-10-10 11:17:00,630000,630700
920242,2021-07-30 00:00:00,280203,2025-10-10 11:17:00,280000,280200
920245,2021-12-20 00:00:00,640602,2025-10-10 11:17:00,640000,640600
920247,2022-12-27 00:00:00,280205,2025-10-10 11:17:00,280000,280200
920249,2023-02-24 00:00:00,730206,2025-10-10 11:17:00,730000,730200
920252,2022-01-09 00:00:00,630701,2025-10-10 11:17:00,630000,630700
920258,2026-07-22 14:48:00,220309,2026-07-22 14:48:00,220000,220300
920260,2021-11-15 00:00:00,640108,2025-10-10 11:17:00,640000,640100
920261,2023-04-07 00:00:00,220313,2025-10-10 11:17:00,220000,220300
920262,2022-12-27 00:00:00,350206,2025-10-10 11:17:00,350000,350200
920263,2021-07-30 00:00:00,760101,2025-10-10 11:17:00,760000,760100
920266,2020-07-27 00:00:00,370201,2025-10-10 11:17:00,370000,370200
920267,2022-05-13 00:00:00,270504,2025-10-10 11:17:00,270000,270500
920270,2022-08-29 00:00:00,280202,2025-10-10 11:17:00,280000,280200
920271,2022-06-08 00:00:00,280203,2025-10-10 11:17:00,280000,280200
920273,2023-02-22 00:00:00,220315,2025-10-10 11:17:00,220000,220300
920273,2024-11-12 10:16:00,110504,2025-10-10 11:17:00,110000,110500
920274,2023-08-16 00:00:00,360204,2025-10-10 11:17:00,360000,360200
920275,2021-01-25 00:00:00,110801,2025-10-10 11:17:00,110000,110800
920278,2021-07-30 00:00:00,370502,2025-10-10 11:17:00,370000,370500
920284,2023-12-20 00:00:00,640209,2025-10-10 11:17:00,640000,640200
920288,2026-08-19 13:25:00,360103,2026-08-19 13:25:00,360000,360100
920299,2022-06-08 00:00:00,630803,2025-10-10 11:17:00,630000,630800
920300,2022-12-06 00:00:00,370502,2025-10-10 11:17:00,370000,370500
920304,2023-04-27 00:00:00,220204,2025-12-09 16:02:00,220000,220200
920305,2021-08-26 00:00:00,710103,2025-10-10 11:17:00,710000,710100
920305,2023-04-10 00:00:00,710301,2025-10-10 11:17:00,710000,710300
920339,2022-11-23 00:00:00,330501,2025-10-10 11:17:00,330000,330500
920344,2021-07-30 00:00:00,370304,2025-10-10 11:17:00,370000,370300
920346,2022-02-08 00:00:00,270504,2025-10-10 11:17:00,270000,270500
920351,2022-12-27 00:00:00,420805,2025-10-10 11:17:00,420000,420800
920357,2022-11-23 00:00:00,270504,2025-10-10 11:17:00,270000,270500
920363,2024-01-17 00:00:00,640107,2025-10-10 11:17:00,640000,640100
920367,2023-02-13 00:00:00,370101,2025-10-10 11:17:00,370000,370100
920368,2021-07-30 00:00:00,630505,2025-10-10 11:17:00,630000,630500
920370,2021-07-30 00:00:00,760103,2025-10-10 11:17:00,760000,760100
920371,2022-01-09 00:00:00,110504,2025-12-15 13:02:00,110000,110500
920374,2022-12-06 00:00:00,730207,2025-10-10 11:17:00,730000,730200
920375,2023-12-20 00:00:00,630803,2025-10-10 11:17:00,630000,630800
920378,2022-06-08 00:00:00,280203,2025-10-10 11:17:00,280000,280200
920392,2022-12-27 00:00:00,360205,2025-10-10 11:17:00,360000,360200
920394,2023-04-12 00:00:00,360103,2025-10-10 11:17:00,360000,360100
920395,2022-08-29 00:00:00,640204,2025-10-10 11:17:00,640000,640200
920396,2021-07-30 00:00:00,640704,2025-10-10 11:17:00,640000,640700
920402,2022-09-30 00:00:00,270601,2025-10-10 11:17:00,270000,270600
920402,2024-11-12 10:16:00,220309,2025-10-10 11:17:00,220000,220300
920403,2024-01-17 00:00:00,110101,2025-10-10 11:17:00,110000,110100
920405,2021-11-05 00:00:00,640702,2025-10-10 11:17:00,640000,640700
920407,2023-02-13 00:00:00,640107,2025-10-10 11:17:00,640000,640100
920414,2022-12-06 00:00:00,630505,2025-10-10 11:17:00,630000,630500
920415,2021-07-30 00:00:00,710401,2025-10-10 11:17:00,710000,710400
920418,2021-07-30 00:00:00,280203,2025-10-10 11:17:00,280000,280200
920419,2022-02-24 00:00:00,110404,2025-10-10 11:17:00,110000,110400
920422,2023-02-24 00:00:00,220315,2025-10-10 11:17:00,220000,220300
920425,2023-02-13 00:00:00,710103,2025-10-10 11:17:00,710000,710100
920425,2023-04-10 00:00:00,640702,2025-10-10 11:17:00,640000,640700
920427,2021-07-30 00:00:00,620601,2025-10-10 11:17:00,620000,620600
920429,2022-12-14 00:00:00,340407,2025-10-10 11:17:00,340000,340400
920433,2020-07-27 00:00:00,370201,2025-10-10 11:17:00,370000,370200
920436,2021-11-15 00:00:00,280206,2025-10-10 11:17:00,280000,280200
920438,2024-03-12 00:00:00,270303,2025-10-10 11:17:00,270000,270300
920445,2021-07-30 00:00:00,360308,2025-10-10 11:17:00,360000,360300
920454,2021-11-15 00:00:00,280203,2025-10-10 11:17:00,280000,280200
920455,2023-07-10 00:00:00,640209,2025-10-10 11:17:00,640000,640200
920469,2023-09-20 00:00:00,220503,2025-10-10 11:17:00,220000,220500
920471,2023-05-30 00:00:00,220309,2025-10-10 11:17:00,220000,220300
920475,2020-07-27 00:00:00,640209,2025-10-10 11:17:00,640000,640200
920476,2022-10-26 00:00:00,640107,2025-10-10 11:17:00,640000,640100
920478,2023-02-24 00:00:00,370101,2025-10-10 11:17:00,370000,370100
920489,2020-07-27 00:00:00,220204,2025-10-10 11:17:00,220000,220200
920491,2022-06-08 00:00:00,640107,2025-10-10 11:17:00,640000,640100
920491,2023-08-09 00:00:00,270203,2025-10-10 11:17:00,270000,270200
920493,2023-10-30 00:00:00,710301,2025-10-10 11:17:00,710000,710300
920496,2024-02-29 00:00:00,630801,2025-10-10 11:17:00,630000,630800
920504,2023-08-16 00:00:00,370502,2025-10-10 11:17:00,370000,370500
920505,2022-12-27 00:00:00,640108,2025-10-10 11:17:00,640000,640100
920508,2021-07-30 00:00:00,640704,2025-10-10 11:17:00,640000,640700
920508,2023-04-10 00:00:00,630803,2025-10-10 11:17:00,630000,630800
920509,2021-07-30 00:00:00,640107,2025-10-10 11:17:00,640000,640100
920510,2021-07-30 00:00:00,640602,2025-10-10 11:17:00,640000,640600
920510,2023-04-10 00:00:00,640108,2026-08-11 18:57:00,640000,640100
920519,2023-09-20 00:00:00,220309,2025-10-10 11:17:00,220000,220300
920522,2023-11-20 00:00:00,630703,2025-10-10 11:17:00,630000,630700
920523,2021-07-30 00:00:00,630701,2025-10-10 11:17:00,630000,630700
920526,2022-12-27 00:00:00,270601,2025-10-10 11:17:00,270000,270600
920527,2022-10-26 00:00:00,220309,2025-10-10 11:17:00,220000,220300
920527,2023-08-09 00:00:00,350105,2025-10-10 11:17:00,350000,350100
920533,2022-05-13 00:00:00,280206,2025-10-10 11:17:00,280000,280200
920533,2023-04-10 00:00:00,280202,2025-10-10 11:17:00,280000,280200
920541,2023-02-24 00:00:00,640501,2025-10-10 11:17:00,640000,640500
920547,2023-12-20 00:00:00,370304,2025-10-10 11:17:00,370000,370300
920553,2021-08-06 00:00:00,270601,2025-10-10 11:17:00,270000,270600
920553,2023-04-10 00:00:00,640208,2025-10-10 11:17:00,640000,640200
920556,2023-03-17 00:00:00,630804,2025-10-10 11:17:00,630000,630800
920564,2022-06-08 00:00:00,620601,2025-10-10 11:17:00,620000,620600
920564,2023-04-10 00:00:00,710301,2025-10-10 11:17:00,710000,710300
920566,2021-08-13 00:00:00,370102,2025-10-10 11:17:00,370000,370100
920570,2023-11-20 00:00:00,640106,2025-10-10 11:17:00,640000,640100
920571,2022-12-14 00:00:00,421101,2025-10-10 11:17:00,420000,421100
920575,2023-03-17 00:00:00,370303,2026-08-20 14:06:00,370000,370300
920576,2023-07-10 00:00:00,240201,2025-10-10 11:17:00,240000,240200
920578,2023-04-27 00:00:00,640701,2025-10-10 11:17:00,640000,640700
920579,2023-12-20 00:00:00,640701,2025-10-10 11:17:00,640000,640700
920580,2022-05-13 00:00:00,610301,2025-10-10 11:17:00,610000,610300
920592,2023-07-10 00:00:00,710401,2025-10-10 11:17:00,710000,710400
920593,2023-04-07 00:00:00,640701,2025-10-10 11:17:00,640000,640700
920599,2021-07-30 00:00:00,640601,2025-10-10 11:17:00,640000,640600
920608,2022-12-14 00:00:00,640207,2025-10-10 11:17:00,640000,640200
920627,2023-09-20 00:00:00,630705,2025-10-10 11:17:00,630000,630700
920634,2022-11-23 00:00:00,240303,2025-10-10 11:17:00,240000,240300
920639,2022-07-17 00:00:00,630805,2025-10-10 11:17:00,630000,630800
920640,2021-07-30 00:00:00,730205,2025-10-10 11:17:00,730000,730200
920641,2022-12-06 00:00:00,330501,2025-10-10 11:17:00,330000,330500
920642,2021-08-16 00:00:00,650201,2025-10-10 11:17:00,650000,650200
920651,2023-07-10 00:00:00,640107,2025-10-10 11:17:00,640000,640100
920656,2024-02-29 00:00:00,370101,2025-10-10 11:17:00,370000,370100
920662,2022-11-23 00:00:00,640106,2025-10-10 11:17:00,640000,640100
920663,2023-03-17 00:00:00,280202,2025-10-10 11:17:00,280000,280200
920665,2023-10-30 00:00:00,220602,2025-10-10 11:17:00,220000,220600
920670,2021-07-30 00:00:00,370603,2025-10-10 11:17:00,370000,370600
920675,2021-07-30 00:00:00,220901,2025-10-10 11:17:00,220000,220900
920679,2023-11-20 00:00:00,640108,2025-10-10 11:17:00,640000,640100
920680,2021-11-15 00:00:00,710401,2025-10-10 11:17:00,710000,710400
920682,2021-07-30 00:00:00,630805,2025-10-10 11:17:00,630000,630800
920685,2022-09-30 00:00:00,640107,2025-10-10 11:17:00,640000,640100
920689,2022-03-21 00:00:00,640106,2025-10-10 11:17:00,640000,640100
920690,2024-01-17 00:00:00,280202,2025-10-10 11:17:00,280000,280200
920693,2023-10-30 00:00:00,640108,2025-10-10 11:17:00,640000,640100
920694,2023-04-27 00:00:00,220602,2025-10-10 11:17:00,220000,220600
920699,2023-05-09 00:00:00,330601,2025-10-10 11:17:00,330000,330600
920701,2023-07-10 00:00:00,270504,2025-10-10 11:17:00,270000,270500
920703,2023-12-20 00:00:00,640203,2025-10-10 11:17:00,640000,640200
920706,2024-03-12 00:00:00,640601,2025-10-10 11:17:00,640000,640600
920717,2023-07-10 00:00:00,640209,2025-10-10 11:17:00,640000,640200
920718,2022-12-27 00:00:00,330601,2025-10-10 11:17:00,330000,330600
920719,2023-05-30 00:00:00,220901,2025-10-10 11:17:00,220000,220900
920720,2021-11-24 00:00:00,640602,2025-10-10 11:17:00,640000,640600
920720,2023-04-10 00:00:00,640108,2025-10-10 11:17:00,640000,640100
920725,2022-07-17 00:00:00,640103,2025-10-10 11:17:00,640000,640100
920726,2021-07-30 00:00:00,340901,2025-10-10 11:17:00,340000,340900
920729,2020-07-27 00:00:00,110801,2025-10-10 11:17:00,110000,110800
920735,2021-02-19 00:00:00,370102,2025-10-10 11:17:00,370000,370100
920748,2023-08-16 00:00:00,710301,2025-10-10 11:17:00,710000,710300
920751,2023-07-10 00:00:00,240201,2025-10-10 11:17:00,240000,240200
920753,2022-10-26 00:00:00,460802,2025-10-10 11:17:00,460000,460800
920765,2021-07-30 00:00:00,360308,2025-10-10 11:17:00,360000,360300
920768,2021-07-30 00:00:00,330601,2025-10-10 11:17:00,330000,330600
920770,2023-02-24 00:00:00,630502,2025-10-10 11:17:00,630000,630500
920779,2023-05-30 00:00:00,630703,2025-10-10 11:17:00,630000,630700
920781,2022-12-27 00:00:00,640203,2025-10-10 11:17:00,640000,640200
920786,2023-10-30 00:00:00,340702,2025-10-10 11:17:00,340000,340700
920790,2022-08-29 00:00:00,710301,2025-10-10 11:17:00,710000,710300
920792,2023-04-07 00:00:00,610301,2025-10-10 11:17:00,610000,610300
920799,2021-07-30 00:00:00,710401,2025-10-10 11:17:00,710000,710400
920802,2023-02-13 00:00:00,760101,2025-10-10 11:17:00,760000,760100
920806,2024-01-17 00:00:00,710301,2025-10-10 11:17:00,710000,710300
920807,2022-12-27 00:00:00,640103,2025-10-10 11:17:00,640000,640100
920808,2022-11-23 00:00:00,710103,2025-10-10 11:17:00,710000,710100
920809,2023-04-07 00:00:00,630702,2025-10-10 11:17:00,630000,630700
920810,2022-12-14 00:00:00,640208,2025-10-10 11:17:00,640000,640200
920819,2021-07-30 00:00:00,220803,2025-10-10 11:17:00,220000,220800
920821,2022-06-22 00:00:00,270202,2025-10-10 11:17:00,270000,270200
920826,2021-07-30 00:00:00,340406,2025-10-10 11:17:00,340000,340400
920832,2021-07-30 00:00:00,220901,2025-10-10 11:17:00,220000,220900
920833,2023-11-20 00:00:00,640106,2025-10-10 11:17:00,640000,640100
920834,2022-08-29 00:00:00,220602,2025-10-10 11:17:00,220000,220600
920837,2023-04-27 00:00:00,280203,2025-10-10 11:17:00,280000,280200
920839,2021-07-30 00:00:00,640602,2025-10-10 11:17:00,640000,640600
920855,2022-12-27 00:00:00,640209,2025-10-10 11:17:00,640000,640200
920856,2021-07-30 00:00:00,640601,2025-10-10 11:17:00,640000,640600
920856,2023-04-10 00:00:00,640209,2025-10-10 11:17:00,640000,640200
920857,2022-02-11 00:00:00,270504,2025-10-10 11:17:00,270000,270500
920866,2022-12-06 00:00:00,220803,2025-10-10 11:17:00,220000,220800
920870,2022-06-22 00:00:00,640209,2025-10-10 11:17:00,640000,640200
920870,2023-04-10 00:00:00,640101,2025-10-10 11:17:00,640000,640100
920871,2022-07-17 00:00:00,280203,2025-10-10 11:17:00,280000,280200
920873,2021-11-15 00:00:00,620601,2025-10-10 11:17:00,620000,620600
920876,2022-11-23 00:00:00,270504,2025-10-10 11:17:00,270000,270500
920879,2022-12-27 00:00:00,640107,2025-10-10 11:17:00,640000,640100
920885,2021-07-30 00:00:00,640702,2025-10-10 11:17:00,640000,640700
920892,2021-10-28 00:00:00,620601,2025-10-10 11:17:00,620000,620600
920895,2023-04-07 00:00:00,640207,2025-10-10 11:17:00,640000,640200
920896,2023-04-27 00:00:00,280203,2025-10-10 11:17:00,280000,280200
920906,2023-02-24 00:00:00,280202,2025-10-10 11:17:00,280000,280200
920914,2022-11-23 00:00:00,630701,2025-10-10 11:17:00,630000,630700
920924,2021-11-03 00:00:00,730103,2025-10-10 11:17:00,730000,730100
920925,2021-10-25 00:00:00,370502,2025-10-10 11:17:00,370000,370500
920926,2023-08-16 00:00:00,330301,2025-10-10 11:17:00,330000,330300
920931,2024-04-11 00:00:00,640203,2025-10-10 11:17:00,640000,640200
920932,2021-11-15 00:00:00,640203,2025-10-10 11:17:00,640000,640200
920932,2023-09-08 00:00:00,710401,2025-10-10 11:17:00,710000,710400
920942,2022-12-06 00:00:00,640602,2025-10-10 11:17:00,640000,640600
920943,2022-06-22 00:00:00,640108,2025-10-10 11:17:00,640000,640100
920946,2020-07-27 00:00:00,370101,2025-10-10 11:17:00,370000,370100
920950,2022-01-09 00:00:00,640106,2025-10-10 11:17:00,640000,640100
920953,2023-08-16 00:00:00,710301,2025-10-10 11:17:00,710000,710300
920957,2022-12-14 00:00:00,220309,2025-10-10 11:17:00,220000,220300
920961,2021-07-30 00:00:00,730207,2025-10-10 11:17:00,730000,730200
920961,2023-04-10 00:00:00,640107,2025-10-10 11:17:00,640000,640100
920964,2021-07-30 00:00:00,110901,2025-10-10 11:17:00,110000,110900
920970,2022-05-13 00:00:00,110801,2025-10-10 11:17:00,110000,110800
920971,2022-09-30 00:00:00,220901,2025-10-10 11:17:00,220000,220900
920974,2023-02-24 00:00:00,220309,2025-10-10 11:17:00,220000,220300
920976,2023-09-20 00:00:00,710102,2025-10-10 11:17:00,710000,710100
920978,2023-10-30 00:00:00,280203,2025-10-10 11:17:00,280000,280200
920981,2021-11-15 00:00:00,270203,2025-10-10 11:17:00,270000,270200
920982,2023-07-17 00:00:00,770301,2025-10-10 11:17:00,770000,770300
920985,2022-08-29 00:00:00,630502,2025-10-10 11:17:00,630000,630500
920992,2022-10-26 00:00:00,370502,2025-10-10 11:17:00,370000,370500
